#
# A fatal error has been detected by the Java Runtime Environment:
#
#  EXCEPTION_ACCESS_VIOLATION (0xc0000005) at pc=0x00000000ffffffff, pid=11516, tid=7764
#
# JRE version: OpenJDK Runtime Environment Microsoft-14653896 (21.0.12+8) (build 21.0.12+8-LTS)
# Java VM: OpenJDK 64-Bit Server VM Microsoft-14653896 (21.0.12+8-LTS, mixed mode, sharing, tiered, compressed oops, compressed class ptrs, g1 gc, windows-amd64)
# Problematic frame:
# C  0x00000000ffffffff
#
# No core dump will be written. Minidumps are not enabled by default on client versions of Windows
#
# If you would like to submit a bug report, please visit:
#   https://github.com/microsoft/openjdk/issues
#

---------------  S U M M A R Y ------------

Command Line: -XX:MaxMetaspaceSize=512m --add-opens=java.base/java.util=ALL-UNNAMED --add-opens=java.base/java.lang=ALL-UNNAMED --add-opens=java.base/java.lang.invoke=ALL-UNNAMED --add-opens=java.prefs/java.util.prefs=ALL-UNNAMED --add-opens=java.base/java.nio.charset=ALL-UNNAMED --add-opens=java.base/java.net=ALL-UNNAMED --add-opens=java.base/java.util.concurrent.atomic=ALL-UNNAMED -Xmx1024m -Dfile.encoding=UTF-8 -Duser.country=IN -Duser.language=en -Duser.variant -javaagent:C:\Users\Admin\.gradle\wrapper\dists\gradle-8.7-bin\bhs2wmbdwecv87pi65oeuq5iu\gradle-8.7\lib\agents\gradle-instrumentation-agent-8.7.jar org.gradle.launcher.daemon.bootstrap.GradleDaemon 8.7

Host: Intel(R) Core(TM) i7-8565U CPU @ 1.80GHz, 8 cores, 23G,  Windows 11 , 64 bit Build 26100 (10.0.26100.9444)
Time: Mon Sep 28 13:15:38 2026 India Standard Time elapsed time: 373.282373 seconds (0d 0h 6m 13s)

---------------  T H R E A D  ---------------

Current thread (0x000001bfc2129330):  WorkerThread "G1 Conc#1"      [id=7764, stack(0x000000bcba700000,0x000000bcba800000) (1024K)]

Stack: [0x000000bcba700000,0x000000bcba800000],  sp=0x000000bcba7ff478,  free space=1021k
Native frames: (J=compiled Java code, j=interpreted, Vv=VM code, C=native code)
C  0x00000000ffffffff  (no source info available)


siginfo: EXCEPTION_ACCESS_VIOLATION (0xc0000005), data execution prevention violation at address 0x00000000ffffffff


Registers:
RAX=0x0000000000000003, RBX=0x0000000000000003, RCX=0x000000bcba7ff590, RDX=0x00000000d184eb30
RSP=0x000000bcba7ff478, RBP=0x000000bcba7ff590, RSI=0x00000000d184eb30, RDI=0x000001bfa228cb08
R8 =0x000001bfa228cb08, R9 =0x00000000ffffffff, R10=0x000001bfa1000000, R11=0x0000000000000003
R12=0x0000000000000000, R13=0xaaaaaaaaaaaaaaab, R14=0x0000000000000000, R15=0x000000bcba7ff570
RIP=0x00000000ffffffff, EFLAGS=0x0000000000010206

XMM[0]=0x0000000000000000 0x0000000000000000
XMM[1]=0x0000000000000000 0x0000000000000000
XMM[2]=0x0000000000000000 0x0000000000000000
XMM[3]=0x0000000000000000 0x0000000000000000
XMM[4]=0x0000000000000000 0x0000000000000000
XMM[5]=0x0000000000000000 0x0000000000000000
XMM[6]=0x0000000000000000 0x3ff8d0158a14cbe0
XMM[7]=0x0000000000000000 0x408f400000000000
XMM[8]=0x0000000000000000 0x0000000000000000
XMM[9]=0x0000000000000000 0x0000000000000000
XMM[10]=0x0000000000000000 0x0000000000000000
XMM[11]=0x0000000000000000 0x0000000000000000
XMM[12]=0x0000000000000000 0x0000000000000000
XMM[13]=0x0000000000000000 0x0000000000000000
XMM[14]=0x0000000000000000 0x0000000000000000
XMM[15]=0x0000000000000000 0x0000000000000000
  MXCSR=0x00001fa0


Register to memory mapping:

RAX=0x0000000000000003 is an unknown value
RBX=0x0000000000000003 is an unknown value
RCX=0x000000bcba7ff590 points into unknown readable memory: 0x00007ffc92850e68 | 68 0e 85 92 fc 7f 00 00
RDX=0x00000000d184eb30 points into unknown readable memory: 0x0000000000000009 | 09 00 00 00 00 00 00 00
RSP=0x000000bcba7ff478 points into unknown readable memory: 0x00007ffc92138855 | 55 88 13 92 fc 7f 00 00
RBP=0x000000bcba7ff590 points into unknown readable memory: 0x00007ffc92850e68 | 68 0e 85 92 fc 7f 00 00
RSI=0x00000000d184eb30 points into unknown readable memory: 0x0000000000000009 | 09 00 00 00 00 00 00 00
RDI=0x000001bfa228cb08 is pointing into metadata
R8 =0x000001bfa228cb08 is pointing into metadata
R9 =0x00000000ffffffff is pointing into object: [Ljdk.internal.vm.FillerElement; 
{0x00000000ffff7550} - klass: {type array int}
 - length: 8872
R10=0x000001bfa1000000 is pointing into metadata
R11=0x0000000000000003 is an unknown value
R12=0x0 is null
R13=0xaaaaaaaaaaaaaaab is an unknown value
R14=0x0 is null
R15=0x000000bcba7ff570 points into unknown readable memory: 0x000001bf856c8ed0 | d0 8e 6c 85 bf 01 00 00

Top of Stack: (sp=0x000000bcba7ff478)
0x000000bcba7ff478:   00007ffc92138855 000001bfa228c000   U.........(.....
0x000000bcba7ff488:   0000000000000003 000000bcba7ff590   ................
0x000000bcba7ff498:   0000000000000000 000001bf856d6e10   .........nm.....
0x000000bcba7ff4a8:   00007ffc921566e5 00000000d184eb30   .f......0.......
0x000000bcba7ff4b8:   0000000000000000 0000000000000040   ........@.......
0x000000bcba7ff4c8:   00007ffc924ec17c 00000000d2aaf870   |.N.....p.......
0x000000bcba7ff4d8:   00007ffc9215522c 00000000d184eb30   ,R......0.......
0x000000bcba7ff4e8:   0000000002555f0e 000001bf856c8ee0   ._U.......l.....
0x000000bcba7ff4f8:   000000bcba7ff570 0000000002560000   p.........V.....
0x000000bcba7ff508:   00007ffc92156eac 00000000d2aaf848   .n......H.......
0x000000bcba7ff518:   0000000002555f0e 0000000004ef9e54   ._U.....T.......
0x000000bcba7ff528:   00000000001312d0 0000000000000001   ................
0x000000bcba7ff538:   0000000000000000 000001bf856d6e10   .........nm.....
0x000000bcba7ff548:   00007ffc92155ae7 000001bf856d6ea8   .Z.......nm.....
0x000000bcba7ff558:   000001bfc24c0f01 000001bf856d6ea8   ..L......nm.....
0x000000bcba7ff568:   000001bf856d6ea8 000001bf856c8ed0   .nm.......l.....
0x000000bcba7ff578:   000001bf856d6e10 00000000d2a00000   .nm.............
0x000000bcba7ff588:   0000000000020000 00007ffc92850e68   ........h.......
0x000000bcba7ff598:   000001bfa0e9ab50 00007ffc00000003   P...............
0x000000bcba7ff5a8:   000001bf856a17e0 000001bf856d6e10   ..j......nm.....
0x000000bcba7ff5b8:   00007ffc924ec17c c215b08487df5f3b   |.N.....;_......
0x000000bcba7ff5c8:   0000000000000000 0000000000000000   ................
0x000000bcba7ff5d8:   0000000000000000 000001bfbc4fca70   ........p.O.....
0x000000bcba7ff5e8:   000000bcb80ff3f0 000001bfbc4fca80   ..........O.....
0x000000bcba7ff5f8:   0000000000000001 000001bf856d6ee0   .........nm.....
0x000000bcba7ff608:   00007ffc921593b6 00000273950f00e3   ............s...
0x000000bcba7ff618:   000001bfc24c0fd0 000001bf856d6e10   ..L......nm.....
0x000000bcba7ff628:   0000000000000001 0000000000000000   ................
0x000000bcba7ff638:   0000000000000000 0000000000000000   ................
0x000000bcba7ff648:   000001bfc33c0830 0000000000000000   0.<.............
0x000000bcba7ff658:   0000000000000000 0000000000000001   ................
0x000000bcba7ff668:   000001bfc33c0870 000001bfc2129330   p.<.....0.......

Instructions: (pc=0x00000000ffffffff)
0x00000000fffffeff:   00 00 00 00 00 00 00 00 00 00 00 00 00 00 00 00
0x00000000ffffff0f:   00 00 00 00 00 00 00 00 00 00 00 00 00 00 00 00
0x00000000ffffff1f:   00 00 00 00 00 00 00 00 00 00 00 00 00 00 00 00
0x00000000ffffff2f:   00 00 00 00 00 00 00 00 00 00 00 00 00 00 00 00
0x00000000ffffff3f:   00 00 00 00 00 00 00 00 00 00 00 00 00 00 00 00
0x00000000ffffff4f:   00 00 00 00 00 00 00 00 00 00 00 00 00 00 00 00
0x00000000ffffff5f:   00 00 00 00 00 00 00 00 00 00 00 00 00 00 00 00
0x00000000ffffff6f:   00 00 00 00 00 00 00 00 00 00 00 00 00 00 00 00
0x00000000ffffff7f:   00 00 00 00 00 00 00 00 00 00 00 00 00 00 00 00
0x00000000ffffff8f:   00 00 00 00 00 00 00 00 00 00 00 00 00 00 00 00
0x00000000ffffff9f:   00 00 00 00 00 00 00 00 00 00 00 00 00 00 00 00
0x00000000ffffffaf:   00 00 00 00 00 00 00 00 00 00 00 00 00 00 00 00
0x00000000ffffffbf:   00 00 00 00 00 00 00 00 00 00 00 00 00 00 00 00
0x00000000ffffffcf:   00 00 00 00 00 00 00 00 00 00 00 00 00 00 00 00
0x00000000ffffffdf:   00 00 00 00 00 00 00 00 00 00 00 00 00 00 00 00
0x00000000ffffffef:   00 00 00 00 00 00 00 00 00 00 00 00 00 00 00 00
0x00000000ffffffff:   00 ?? ?? ?? ?? ?? ?? ?? ?? ?? ?? ?? ?? ?? ?? ??
0x000000010000000f:   ?? ?? ?? ?? ?? ?? ?? ?? ?? ?? ?? ?? ?? ?? ?? ??
0x000000010000001f:   ?? ?? ?? ?? ?? ?? ?? ?? ?? ?? ?? ?? ?? ?? ?? ??
0x000000010000002f:   ?? ?? ?? ?? ?? ?? ?? ?? ?? ?? ?? ?? ?? ?? ?? ??
0x000000010000003f:   ?? ?? ?? ?? ?? ?? ?? ?? ?? ?? ?? ?? ?? ?? ?? ??
0x000000010000004f:   ?? ?? ?? ?? ?? ?? ?? ?? ?? ?? ?? ?? ?? ?? ?? ??
0x000000010000005f:   ?? ?? ?? ?? ?? ?? ?? ?? ?? ?? ?? ?? ?? ?? ?? ??
0x000000010000006f:   ?? ?? ?? ?? ?? ?? ?? ?? ?? ?? ?? ?? ?? ?? ?? ??
0x000000010000007f:   ?? ?? ?? ?? ?? ?? ?? ?? ?? ?? ?? ?? ?? ?? ?? ??
0x000000010000008f:   ?? ?? ?? ?? ?? ?? ?? ?? ?? ?? ?? ?? ?? ?? ?? ??
0x000000010000009f:   ?? ?? ?? ?? ?? ?? ?? ?? ?? ?? ?? ?? ?? ?? ?? ??
0x00000001000000af:   ?? ?? ?? ?? ?? ?? ?? ?? ?? ?? ?? ?? ?? ?? ?? ??
0x00000001000000bf:   ?? ?? ?? ?? ?? ?? ?? ?? ?? ?? ?? ?? ?? ?? ?? ??
0x00000001000000cf:   ?? ?? ?? ?? ?? ?? ?? ?? ?? ?? ?? ?? ?? ?? ?? ??
0x00000001000000df:   ?? ?? ?? ?? ?? ?? ?? ?? ?? ?? ?? ?? ?? ?? ?? ??
0x00000001000000ef:   ?? ?? ?? ?? ?? ?? ?? ?? ?? ?? ?? ?? ?? ?? ?? ??


Stack slot to memory mapping:

stack at sp + 0 slots: 0x00007ffc92138855 jvm.dll
stack at sp + 1 slots: 0x000001bfa228c000 is pointing into metadata
stack at sp + 2 slots: 0x0000000000000003 is an unknown value
stack at sp + 3 slots: 0x000000bcba7ff590 points into unknown readable memory: 0x00007ffc92850e68 | 68 0e 85 92 fc 7f 00 00
stack at sp + 4 slots: 0x0 is null
stack at sp + 5 slots: 0x000001bf856d6e10 points into unknown readable memory: 0x00007ffc92850e48 | 48 0e 85 92 fc 7f 00 00
stack at sp + 6 slots: 0x00007ffc921566e5 jvm.dll
stack at sp + 7 slots: 0x00000000d184eb30 points into unknown readable memory: 0x0000000000000009 | 09 00 00 00 00 00 00 00


---------------  P R O C E S S  ---------------

Threads class SMR info:
_java_thread_list=0x000001bf8574b190, length=167, elements={
0x000001bf8568f210, 0x000001bfa0f6e540, 0x000001bfbc08a580, 0x000001bfbc094da0,
0x000001bfbc098070, 0x000001bfbc099840, 0x000001bfbc09bfa0, 0x000001bfbc0a46e0,
0x000001bfbc0abca0, 0x000001bfbc099ed0, 0x000001bfbc09b910, 0x000001bfbc09abf0,
0x000001bfbc09b280, 0x000001bfbc0991b0, 0x000001bfc24f6150, 0x000001bfc24f6e70,
0x000001bfc27c1430, 0x000001bfc27c2e70, 0x000001bfc27c4f40, 0x000001bfc27c55d0,
0x000001bfc27c5c60, 0x000001bfc27c27e0, 0x000001bfc27c83c0, 0x000001bfc27c7010,
0x000001bfc27c7d30, 0x000001bfc38d24a0, 0x000001bfc38d03d0, 0x000001bfc38d0a60,
0x000001bfd03a4b80, 0x000001bfd6f5efa0, 0x000001bfd6f5fcc0, 0x000001bfd6f5e910,
0x000001bfd6f60350, 0x000001bfd6f5e280, 0x000001bfcef92990, 0x000001bfd02703e0,
0x000001bfc34314f0, 0x000001bfd026dc80, 0x000001bfd7357ec0, 0x000001bfde1fa150,
0x000001bfd725fc60, 0x000001bfd7356b10, 0x000001bfc342e070, 0x000001bfc3430140,
0x000001bfd6f88bb0, 0x000001bfd6f86ae0, 0x000001bfd77d0b20, 0x000001bfd77d2bf0,
0x000001bfc34307d0, 0x000001bfd72616a0, 0x000001bfd725f5d0, 0x000001bfc3430e60,
0x000001bfd69c5b70, 0x000001bfd69c4e50, 0x000001bfd69c4130, 0x000001bfd69c47c0,
0x000001bfd69c6200, 0x000001bfd69c6890, 0x000001bfd69c6f20, 0x000001bfd57daf30,
0x000001bfd7260980, 0x000001bfd57d9b80, 0x000001bfd57d7ab0, 0x000001bfd57d8140,
0x000001bfd57da210, 0x000001bfd57da8a0, 0x000001bfd57d7420, 0x000001bfd6f898d0,
0x000001bfd6f87800, 0x000001bfd6f87e90, 0x000001bfd77d11b0, 0x000001bfd77d2560,
0x000001bfd77d1840, 0x000001bfd77cf770, 0x000001bfd77d1ed0, 0x000001bfdc949fe0,
0x000001bfdc94b390, 0x000001bfd57dbc50, 0x000001bfd57d94f0, 0x000001bfd57d87d0,
0x000001bfd57d8e60, 0x000001bfd57dd000, 0x000001bfd57dd690, 0x000001bfd57ddd20,
0x000001bfd7357830, 0x000001bfd57dea40, 0x000001bfd57dc970, 0x000001bfdd254d90,
0x000001bfdc9f3ff0, 0x000001bfd725ef40, 0x000001bfc4bbe2b0, 0x000001bfc4bbdc20,
0x000001bfdc5e23f0, 0x000001bfdc5e3110, 0x000001bfdc5e37a0, 0x000001bfd6f8b310,
0x000001bfd50c2ac0, 0x000001bfc342f420, 0x000001bfd75641a0, 0x000001bfdc5e16d0,
0x000001bfdd2574f0, 0x000001bfdd255420, 0x000001bfdce27520, 0x000001bfdce27bb0,
0x000001bfd6f8b9a0, 0x000001bfd69c75b0, 0x000001bfd5a81d50, 0x000001bfd6f8c030,
0x000001bfd73a3e90, 0x000001bfd73a3800, 0x000001bfc342fab0, 0x000001bfdd54f610,
0x000001bfdd254700, 0x000001bfdd255ab0, 0x000001bfdc4f3ce0, 0x000001bfdce28240,
0x000001bfdce26e90, 0x000001bfdda46d30, 0x000001bfdda466a0, 0x000001bfdda473c0,
0x000001bfdda43f40, 0x000001bfdda44c60, 0x000001bfdcd01a80, 0x000001bfdcd027a0,
0x000001bfdcd00d60, 0x000001bfdcd013f0, 0x000001bfdcd00040, 0x000001bfdcd02110,
0x000001bfdcd02e30, 0x000001bfd6f88520, 0x000001bfd6f85dc0, 0x000001bfd6f8a5f0,
0x000001bfd6f8c6c0, 0x000001bfd6f8cd50, 0x000001bfd6f8d3e0, 0x000001bfd6f8da70,
0x000001bfd702ca80, 0x000001bfd5a7fc80, 0x000001bfd5a7ef60, 0x000001bfd5a80310,
0x000001bfd5a809a0, 0x000001bfd5a81030, 0x000001bfd5a816c0, 0x000001bfd5a7f5f0,
0x000001bfdccff9b0, 0x000001bfde7afaf0, 0x000001bfde7b0180, 0x000001bfde7b28e0,
0x000001bfde7b2250, 0x000001bfde7b2f70, 0x000001bfde7b0810, 0x000001bfde1f8080,
0x000001bfde1f8da0, 0x000001bfde1f9430, 0x000001bfde1fa7e0, 0x000001bfde1f8710,
0x000001bfde1fae70, 0x000001bfde1f9ac0, 0x000001bfdd2567d0, 0x000001bfc38532f0,
0x000001bfc3853980, 0x000001bfd57de3b0, 0x000001bfd57dc2e0, 0x000001bfd523bd10,
0x000001bfd523c3a0, 0x000001bfdc697f20, 0x000001bfdc6948a0
}

Java Threads: ( => current thread )
  0x000001bf8568f210 JavaThread "main"                              [_thread_blocked, id=16412, stack(0x000000bcb7e00000,0x000000bcb7f00000) (1024K)]
  0x000001bfa0f6e540 JavaThread "Reference Handler"          daemon [_thread_blocked, id=1808, stack(0x000000bcb8600000,0x000000bcb8700000) (1024K)]
  0x000001bfbc08a580 JavaThread "Finalizer"                  daemon [_thread_blocked, id=16148, stack(0x000000bcb8700000,0x000000bcb8800000) (1024K)]
  0x000001bfbc094da0 JavaThread "Signal Dispatcher"          daemon [_thread_blocked, id=17264, stack(0x000000bcb8800000,0x000000bcb8900000) (1024K)]
  0x000001bfbc098070 JavaThread "Attach Listener"            daemon [_thread_blocked, id=11012, stack(0x000000bcb8900000,0x000000bcb8a00000) (1024K)]
  0x000001bfbc099840 JavaThread "Service Thread"             daemon [_thread_blocked, id=14452, stack(0x000000bcb8a00000,0x000000bcb8b00000) (1024K)]
  0x000001bfbc09bfa0 JavaThread "Monitor Deflation Thread"   daemon [_thread_blocked, id=20448, stack(0x000000bcb8b00000,0x000000bcb8c00000) (1024K)]
  0x000001bfbc0a46e0 JavaThread "C2 CompilerThread0"         daemon [_thread_in_native, id=10632, stack(0x000000bcb8c00000,0x000000bcb8d00000) (1024K)]
  0x000001bfbc0abca0 JavaThread "C1 CompilerThread0"         daemon [_thread_blocked, id=12192, stack(0x000000bcb8d00000,0x000000bcb8e00000) (1024K)]
  0x000001bfbc099ed0 JavaThread "Common-Cleaner"             daemon [_thread_blocked, id=8556, stack(0x000000bcb8e00000,0x000000bcb8f00000) (1024K)]
  0x000001bfbc09b910 JavaThread "Notification Thread"        daemon [_thread_blocked, id=14804, stack(0x000000bcb8f00000,0x000000bcb9000000) (1024K)]
  0x000001bfbc09abf0 JavaThread "Daemon health stats"               [_thread_blocked, id=12760, stack(0x000000bcb9100000,0x000000bcb9200000) (1024K)]
  0x000001bfbc09b280 JavaThread "Incoming local TCP Connector on port 58464"        [_thread_in_native, id=5604, stack(0x000000bcb9900000,0x000000bcb9a00000) (1024K)]
  0x000001bfbc0991b0 JavaThread "Daemon periodic checks"            [_thread_blocked, id=11736, stack(0x000000bcb9a00000,0x000000bcb9b00000) (1024K)]
  0x000001bfc24f6150 JavaThread "Cache worker for journal cache (C:\Users\Admin\.gradle\caches\journal-1)"        [_thread_blocked, id=13020, stack(0x000000bcba200000,0x000000bcba300000) (1024K)]
  0x000001bfc24f6e70 JavaThread "File lock request listener"        [_thread_in_native, id=18344, stack(0x000000bcba300000,0x000000bcba400000) (1024K)]
  0x000001bfc27c1430 JavaThread "Cache worker for file hash cache (C:\Users\Admin\.gradle\caches\8.7\fileHashes)"        [_thread_blocked, id=8396, stack(0x000000bcba400000,0x000000bcba500000) (1024K)]
  0x000001bfc27c2e70 JavaThread "File watcher server"        daemon [_thread_in_native, id=13836, stack(0x000000bcba800000,0x000000bcba900000) (1024K)]
  0x000001bfc27c4f40 JavaThread "File watcher consumer"      daemon [_thread_blocked, id=8700, stack(0x000000bcba900000,0x000000bcbaa00000) (1024K)]
  0x000001bfc27c55d0 JavaThread "Cache worker for file content cache (C:\Users\Admin\.gradle\caches\8.7\fileContent)"        [_thread_blocked, id=13232, stack(0x000000bcbad00000,0x000000bcbae00000) (1024K)]
  0x000001bfc27c5c60 JavaThread "jar transforms"                    [_thread_blocked, id=7344, stack(0x000000bcbae00000,0x000000bcbaf00000) (1024K)]
  0x000001bfc27c27e0 JavaThread "jar transforms Thread 2"           [_thread_blocked, id=848, stack(0x000000bcbaf00000,0x000000bcbb000000) (1024K)]
  0x000001bfc27c83c0 JavaThread "jar transforms Thread 3"           [_thread_blocked, id=16020, stack(0x000000bcbb000000,0x000000bcbb100000) (1024K)]
  0x000001bfc27c7010 JavaThread "jar transforms Thread 4"           [_thread_blocked, id=3276, stack(0x000000bcbb100000,0x000000bcbb200000) (1024K)]
  0x000001bfc27c7d30 JavaThread "jar transforms Thread 5"           [_thread_blocked, id=17548, stack(0x000000bcbb200000,0x000000bcbb300000) (1024K)]
  0x000001bfc38d24a0 JavaThread "jar transforms Thread 6"           [_thread_blocked, id=4000, stack(0x000000bcbba00000,0x000000bcbbb00000) (1024K)]
  0x000001bfc38d03d0 JavaThread "jar transforms Thread 7"           [_thread_blocked, id=17988, stack(0x000000bcbbb00000,0x000000bcbbc00000) (1024K)]
  0x000001bfc38d0a60 JavaThread "jar transforms Thread 8"           [_thread_blocked, id=7924, stack(0x000000bcbbc00000,0x000000bcbbd00000) (1024K)]
  0x000001bfd03a4b80 JavaThread "Memory manager"                    [_thread_blocked, id=18256, stack(0x000000bcb9000000,0x000000bcb9100000) (1024K)]
  0x000001bfd6f5efa0 JavaThread "RMI Scheduler(0)"           daemon [_thread_blocked, id=12612, stack(0x000000bcc1400000,0x000000bcc1500000) (1024K)]
  0x000001bfd6f5fcc0 JavaThread "RMI GC Daemon"              daemon [_thread_blocked, id=12196, stack(0x000000bcc1600000,0x000000bcc1700000) (1024K)]
  0x000001bfd6f5e910 JavaThread "RMI TCP Accept-0"           daemon [_thread_in_native, id=7452, stack(0x000000bcc1700000,0x000000bcc1800000) (1024K)]
  0x000001bfd6f60350 JavaThread "RMI Reaper"                        [_thread_blocked, id=16896, stack(0x000000bcc1800000,0x000000bcc1900000) (1024K)]
  0x000001bfd6f5e280 JavaThread "Cache worker for Java compile cache (C:\Users\Admin\.gradle\caches\8.7\javaCompile)"        [_thread_blocked, id=15544, stack(0x000000bcc1500000,0x000000bcc1600000) (1024K)]
  0x000001bfcef92990 JavaThread "ForkJoinPool.commonPool-worker-2" daemon [_thread_blocked, id=17968, stack(0x000000bcc2900000,0x000000bcc2a00000) (1024K)]
  0x000001bfd02703e0 JavaThread "ForkJoinPool.commonPool-worker-6" daemon [_thread_blocked, id=20392, stack(0x000000bcc2d00000,0x000000bcc2e00000) (1024K)]
  0x000001bfc34314f0 JavaThread "Daemon Thread 2"                   [_thread_blocked, id=9844, stack(0x000000bcb7c00000,0x000000bcb7d00000) (1024K)]
  0x000001bfd026dc80 JavaThread "Daemon worker Thread 2"            [_thread_blocked, id=3172, stack(0x000000bcb9c00000,0x000000bcb9d00000) (1024K)]
  0x000001bfd7357ec0 JavaThread "VFS cleanup Thread 2"              [_thread_blocked, id=2448, stack(0x000000bcb9d00000,0x000000bcb9e00000) (1024K)]
  0x000001bfde1fa150 JavaThread "Daemon Thread 3"                   [_thread_blocked, id=20312, stack(0x000000bcb9b00000,0x000000bcb9c00000) (1024K)]
  0x000001bfd725fc60 JavaThread "included builds"                   [_thread_blocked, id=628, stack(0x000000bcbc100000,0x000000bcbc200000) (1024K)]
  0x000001bfd7356b10 JavaThread "RMI TCP Connection(idle)"   daemon [_thread_blocked, id=18244, stack(0x000000bcb7d00000,0x000000bcb7e00000) (1024K)]
  0x000001bfc342e070 JavaThread "Handler for socket connection from /127.0.0.1:58464 to /127.0.0.1:50341"        [_thread_in_native, id=16752, stack(0x000000bcb9e00000,0x000000bcb9f00000) (1024K)]
  0x000001bfc3430140 JavaThread "Cancel handler"                    [_thread_blocked, id=11688, stack(0x000000bcb9f00000,0x000000bcba000000) (1024K)]
  0x000001bfd6f88bb0 JavaThread "Asynchronous log dispatcher for DefaultDaemonConnection: socket connection from /127.0.0.1:58464 to /127.0.0.1:50341"        [_thread_blocked, id=3452, stack(0x000000bcba000000,0x000000bcba100000) (1024K)]
  0x000001bfd6f86ae0 JavaThread "Stdin handler"                     [_thread_blocked, id=17992, stack(0x000000bcba100000,0x000000bcba200000) (1024K)]
  0x000001bfd77d0b20 JavaThread "Daemon client event forwarder"        [_thread_blocked, id=18608, stack(0x000000bcba500000,0x000000bcba600000) (1024K)]
  0x000001bfd77d2bf0 JavaThread "Cache worker for file hash cache (E:\GIT\AOPAY-FinanceAndroidApplication\.gradle\8.7\fileHashes)"        [_thread_blocked, id=7716, stack(0x000000bcba600000,0x000000bcba700000) (1024K)]
  0x000001bfc34307d0 JavaThread "Cache worker for checksums cache (E:\GIT\AOPAY-FinanceAndroidApplication\.gradle\8.7\checksums)"        [_thread_blocked, id=8104, stack(0x000000bcbaa00000,0x000000bcbab00000) (1024K)]
  0x000001bfd72616a0 JavaThread "Cache worker for cache directory md-supplier (C:\Users\Admin\.gradle\caches\8.7\md-supplier)"        [_thread_blocked, id=4276, stack(0x000000bcbab00000,0x000000bcbac00000) (1024K)]
  0x000001bfd725f5d0 JavaThread "Cache worker for cache directory md-rule (C:\Users\Admin\.gradle\caches\8.7\md-rule)"        [_thread_blocked, id=12316, stack(0x000000bcbac00000,0x000000bcbad00000) (1024K)]
  0x000001bfc3430e60 JavaThread "Cache worker for Build Output Cleanup Cache (E:\GIT\AOPAY-FinanceAndroidApplication\.gradle\buildOutputCleanup)"        [_thread_blocked, id=6964, stack(0x000000bcbb500000,0x000000bcbb600000) (1024K)]
  0x000001bfd69c5b70 JavaThread "Unconstrained build operations"        [_thread_blocked, id=18260, stack(0x000000bcbb600000,0x000000bcbb700000) (1024K)]
  0x000001bfd69c4e50 JavaThread "Unconstrained build operations Thread 2"        [_thread_blocked, id=17484, stack(0x000000bcbb700000,0x000000bcbb800000) (1024K)]
  0x000001bfd69c4130 JavaThread "Unconstrained build operations Thread 3"        [_thread_blocked, id=10440, stack(0x000000bcbb800000,0x000000bcbb900000) (1024K)]
  0x000001bfd69c47c0 JavaThread "Unconstrained build operations Thread 4"        [_thread_blocked, id=18640, stack(0x000000bcbb900000,0x000000bcbba00000) (1024K)]
  0x000001bfd69c6200 JavaThread "Unconstrained build operations Thread 5"        [_thread_blocked, id=19372, stack(0x000000bcbbd00000,0x000000bcbbe00000) (1024K)]
  0x000001bfd69c6890 JavaThread "Unconstrained build operations Thread 6"        [_thread_blocked, id=12172, stack(0x000000bcbbe00000,0x000000bcbbf00000) (1024K)]
  0x000001bfd69c6f20 JavaThread "Unconstrained build operations Thread 7"        [_thread_blocked, id=3192, stack(0x000000bcbc000000,0x000000bcbc100000) (1024K)]
  0x000001bfd57daf30 JavaThread "build event listener"              [_thread_blocked, id=13404, stack(0x000000bcbc200000,0x000000bcbc300000) (1024K)]
  0x000001bfd7260980 JavaThread "build event listener"              [_thread_blocked, id=10228, stack(0x000000bcbc300000,0x000000bcbc400000) (1024K)]
  0x000001bfd57d9b80 JavaThread "included builds"                   [_thread_blocked, id=19516, stack(0x000000bcbc400000,0x000000bcbc500000) (1024K)]
  0x000001bfd57d7ab0 JavaThread "Execution worker"                  [_thread_blocked, id=9876, stack(0x000000bcbc500000,0x000000bcbc600000) (1024K)]
  0x000001bfd57d8140 JavaThread "Execution worker Thread 2"         [_thread_in_Java, id=3924, stack(0x000000bcbc600000,0x000000bcbc700000) (1024K)]
  0x000001bfd57da210 JavaThread "Execution worker Thread 3"         [_thread_blocked, id=15572, stack(0x000000bcbc700000,0x000000bcbc800000) (1024K)]
  0x000001bfd57da8a0 JavaThread "Execution worker Thread 4"         [_thread_blocked, id=9560, stack(0x000000bcbc800000,0x000000bcbc900000) (1024K)]
  0x000001bfd57d7420 JavaThread "Cache worker for execution history cache (E:\GIT\AOPAY-FinanceAndroidApplication\.gradle\8.7\executionHistory)"        [_thread_blocked, id=17856, stack(0x000000bcbc900000,0x000000bcbca00000) (1024K)]
  0x000001bfd6f898d0 JavaThread "Execution worker Thread 5"         [_thread_blocked, id=14836, stack(0x000000bcbca00000,0x000000bcbcb00000) (1024K)]
  0x000001bfd6f87800 JavaThread "Execution worker Thread 6"         [_thread_in_Java, id=14492, stack(0x000000bcbcb00000,0x000000bcbcc00000) (1024K)]
  0x000001bfd6f87e90 JavaThread "Execution worker Thread 7"         [_thread_blocked, id=12392, stack(0x000000bcbcc00000,0x000000bcbcd00000) (1024K)]
  0x000001bfd77d11b0 JavaThread "Unconstrained build operations Thread 8"        [_thread_blocked, id=3808, stack(0x000000bcbcd00000,0x000000bcbce00000) (1024K)]
  0x000001bfd77d2560 JavaThread "Unconstrained build operations Thread 9"        [_thread_blocked, id=17356, stack(0x000000bcbce00000,0x000000bcbcf00000) (1024K)]
  0x000001bfd77d1840 JavaThread "Unconstrained build operations Thread 10"        [_thread_blocked, id=784, stack(0x000000bcbcf00000,0x000000bcbd000000) (1024K)]
  0x000001bfd77cf770 JavaThread "Unconstrained build operations Thread 11"        [_thread_blocked, id=3188, stack(0x000000bcbd000000,0x000000bcbd100000) (1024K)]
  0x000001bfd77d1ed0 JavaThread "Unconstrained build operations Thread 12"        [_thread_blocked, id=19220, stack(0x000000bcbd100000,0x000000bcbd200000) (1024K)]
  0x000001bfdc949fe0 JavaThread "Unconstrained build operations Thread 13"        [_thread_blocked, id=18120, stack(0x000000bcbd200000,0x000000bcbd300000) (1024K)]
  0x000001bfdc94b390 JavaThread "Unconstrained build operations Thread 14"        [_thread_blocked, id=18764, stack(0x000000bcbd300000,0x000000bcbd400000) (1024K)]
  0x000001bfd57dbc50 JavaThread "Unconstrained build operations Thread 15"        [_thread_blocked, id=14972, stack(0x000000bcbd400000,0x000000bcbd500000) (1024K)]
  0x000001bfd57d94f0 JavaThread "Unconstrained build operations Thread 16"        [_thread_blocked, id=9980, stack(0x000000bcbd500000,0x000000bcbd600000) (1024K)]
  0x000001bfd57d87d0 JavaThread "Unconstrained build operations Thread 17"        [_thread_blocked, id=9728, stack(0x000000bcbd600000,0x000000bcbd700000) (1024K)]
  0x000001bfd57d8e60 JavaThread "Unconstrained build operations Thread 18"        [_thread_blocked, id=3400, stack(0x000000bcbd700000,0x000000bcbd800000) (1024K)]
  0x000001bfd57dd000 JavaThread "Unconstrained build operations Thread 19"        [_thread_blocked, id=2116, stack(0x000000bcbd800000,0x000000bcbd900000) (1024K)]
  0x000001bfd57dd690 JavaThread "Unconstrained build operations Thread 20"        [_thread_blocked, id=17884, stack(0x000000bcbd900000,0x000000bcbda00000) (1024K)]
  0x000001bfd57ddd20 JavaThread "Unconstrained build operations Thread 21"        [_thread_blocked, id=17716, stack(0x000000bcbda00000,0x000000bcbdb00000) (1024K)]
  0x000001bfd7357830 JavaThread "WorkerExecutor Queue"              [_thread_blocked, id=18320, stack(0x000000bcbdb00000,0x000000bcbdc00000) (1024K)]
  0x000001bfd57dea40 JavaThread "Unconstrained build operations Thread 22"        [_thread_blocked, id=13348, stack(0x000000bcbdc00000,0x000000bcbdd00000) (1024K)]
  0x000001bfd57dc970 JavaThread "Unconstrained build operations Thread 23"        [_thread_blocked, id=16928, stack(0x000000bcbdd00000,0x000000bcbde00000) (1024K)]
  0x000001bfdd254d90 JavaThread "Unconstrained build operations Thread 24"        [_thread_blocked, id=1836, stack(0x000000bcbde00000,0x000000bcbdf00000) (1024K)]
  0x000001bfdc9f3ff0 JavaThread "Unconstrained build operations Thread 25"        [_thread_blocked, id=8168, stack(0x000000bcbdf00000,0x000000bcbe000000) (1024K)]
  0x000001bfd725ef40 JavaThread "Unconstrained build operations Thread 26"        [_thread_blocked, id=9524, stack(0x000000bcbe000000,0x000000bcbe100000) (1024K)]
  0x000001bfc4bbe2b0 JavaThread "Unconstrained build operations Thread 27"        [_thread_blocked, id=14620, stack(0x000000bcbe100000,0x000000bcbe200000) (1024K)]
  0x000001bfc4bbdc20 JavaThread "Unconstrained build operations Thread 28"        [_thread_blocked, id=16044, stack(0x000000bcbe200000,0x000000bcbe300000) (1024K)]
  0x000001bfdc5e23f0 JavaThread "WorkerExecutor Queue Thread 2"        [_thread_blocked, id=17656, stack(0x000000bcbe400000,0x000000bcbe500000) (1024K)]
  0x000001bfdc5e3110 JavaThread "WorkerExecutor Queue Thread 3"        [_thread_blocked, id=10092, stack(0x000000bcbe500000,0x000000bcbe600000) (1024K)]
  0x000001bfdc5e37a0 JavaThread "WorkerExecutor Queue Thread 4"        [_thread_blocked, id=17912, stack(0x000000bcbe600000,0x000000bcbe700000) (1024K)]
  0x000001bfd6f8b310 JavaThread "WorkerExecutor Queue Thread 5"        [_thread_blocked, id=16256, stack(0x000000bcbe700000,0x000000bcbe800000) (1024K)]
  0x000001bfd50c2ac0 JavaThread "WorkerExecutor Queue Thread 6"        [_thread_blocked, id=20316, stack(0x000000bcbe800000,0x000000bcbe900000) (1024K)]
  0x000001bfc342f420 JavaThread "WorkerExecutor Queue Thread 7"        [_thread_blocked, id=15788, stack(0x000000bcbe900000,0x000000bcbea00000) (1024K)]
  0x000001bfd75641a0 JavaThread "Unconstrained build operations Thread 29"        [_thread_blocked, id=11940, stack(0x000000bcbeb00000,0x000000bcbec00000) (1024K)]
  0x000001bfdc5e16d0 JavaThread "pool-11-thread-1"                  [_thread_blocked, id=19708, stack(0x000000bcbec00000,0x000000bcbed00000) (1024K)]
  0x000001bfdd2574f0 JavaThread "stderr"                            [_thread_in_native, id=12268, stack(0x000000bcbed00000,0x000000bcbee00000) (1024K)]
  0x000001bfdd255420 JavaThread "stdout"                            [_thread_in_native, id=5224, stack(0x000000bcbee00000,0x000000bcbef00000) (1024K)]
  0x000001bfdce27520 JavaThread "stderr"                            [_thread_in_native, id=7364, stack(0x000000bcbef00000,0x000000bcbf000000) (1024K)]
  0x000001bfdce27bb0 JavaThread "stdout"                            [_thread_in_native, id=7128, stack(0x000000bcbf000000,0x000000bcbf100000) (1024K)]
  0x000001bfd6f8b9a0 JavaThread "stderr"                            [_thread_in_native, id=19244, stack(0x000000bcbf100000,0x000000bcbf200000) (1024K)]
  0x000001bfd69c75b0 JavaThread "stderr"                            [_thread_in_native, id=3600, stack(0x000000bcbf200000,0x000000bcbf300000) (1024K)]
  0x000001bfd5a81d50 JavaThread "stdout"                            [_thread_in_native, id=10316, stack(0x000000bcbf300000,0x000000bcbf400000) (1024K)]
  0x000001bfd6f8c030 JavaThread "stdout"                            [_thread_in_native, id=18252, stack(0x000000bcbf400000,0x000000bcbf500000) (1024K)]
  0x000001bfd73a3e90 JavaThread "stderr"                            [_thread_in_native, id=6776, stack(0x000000bcbf500000,0x000000bcbf600000) (1024K)]
  0x000001bfd73a3800 JavaThread "stdout"                            [_thread_in_native, id=13448, stack(0x000000bcbf600000,0x000000bcbf700000) (1024K)]
  0x000001bfc342fab0 JavaThread "stderr"                            [_thread_in_native, id=16472, stack(0x000000bcbf700000,0x000000bcbf800000) (1024K)]
  0x000001bfdd54f610 JavaThread "stdout"                            [_thread_in_native, id=17204, stack(0x000000bcbf800000,0x000000bcbf900000) (1024K)]
  0x000001bfdd254700 JavaThread "stderr"                            [_thread_in_native, id=10272, stack(0x000000bcbf900000,0x000000bcbfa00000) (1024K)]
  0x000001bfdd255ab0 JavaThread "stdout"                            [_thread_in_native, id=8428, stack(0x000000bcbfa00000,0x000000bcbfb00000) (1024K)]
  0x000001bfdc4f3ce0 JavaThread "Unconstrained build operations Thread 30"        [_thread_blocked, id=15960, stack(0x000000bcbfb00000,0x000000bcbfc00000) (1024K)]
  0x000001bfdce28240 JavaThread "Unconstrained build operations Thread 31"        [_thread_blocked, id=13948, stack(0x000000bcbe300000,0x000000bcbe400000) (1024K)]
  0x000001bfdce26e90 JavaThread "Unconstrained build operations Thread 32"        [_thread_blocked, id=13044, stack(0x000000bcbfc00000,0x000000bcbfd00000) (1024K)]
  0x000001bfdda46d30 JavaThread "Unconstrained build operations Thread 33"        [_thread_blocked, id=5504, stack(0x000000bcbfd00000,0x000000bcbfe00000) (1024K)]
  0x000001bfdda466a0 JavaThread "Unconstrained build operations Thread 34"        [_thread_blocked, id=5844, stack(0x000000bcbfe00000,0x000000bcbff00000) (1024K)]
  0x000001bfdda473c0 JavaThread "Unconstrained build operations Thread 35"        [_thread_blocked, id=11640, stack(0x000000bcbff00000,0x000000bcc0000000) (1024K)]
  0x000001bfdda43f40 JavaThread "Unconstrained build operations Thread 36"        [_thread_blocked, id=6904, stack(0x000000bcc0000000,0x000000bcc0100000) (1024K)]
  0x000001bfdda44c60 JavaThread "Unconstrained build operations Thread 37"        [_thread_blocked, id=14924, stack(0x000000bcc0100000,0x000000bcc0200000) (1024K)]
  0x000001bfdcd01a80 JavaThread "Unconstrained build operations Thread 38"        [_thread_blocked, id=19720, stack(0x000000bcc0200000,0x000000bcc0300000) (1024K)]
  0x000001bfdcd027a0 JavaThread "Unconstrained build operations Thread 39"        [_thread_blocked, id=14164, stack(0x000000bcc0300000,0x000000bcc0400000) (1024K)]
  0x000001bfdcd00d60 JavaThread "Unconstrained build operations Thread 40"        [_thread_blocked, id=18132, stack(0x000000bcc0400000,0x000000bcc0500000) (1024K)]
  0x000001bfdcd013f0 JavaThread "Unconstrained build operations Thread 41"        [_thread_blocked, id=15688, stack(0x000000bcc0500000,0x000000bcc0600000) (1024K)]
  0x000001bfdcd00040 JavaThread "Unconstrained build operations Thread 42"        [_thread_blocked, id=15808, stack(0x000000bcc0600000,0x000000bcc0700000) (1024K)]
  0x000001bfdcd02110 JavaThread "Unconstrained build operations Thread 43"        [_thread_blocked, id=14192, stack(0x000000bcc0700000,0x000000bcc0800000) (1024K)]
  0x000001bfdcd02e30 JavaThread "Unconstrained build operations Thread 44"        [_thread_blocked, id=5204, stack(0x000000bcc0800000,0x000000bcc0900000) (1024K)]
  0x000001bfd6f88520 JavaThread "Unconstrained build operations Thread 45"        [_thread_blocked, id=9708, stack(0x000000bcbb300000,0x000000bcbb400000) (1024K)]
  0x000001bfd6f85dc0 JavaThread "Unconstrained build operations Thread 46"        [_thread_blocked, id=11456, stack(0x000000bcc0900000,0x000000bcc0a00000) (1024K)]
  0x000001bfd6f8a5f0 JavaThread "Unconstrained build operations Thread 47"        [_thread_blocked, id=3640, stack(0x000000bcc0a00000,0x000000bcc0b00000) (1024K)]
  0x000001bfd6f8c6c0 JavaThread "Unconstrained build operations Thread 48"        [_thread_blocked, id=14404, stack(0x000000bcc0b00000,0x000000bcc0c00000) (1024K)]
  0x000001bfd6f8cd50 JavaThread "Unconstrained build operations Thread 49"        [_thread_blocked, id=15496, stack(0x000000bcc0c00000,0x000000bcc0d00000) (1024K)]
  0x000001bfd6f8d3e0 JavaThread "Unconstrained build operations Thread 50"        [_thread_blocked, id=3848, stack(0x000000bcc0d00000,0x000000bcc0e00000) (1024K)]
  0x000001bfd6f8da70 JavaThread "Unconstrained build operations Thread 51"        [_thread_blocked, id=17276, stack(0x000000bcc0e00000,0x000000bcc0f00000) (1024K)]
  0x000001bfd702ca80 JavaThread "WorkerExecutor Queue Thread 9"        [_thread_blocked, id=8752, stack(0x000000bcc1100000,0x000000bcc1200000) (1024K)]
  0x000001bfd5a7fc80 JavaThread "Unconstrained build operations Thread 52"        [_thread_blocked, id=10096, stack(0x000000bcc1200000,0x000000bcc1300000) (1024K)]
  0x000001bfd5a7ef60 JavaThread "Unconstrained build operations Thread 53"        [_thread_blocked, id=18280, stack(0x000000bcc1300000,0x000000bcc1400000) (1024K)]
  0x000001bfd5a80310 JavaThread "Unconstrained build operations Thread 54"        [_thread_blocked, id=9588, stack(0x000000bcc1900000,0x000000bcc1a00000) (1024K)]
  0x000001bfd5a809a0 JavaThread "Unconstrained build operations Thread 55"        [_thread_blocked, id=10548, stack(0x000000bcc1a00000,0x000000bcc1b00000) (1024K)]
  0x000001bfd5a81030 JavaThread "Unconstrained build operations Thread 56"        [_thread_blocked, id=13452, stack(0x000000bcc1b00000,0x000000bcc1c00000) (1024K)]
  0x000001bfd5a816c0 JavaThread "Unconstrained build operations Thread 57"        [_thread_blocked, id=2108, stack(0x000000bcc1c00000,0x000000bcc1d00000) (1024K)]
  0x000001bfd5a7f5f0 JavaThread "Unconstrained build operations Thread 58"        [_thread_blocked, id=9828, stack(0x000000bcc1d00000,0x000000bcc1e00000) (1024K)]
  0x000001bfdccff9b0 JavaThread "Unconstrained build operations Thread 59"        [_thread_blocked, id=5320, stack(0x000000bcc0f00000,0x000000bcc1000000) (1024K)]
  0x000001bfde7afaf0 JavaThread "Unconstrained build operations Thread 60"        [_thread_blocked, id=18000, stack(0x000000bcc1000000,0x000000bcc1100000) (1024K)]
  0x000001bfde7b0180 JavaThread "Unconstrained build operations Thread 61"        [_thread_blocked, id=19160, stack(0x000000bcc1e00000,0x000000bcc1f00000) (1024K)]
  0x000001bfde7b28e0 JavaThread "Unconstrained build operations Thread 62"        [_thread_blocked, id=10040, stack(0x000000bcc1f00000,0x000000bcc2000000) (1024K)]
  0x000001bfde7b2250 JavaThread "Unconstrained build operations Thread 63"        [_thread_blocked, id=8400, stack(0x000000bcc2000000,0x000000bcc2100000) (1024K)]
  0x000001bfde7b2f70 JavaThread "Unconstrained build operations Thread 64"        [_thread_blocked, id=1948, stack(0x000000bcc2100000,0x000000bcc2200000) (1024K)]
  0x000001bfde7b0810 JavaThread "Unconstrained build operations Thread 65"        [_thread_blocked, id=20476, stack(0x000000bcc2200000,0x000000bcc2300000) (1024K)]
  0x000001bfde1f8080 JavaThread "Unconstrained build operations Thread 66"        [_thread_blocked, id=8828, stack(0x000000bcbea00000,0x000000bcbeb00000) (1024K)]
  0x000001bfde1f8da0 JavaThread "Unconstrained build operations Thread 67"        [_thread_blocked, id=6328, stack(0x000000bcc2300000,0x000000bcc2400000) (1024K)]
  0x000001bfde1f9430 JavaThread "Unconstrained build operations Thread 68"        [_thread_blocked, id=3448, stack(0x000000bcc2400000,0x000000bcc2500000) (1024K)]
  0x000001bfde1fa7e0 JavaThread "Unconstrained build operations Thread 69"        [_thread_blocked, id=5868, stack(0x000000bcc2500000,0x000000bcc2600000) (1024K)]
  0x000001bfde1f8710 JavaThread "Unconstrained build operations Thread 70"        [_thread_blocked, id=9536, stack(0x000000bcc2600000,0x000000bcc2700000) (1024K)]
  0x000001bfde1fae70 JavaThread "Unconstrained build operations Thread 71"        [_thread_blocked, id=7304, stack(0x000000bcc2700000,0x000000bcc2800000) (1024K)]
  0x000001bfde1f9ac0 JavaThread "Unconstrained build operations Thread 72"        [_thread_blocked, id=15576, stack(0x000000bcc2800000,0x000000bcc2900000) (1024K)]
  0x000001bfdd2567d0 JavaThread "Unconstrained build operations Thread 73"        [_thread_blocked, id=17604, stack(0x000000bcc2a00000,0x000000bcc2b00000) (1024K)]
  0x000001bfc38532f0 JavaThread "Unconstrained build operations Thread 74"        [_thread_in_native, id=19332, stack(0x000000bcc2b00000,0x000000bcc2c00000) (1024K)]
  0x000001bfc3853980 JavaThread "Unconstrained build operations Thread 75"        [_thread_blocked, id=11436, stack(0x000000bcc2c00000,0x000000bcc2d00000) (1024K)]
  0x000001bfd57de3b0 JavaThread "Unconstrained build operations Thread 76"        [_thread_blocked, id=14128, stack(0x000000bcc2e00000,0x000000bcc2f00000) (1024K)]
  0x000001bfd57dc2e0 JavaThread "Unconstrained build operations Thread 77"        [_thread_blocked, id=4852, stack(0x000000bcc2f00000,0x000000bcc3000000) (1024K)]
  0x000001bfd523bd10 JavaThread "Unconstrained build operations Thread 78"        [_thread_blocked, id=10852, stack(0x000000bcc3000000,0x000000bcc3100000) (1024K)]
  0x000001bfd523c3a0 JavaThread "Unconstrained build operations Thread 79"        [_thread_blocked, id=5192, stack(0x000000bcc3100000,0x000000bcc3200000) (1024K)]
  0x000001bfdc697f20 JavaThread "C2 CompilerThread1"         daemon [_thread_in_native, id=11912, stack(0x000000bcbbf00000,0x000000bcbc000000) (1024K)]
  0x000001bfdc6948a0 JavaThread "C2 CompilerThread2"         daemon [_thread_in_native, id=14592, stack(0x000000bcc3200000,0x000000bcc3300000) (1024K)]
Total: 167

Other Threads:
  0x000001bfa0f523d0 VMThread "VM Thread"                           [id=16496, stack(0x000000bcb8500000,0x000000bcb8600000) (1024K)]
  0x000001bfbc0819e0 WatcherThread "VM Periodic Task Thread"        [id=20040, stack(0x000000bcb8400000,0x000000bcb8500000) (1024K)]
  0x000001bf856c88c0 WorkerThread "GC Thread#0"                     [id=5892, stack(0x000000bcb7f00000,0x000000bcb8000000) (1024K)]
  0x000001bfc127d7e0 WorkerThread "GC Thread#1"                     [id=17612, stack(0x000000bcb9200000,0x000000bcb9300000) (1024K)]
  0x000001bfc11692b0 WorkerThread "GC Thread#2"                     [id=6372, stack(0x000000bcb9300000,0x000000bcb9400000) (1024K)]
  0x000001bfc11810b0 WorkerThread "GC Thread#3"                     [id=9092, stack(0x000000bcb9400000,0x000000bcb9500000) (1024K)]
  0x000001bfc1189b40 WorkerThread "GC Thread#4"                     [id=13476, stack(0x000000bcb9500000,0x000000bcb9600000) (1024K)]
  0x000001bfc13f0a00 WorkerThread "GC Thread#5"                     [id=10716, stack(0x000000bcb9600000,0x000000bcb9700000) (1024K)]
  0x000001bfc13efef0 WorkerThread "GC Thread#6"                     [id=12664, stack(0x000000bcb9700000,0x000000bcb9800000) (1024K)]
  0x000001bfc13f0db0 WorkerThread "GC Thread#7"                     [id=18124, stack(0x000000bcb9800000,0x000000bcb9900000) (1024K)]
  0x000001bf856d17c0 ConcurrentGCThread "G1 Main Marker"            [id=18820, stack(0x000000bcb8000000,0x000000bcb8100000) (1024K)]
  0x000001bf832bb060 WorkerThread "G1 Conc#0"                       [id=3668, stack(0x000000bcb8100000,0x000000bcb8200000) (1024K)]
=>0x000001bfc2129330 WorkerThread "G1 Conc#1"                       [id=7764, stack(0x000000bcba700000,0x000000bcba800000) (1024K)]
  0x000001bfa0e976e0 ConcurrentGCThread "G1 Refine#0"               [id=16232, stack(0x000000bcb8200000,0x000000bcb8300000) (1024K)]
  0x000001bfa0e99020 ConcurrentGCThread "G1 Service"                [id=2300, stack(0x000000bcb8300000,0x000000bcb8400000) (1024K)]
Total: 15

Threads with active compile tasks:
C2 CompilerThread0  373397 47951       4       java.lang.invoke.InnerClassLambdaMetafactory$ForwardingMethodGenerator::generate (272 bytes)
C2 CompilerThread1  373397 47867   !   4       java.lang.invoke.InnerClassLambdaMetafactory::generateInnerClass (506 bytes)
C2 CompilerThread2  373397 47983       4       java.util.PriorityQueue::remove (21 bytes)
Total: 3

VM state: not at safepoint (normal execution)

VM Mutex/Monitor currently owned by a thread: None

Heap address: 0x00000000c0000000, size: 1024 MB, Compressed Oops mode: 32-bit

CDS archive(s) mapped at: [0x000001bfa1000000-0x000001bfa1c80000-0x000001bfa1c80000), size 13107200, SharedBaseAddress: 0x000001bfa1000000, ArchiveRelocationMode: 1.
Compressed class space mapped at: 0x000001bfa2000000-0x000001bfbc000000, reserved size: 436207616
Narrow klass base: 0x000001bfa1000000, Narrow klass shift: 0, Narrow klass range: 0x100000000

GC Precious Log:
 CardTable entry size: 512
 Card Set container configuration: InlinePtr #cards 5 size 8 Array Of Cards #cards 12 size 40 Howl #buckets 4 coarsen threshold 1843 Howl Bitmap #cards 512 size 80 coarsen threshold 460 Card regions per heap region 1 cards per card region 2048
 CPUs: 8 total, 8 available
 Memory: 24427M
 Large Page Support: Disabled
 NUMA Support: Disabled
 Compressed Oops: Enabled (32-bit)
 Heap Region Size: 1M
 Heap Min Capacity: 8M
 Heap Initial Capacity: 382M
 Heap Max Capacity: 1G
 Pre-touch: Disabled
 Parallel Workers: 8
 Concurrent Workers: 2
 Concurrent Refinement Workers: 8
 Periodic GC: Disabled

Heap:
 garbage-first heap   total 718848K, used 437760K [0x00000000c0000000, 0x0000000100000000)
  region size 1024K, 41 young (41984K), 23 survivors (23552K)
 Metaspace       used 277904K, committed 281536K, reserved 688128K
  class space    used 36245K, committed 38080K, reserved 425984K

Heap Regions: E=young(eden), S=young(survivor), O=old, HS=humongous(starts), HC=humongous(continues), CS=collection set, F=free, TAMS=top-at-mark-start, PB=parsable bottom
|   0|0x00000000c0000000, 0x00000000c0100000, 0x00000000c0100000|100%|HS|  |TAMS 0x00000000c0100000| PB 0x00000000c0000000| Complete 
|   1|0x00000000c0100000, 0x00000000c0200000, 0x00000000c0200000|100%|HC|  |TAMS 0x00000000c0200000| PB 0x00000000c0100000| Complete 
|   2|0x00000000c0200000, 0x00000000c0300000, 0x00000000c0300000|100%|HC|  |TAMS 0x00000000c0300000| PB 0x00000000c0200000| Complete 
|   3|0x00000000c0300000, 0x00000000c0400000, 0x00000000c0400000|100%|HC|  |TAMS 0x00000000c0400000| PB 0x00000000c0300000| Complete 
|   4|0x00000000c0400000, 0x00000000c0500000, 0x00000000c0500000|100%| O|  |TAMS 0x00000000c0500000| PB 0x00000000c0400000| Untracked 
|   5|0x00000000c0500000, 0x00000000c0600000, 0x00000000c0600000|100%| O|  |TAMS 0x00000000c0600000| PB 0x00000000c0500000| Untracked 
|   6|0x00000000c0600000, 0x00000000c0700000, 0x00000000c0700000|100%| O|  |TAMS 0x00000000c0700000| PB 0x00000000c0600000| Untracked 
|   7|0x00000000c0700000, 0x00000000c0800000, 0x00000000c0800000|100%| O|  |TAMS 0x00000000c0800000| PB 0x00000000c0700000| Untracked 
|   8|0x00000000c0800000, 0x00000000c0900000, 0x00000000c0900000|100%| O|  |TAMS 0x00000000c0900000| PB 0x00000000c0800000| Untracked 
|   9|0x00000000c0900000, 0x00000000c0a00000, 0x00000000c0a00000|100%| O|  |TAMS 0x00000000c0a00000| PB 0x00000000c0900000| Untracked 
|  10|0x00000000c0a00000, 0x00000000c0b00000, 0x00000000c0b00000|100%| O|  |TAMS 0x00000000c0b00000| PB 0x00000000c0a00000| Untracked 
|  11|0x00000000c0b00000, 0x00000000c0c00000, 0x00000000c0c00000|100%| O|  |TAMS 0x00000000c0c00000| PB 0x00000000c0b00000| Untracked 
|  12|0x00000000c0c00000, 0x00000000c0d00000, 0x00000000c0d00000|100%| O|  |TAMS 0x00000000c0d00000| PB 0x00000000c0c00000| Untracked 
|  13|0x00000000c0d00000, 0x00000000c0e00000, 0x00000000c0e00000|100%| O|  |TAMS 0x00000000c0e00000| PB 0x00000000c0d00000| Untracked 
|  14|0x00000000c0e00000, 0x00000000c0f00000, 0x00000000c0f00000|100%| O|  |TAMS 0x00000000c0f00000| PB 0x00000000c0e00000| Untracked 
|  15|0x00000000c0f00000, 0x00000000c1000000, 0x00000000c1000000|100%| O|  |TAMS 0x00000000c1000000| PB 0x00000000c0f00000| Untracked 
|  16|0x00000000c1000000, 0x00000000c1100000, 0x00000000c1100000|100%| O|  |TAMS 0x00000000c1100000| PB 0x00000000c1000000| Untracked 
|  17|0x00000000c1100000, 0x00000000c1200000, 0x00000000c1200000|100%| O|  |TAMS 0x00000000c1200000| PB 0x00000000c1100000| Untracked 
|  18|0x00000000c1200000, 0x00000000c1300000, 0x00000000c1300000|100%| O|  |TAMS 0x00000000c1300000| PB 0x00000000c1200000| Untracked 
|  19|0x00000000c1300000, 0x00000000c1400000, 0x00000000c1400000|100%| O|  |TAMS 0x00000000c1400000| PB 0x00000000c1300000| Untracked 
|  20|0x00000000c1400000, 0x00000000c1500000, 0x00000000c1500000|100%| O|  |TAMS 0x00000000c1500000| PB 0x00000000c1400000| Untracked 
|  21|0x00000000c1500000, 0x00000000c1600000, 0x00000000c1600000|100%| O|  |TAMS 0x00000000c1600000| PB 0x00000000c1500000| Untracked 
|  22|0x00000000c1600000, 0x00000000c1700000, 0x00000000c1700000|100%| O|  |TAMS 0x00000000c1700000| PB 0x00000000c1600000| Untracked 
|  23|0x00000000c1700000, 0x00000000c1800000, 0x00000000c1800000|100%| O|  |TAMS 0x00000000c1800000| PB 0x00000000c1700000| Untracked 
|  24|0x00000000c1800000, 0x00000000c1900000, 0x00000000c1900000|100%| O|  |TAMS 0x00000000c1900000| PB 0x00000000c1800000| Untracked 
|  25|0x00000000c1900000, 0x00000000c1a00000, 0x00000000c1a00000|100%| O|  |TAMS 0x00000000c1a00000| PB 0x00000000c1900000| Untracked 
|  26|0x00000000c1a00000, 0x00000000c1b00000, 0x00000000c1b00000|100%| O|  |TAMS 0x00000000c1b00000| PB 0x00000000c1a00000| Untracked 
|  27|0x00000000c1b00000, 0x00000000c1c00000, 0x00000000c1c00000|100%| O|  |TAMS 0x00000000c1c00000| PB 0x00000000c1b00000| Untracked 
|  28|0x00000000c1c00000, 0x00000000c1d00000, 0x00000000c1d00000|100%| O|  |TAMS 0x00000000c1d00000| PB 0x00000000c1c00000| Untracked 
|  29|0x00000000c1d00000, 0x00000000c1e00000, 0x00000000c1e00000|100%| O|  |TAMS 0x00000000c1e00000| PB 0x00000000c1d00000| Untracked 
|  30|0x00000000c1e00000, 0x00000000c1f00000, 0x00000000c1f00000|100%| O|  |TAMS 0x00000000c1f00000| PB 0x00000000c1e00000| Untracked 
|  31|0x00000000c1f00000, 0x00000000c2000000, 0x00000000c2000000|100%| O|  |TAMS 0x00000000c2000000| PB 0x00000000c1f00000| Untracked 
|  32|0x00000000c2000000, 0x00000000c2100000, 0x00000000c2100000|100%| O|  |TAMS 0x00000000c2100000| PB 0x00000000c2000000| Untracked 
|  33|0x00000000c2100000, 0x00000000c2200000, 0x00000000c2200000|100%| O|  |TAMS 0x00000000c2200000| PB 0x00000000c2100000| Untracked 
|  34|0x00000000c2200000, 0x00000000c2300000, 0x00000000c2300000|100%| O|  |TAMS 0x00000000c2300000| PB 0x00000000c2200000| Untracked 
|  35|0x00000000c2300000, 0x00000000c2400000, 0x00000000c2400000|100%| O|  |TAMS 0x00000000c2400000| PB 0x00000000c2300000| Untracked 
|  36|0x00000000c2400000, 0x00000000c2500000, 0x00000000c2500000|100%| O|  |TAMS 0x00000000c2500000| PB 0x00000000c2400000| Untracked 
|  37|0x00000000c2500000, 0x00000000c2600000, 0x00000000c2600000|100%| O|  |TAMS 0x00000000c2600000| PB 0x00000000c2500000| Untracked 
|  38|0x00000000c2600000, 0x00000000c2700000, 0x00000000c2700000|100%| O|  |TAMS 0x00000000c2700000| PB 0x00000000c2600000| Untracked 
|  39|0x00000000c2700000, 0x00000000c2800000, 0x00000000c2800000|100%| O|  |TAMS 0x00000000c2800000| PB 0x00000000c2700000| Untracked 
|  40|0x00000000c2800000, 0x00000000c2900000, 0x00000000c2900000|100%| O|  |TAMS 0x00000000c2900000| PB 0x00000000c2800000| Untracked 
|  41|0x00000000c2900000, 0x00000000c2a00000, 0x00000000c2a00000|100%| O|  |TAMS 0x00000000c2a00000| PB 0x00000000c2900000| Untracked 
|  42|0x00000000c2a00000, 0x00000000c2b00000, 0x00000000c2b00000|100%| O|  |TAMS 0x00000000c2b00000| PB 0x00000000c2a00000| Untracked 
|  43|0x00000000c2b00000, 0x00000000c2c00000, 0x00000000c2c00000|100%|HS|  |TAMS 0x00000000c2c00000| PB 0x00000000c2b00000| Complete 
|  44|0x00000000c2c00000, 0x00000000c2d00000, 0x00000000c2d00000|100%| O|  |TAMS 0x00000000c2d00000| PB 0x00000000c2c00000| Untracked 
|  45|0x00000000c2d00000, 0x00000000c2e00000, 0x00000000c2e00000|100%| O|  |TAMS 0x00000000c2e00000| PB 0x00000000c2d00000| Untracked 
|  46|0x00000000c2e00000, 0x00000000c2f00000, 0x00000000c2f00000|100%| O|  |TAMS 0x00000000c2f00000| PB 0x00000000c2e00000| Untracked 
|  47|0x00000000c2f00000, 0x00000000c3000000, 0x00000000c3000000|100%| O|  |TAMS 0x00000000c3000000| PB 0x00000000c2f00000| Untracked 
|  48|0x00000000c3000000, 0x00000000c3100000, 0x00000000c3100000|100%| O|  |TAMS 0x00000000c3100000| PB 0x00000000c3000000| Untracked 
|  49|0x00000000c3100000, 0x00000000c3200000, 0x00000000c3200000|100%| O|  |TAMS 0x00000000c3200000| PB 0x00000000c3100000| Untracked 
|  50|0x00000000c3200000, 0x00000000c3300000, 0x00000000c3300000|100%| O|  |TAMS 0x00000000c3300000| PB 0x00000000c3200000| Untracked 
|  51|0x00000000c3300000, 0x00000000c3400000, 0x00000000c3400000|100%| O|  |TAMS 0x00000000c3400000| PB 0x00000000c3300000| Untracked 
|  52|0x00000000c3400000, 0x00000000c3500000, 0x00000000c3500000|100%| O|  |TAMS 0x00000000c3500000| PB 0x00000000c3400000| Untracked 
|  53|0x00000000c3500000, 0x00000000c3600000, 0x00000000c3600000|100%| O|  |TAMS 0x00000000c3600000| PB 0x00000000c3500000| Untracked 
|  54|0x00000000c3600000, 0x00000000c3700000, 0x00000000c3700000|100%| O|  |TAMS 0x00000000c3700000| PB 0x00000000c3600000| Untracked 
|  55|0x00000000c3700000, 0x00000000c3800000, 0x00000000c3800000|100%| O|  |TAMS 0x00000000c3800000| PB 0x00000000c3700000| Untracked 
|  56|0x00000000c3800000, 0x00000000c3900000, 0x00000000c3900000|100%| O|  |TAMS 0x00000000c3900000| PB 0x00000000c3800000| Untracked 
|  57|0x00000000c3900000, 0x00000000c3a00000, 0x00000000c3a00000|100%| O|  |TAMS 0x00000000c3a00000| PB 0x00000000c3900000| Untracked 
|  58|0x00000000c3a00000, 0x00000000c3b00000, 0x00000000c3b00000|100%| O|  |TAMS 0x00000000c3b00000| PB 0x00000000c3a00000| Untracked 
|  59|0x00000000c3b00000, 0x00000000c3c00000, 0x00000000c3c00000|100%| O|  |TAMS 0x00000000c3c00000| PB 0x00000000c3b00000| Untracked 
|  60|0x00000000c3c00000, 0x00000000c3d00000, 0x00000000c3d00000|100%|HS|  |TAMS 0x00000000c3d00000| PB 0x00000000c3c00000| Complete 
|  61|0x00000000c3d00000, 0x00000000c3e00000, 0x00000000c3e00000|100%|HS|  |TAMS 0x00000000c3e00000| PB 0x00000000c3d00000| Complete 
|  62|0x00000000c3e00000, 0x00000000c3f00000, 0x00000000c3f00000|100%| O|  |TAMS 0x00000000c3f00000| PB 0x00000000c3e00000| Untracked 
|  63|0x00000000c3f00000, 0x00000000c4000000, 0x00000000c4000000|100%| O|  |TAMS 0x00000000c4000000| PB 0x00000000c3f00000| Untracked 
|  64|0x00000000c4000000, 0x00000000c4100000, 0x00000000c4100000|100%| O|  |TAMS 0x00000000c4100000| PB 0x00000000c4000000| Untracked 
|  65|0x00000000c4100000, 0x00000000c4200000, 0x00000000c4200000|100%| O|  |TAMS 0x00000000c4200000| PB 0x00000000c4100000| Untracked 
|  66|0x00000000c4200000, 0x00000000c4300000, 0x00000000c4300000|100%| O|  |TAMS 0x00000000c4300000| PB 0x00000000c4200000| Untracked 
|  67|0x00000000c4300000, 0x00000000c4400000, 0x00000000c4400000|100%| O|  |TAMS 0x00000000c4400000| PB 0x00000000c4300000| Untracked 
|  68|0x00000000c4400000, 0x00000000c4500000, 0x00000000c4500000|100%| O|  |TAMS 0x00000000c4500000| PB 0x00000000c4400000| Untracked 
|  69|0x00000000c4500000, 0x00000000c4600000, 0x00000000c4600000|100%| O|  |TAMS 0x00000000c4600000| PB 0x00000000c4500000| Untracked 
|  70|0x00000000c4600000, 0x00000000c4700000, 0x00000000c4700000|100%| O|  |TAMS 0x00000000c4700000| PB 0x00000000c4600000| Untracked 
|  71|0x00000000c4700000, 0x00000000c4800000, 0x00000000c4800000|100%|HS|  |TAMS 0x00000000c4800000| PB 0x00000000c4700000| Complete 
|  72|0x00000000c4800000, 0x00000000c4900000, 0x00000000c4900000|100%|HC|  |TAMS 0x00000000c4900000| PB 0x00000000c4800000| Complete 
|  73|0x00000000c4900000, 0x00000000c4a00000, 0x00000000c4a00000|100%|HS|  |TAMS 0x00000000c4a00000| PB 0x00000000c4900000| Complete 
|  74|0x00000000c4a00000, 0x00000000c4b00000, 0x00000000c4b00000|100%|HC|  |TAMS 0x00000000c4b00000| PB 0x00000000c4a00000| Complete 
|  75|0x00000000c4b00000, 0x00000000c4c00000, 0x00000000c4c00000|100%|HC|  |TAMS 0x00000000c4c00000| PB 0x00000000c4b00000| Complete 
|  76|0x00000000c4c00000, 0x00000000c4d00000, 0x00000000c4d00000|100%|HC|  |TAMS 0x00000000c4d00000| PB 0x00000000c4c00000| Complete 
|  77|0x00000000c4d00000, 0x00000000c4e00000, 0x00000000c4e00000|100%| O|  |TAMS 0x00000000c4e00000| PB 0x00000000c4d00000| Untracked 
|  78|0x00000000c4e00000, 0x00000000c4f00000, 0x00000000c4f00000|100%| O|  |TAMS 0x00000000c4f00000| PB 0x00000000c4e00000| Untracked 
|  79|0x00000000c4f00000, 0x00000000c5000000, 0x00000000c5000000|100%| O|  |TAMS 0x00000000c5000000| PB 0x00000000c4f00000| Untracked 
|  80|0x00000000c5000000, 0x00000000c5100000, 0x00000000c5100000|100%| O|  |TAMS 0x00000000c5100000| PB 0x00000000c5000000| Untracked 
|  81|0x00000000c5100000, 0x00000000c5200000, 0x00000000c5200000|100%| O|  |TAMS 0x00000000c5200000| PB 0x00000000c5100000| Untracked 
|  82|0x00000000c5200000, 0x00000000c5300000, 0x00000000c5300000|100%| O|  |TAMS 0x00000000c5300000| PB 0x00000000c5200000| Untracked 
|  83|0x00000000c5300000, 0x00000000c5400000, 0x00000000c5400000|100%| O|  |TAMS 0x00000000c5400000| PB 0x00000000c5300000| Untracked 
|  84|0x00000000c5400000, 0x00000000c5500000, 0x00000000c5500000|100%| O|  |TAMS 0x00000000c5500000| PB 0x00000000c5400000| Untracked 
|  85|0x00000000c5500000, 0x00000000c5600000, 0x00000000c5600000|100%|HS|  |TAMS 0x00000000c5600000| PB 0x00000000c5500000| Complete 
|  86|0x00000000c5600000, 0x00000000c5700000, 0x00000000c5700000|100%| O|  |TAMS 0x00000000c5700000| PB 0x00000000c5600000| Untracked 
|  87|0x00000000c5700000, 0x00000000c5800000, 0x00000000c5800000|100%| O|  |TAMS 0x00000000c5800000| PB 0x00000000c5700000| Untracked 
|  88|0x00000000c5800000, 0x00000000c5900000, 0x00000000c5900000|100%| O|  |TAMS 0x00000000c5900000| PB 0x00000000c5800000| Untracked 
|  89|0x00000000c5900000, 0x00000000c5a00000, 0x00000000c5a00000|100%| O|  |TAMS 0x00000000c5a00000| PB 0x00000000c5900000| Untracked 
|  90|0x00000000c5a00000, 0x00000000c5b00000, 0x00000000c5b00000|100%| O|  |TAMS 0x00000000c5b00000| PB 0x00000000c5a00000| Untracked 
|  91|0x00000000c5b00000, 0x00000000c5c00000, 0x00000000c5c00000|100%| O|  |TAMS 0x00000000c5c00000| PB 0x00000000c5b00000| Untracked 
|  92|0x00000000c5c00000, 0x00000000c5d00000, 0x00000000c5d00000|100%| O|  |TAMS 0x00000000c5d00000| PB 0x00000000c5c00000| Untracked 
|  93|0x00000000c5d00000, 0x00000000c5e00000, 0x00000000c5e00000|100%| O|  |TAMS 0x00000000c5e00000| PB 0x00000000c5d00000| Untracked 
|  94|0x00000000c5e00000, 0x00000000c5f00000, 0x00000000c5f00000|100%| O|  |TAMS 0x00000000c5f00000| PB 0x00000000c5e00000| Untracked 
|  95|0x00000000c5f00000, 0x00000000c6000000, 0x00000000c6000000|100%| O|  |TAMS 0x00000000c6000000| PB 0x00000000c5f00000| Untracked 
|  96|0x00000000c6000000, 0x00000000c6100000, 0x00000000c6100000|100%| O|  |TAMS 0x00000000c6100000| PB 0x00000000c6000000| Untracked 
|  97|0x00000000c6100000, 0x00000000c6200000, 0x00000000c6200000|100%| O|  |TAMS 0x00000000c6200000| PB 0x00000000c6100000| Untracked 
|  98|0x00000000c6200000, 0x00000000c6300000, 0x00000000c6300000|100%| O|  |TAMS 0x00000000c6300000| PB 0x00000000c6200000| Untracked 
|  99|0x00000000c6300000, 0x00000000c6400000, 0x00000000c6400000|100%|HS|  |TAMS 0x00000000c6400000| PB 0x00000000c6300000| Complete 
| 100|0x00000000c6400000, 0x00000000c6500000, 0x00000000c6500000|100%| O|  |TAMS 0x00000000c6500000| PB 0x00000000c6400000| Untracked 
| 101|0x00000000c6500000, 0x00000000c6600000, 0x00000000c6600000|100%|HS|  |TAMS 0x00000000c6600000| PB 0x00000000c6500000| Complete 
| 102|0x00000000c6600000, 0x00000000c6700000, 0x00000000c6700000|100%| O|  |TAMS 0x00000000c6700000| PB 0x00000000c6600000| Untracked 
| 103|0x00000000c6700000, 0x00000000c6800000, 0x00000000c6800000|100%|HS|  |TAMS 0x00000000c6800000| PB 0x00000000c6700000| Complete 
| 104|0x00000000c6800000, 0x00000000c6900000, 0x00000000c6900000|100%|HC|  |TAMS 0x00000000c6900000| PB 0x00000000c6800000| Complete 
| 105|0x00000000c6900000, 0x00000000c6a00000, 0x00000000c6a00000|100%| O|  |TAMS 0x00000000c6a00000| PB 0x00000000c6900000| Untracked 
| 106|0x00000000c6a00000, 0x00000000c6b00000, 0x00000000c6b00000|100%|HS|  |TAMS 0x00000000c6b00000| PB 0x00000000c6a00000| Complete 
| 107|0x00000000c6b00000, 0x00000000c6c00000, 0x00000000c6c00000|100%|HS|  |TAMS 0x00000000c6c00000| PB 0x00000000c6b00000| Complete 
| 108|0x00000000c6c00000, 0x00000000c6d00000, 0x00000000c6d00000|100%| O|  |TAMS 0x00000000c6d00000| PB 0x00000000c6c00000| Untracked 
| 109|0x00000000c6d00000, 0x00000000c6e00000, 0x00000000c6e00000|100%| O|  |TAMS 0x00000000c6e00000| PB 0x00000000c6d00000| Untracked 
| 110|0x00000000c6e00000, 0x00000000c6f00000, 0x00000000c6f00000|100%| O|  |TAMS 0x00000000c6f00000| PB 0x00000000c6e00000| Untracked 
| 111|0x00000000c6f00000, 0x00000000c7000000, 0x00000000c7000000|100%| O|  |TAMS 0x00000000c7000000| PB 0x00000000c6f00000| Untracked 
| 112|0x00000000c7000000, 0x00000000c7100000, 0x00000000c7100000|100%| O|  |TAMS 0x00000000c7100000| PB 0x00000000c7000000| Untracked 
| 113|0x00000000c7100000, 0x00000000c7200000, 0x00000000c7200000|100%| O|  |TAMS 0x00000000c7200000| PB 0x00000000c7100000| Untracked 
| 114|0x00000000c7200000, 0x00000000c7300000, 0x00000000c7300000|100%| O|  |TAMS 0x00000000c7300000| PB 0x00000000c7200000| Untracked 
| 115|0x00000000c7300000, 0x00000000c7400000, 0x00000000c7400000|100%| O|  |TAMS 0x00000000c7400000| PB 0x00000000c7300000| Untracked 
| 116|0x00000000c7400000, 0x00000000c7500000, 0x00000000c7500000|100%| O|  |TAMS 0x00000000c7500000| PB 0x00000000c7400000| Untracked 
| 117|0x00000000c7500000, 0x00000000c7600000, 0x00000000c7600000|100%| O|  |TAMS 0x00000000c7600000| PB 0x00000000c7500000| Untracked 
| 118|0x00000000c7600000, 0x00000000c7700000, 0x00000000c7700000|100%| O|  |TAMS 0x00000000c7700000| PB 0x00000000c7600000| Untracked 
| 119|0x00000000c7700000, 0x00000000c7800000, 0x00000000c7800000|100%| O|  |TAMS 0x00000000c7800000| PB 0x00000000c7700000| Untracked 
| 120|0x00000000c7800000, 0x00000000c7900000, 0x00000000c7900000|100%| O|  |TAMS 0x00000000c7900000| PB 0x00000000c7800000| Untracked 
| 121|0x00000000c7900000, 0x00000000c7a00000, 0x00000000c7a00000|100%| O|  |TAMS 0x00000000c7a00000| PB 0x00000000c7900000| Untracked 
| 122|0x00000000c7a00000, 0x00000000c7b00000, 0x00000000c7b00000|100%| O|  |TAMS 0x00000000c7b00000| PB 0x00000000c7a00000| Untracked 
| 123|0x00000000c7b00000, 0x00000000c7c00000, 0x00000000c7c00000|100%|HS|  |TAMS 0x00000000c7c00000| PB 0x00000000c7b00000| Complete 
| 124|0x00000000c7c00000, 0x00000000c7d00000, 0x00000000c7d00000|100%|HS|  |TAMS 0x00000000c7d00000| PB 0x00000000c7c00000| Complete 
| 125|0x00000000c7d00000, 0x00000000c7e00000, 0x00000000c7e00000|100%|HC|  |TAMS 0x00000000c7e00000| PB 0x00000000c7d00000| Complete 
| 126|0x00000000c7e00000, 0x00000000c7f00000, 0x00000000c7f00000|100%|HC|  |TAMS 0x00000000c7f00000| PB 0x00000000c7e00000| Complete 
| 127|0x00000000c7f00000, 0x00000000c8000000, 0x00000000c8000000|100%|HC|  |TAMS 0x00000000c8000000| PB 0x00000000c7f00000| Complete 
| 128|0x00000000c8000000, 0x00000000c8100000, 0x00000000c8100000|100%| O|  |TAMS 0x00000000c8100000| PB 0x00000000c8000000| Untracked 
| 129|0x00000000c8100000, 0x00000000c8200000, 0x00000000c8200000|100%| O|  |TAMS 0x00000000c8200000| PB 0x00000000c8100000| Untracked 
| 130|0x00000000c8200000, 0x00000000c8300000, 0x00000000c8300000|100%| O|  |TAMS 0x00000000c8300000| PB 0x00000000c8200000| Untracked 
| 131|0x00000000c8300000, 0x00000000c8400000, 0x00000000c8400000|100%| O|  |TAMS 0x00000000c8400000| PB 0x00000000c8300000| Untracked 
| 132|0x00000000c8400000, 0x00000000c8500000, 0x00000000c8500000|100%|HS|  |TAMS 0x00000000c8500000| PB 0x00000000c8400000| Complete 
| 133|0x00000000c8500000, 0x00000000c8600000, 0x00000000c8600000|100%|HS|  |TAMS 0x00000000c8600000| PB 0x00000000c8500000| Complete 
| 134|0x00000000c8600000, 0x00000000c8700000, 0x00000000c8700000|100%| O|  |TAMS 0x00000000c8700000| PB 0x00000000c8600000| Untracked 
| 135|0x00000000c8700000, 0x00000000c8800000, 0x00000000c8800000|100%| O|  |TAMS 0x00000000c8800000| PB 0x00000000c8700000| Untracked 
| 136|0x00000000c8800000, 0x00000000c8900000, 0x00000000c8900000|100%| O|  |TAMS 0x00000000c8900000| PB 0x00000000c8800000| Untracked 
| 137|0x00000000c8900000, 0x00000000c8a00000, 0x00000000c8a00000|100%| O|  |TAMS 0x00000000c8a00000| PB 0x00000000c8900000| Untracked 
| 138|0x00000000c8a00000, 0x00000000c8b00000, 0x00000000c8b00000|100%| O|  |TAMS 0x00000000c8b00000| PB 0x00000000c8a00000| Untracked 
| 139|0x00000000c8b00000, 0x00000000c8c00000, 0x00000000c8c00000|100%| O|  |TAMS 0x00000000c8c00000| PB 0x00000000c8b00000| Untracked 
| 140|0x00000000c8c00000, 0x00000000c8d00000, 0x00000000c8d00000|100%| O|  |TAMS 0x00000000c8d00000| PB 0x00000000c8c00000| Untracked 
| 141|0x00000000c8d00000, 0x00000000c8e00000, 0x00000000c8e00000|100%| O|  |TAMS 0x00000000c8e00000| PB 0x00000000c8d00000| Untracked 
| 142|0x00000000c8e00000, 0x00000000c8f00000, 0x00000000c8f00000|100%| O|  |TAMS 0x00000000c8f00000| PB 0x00000000c8e00000| Untracked 
| 143|0x00000000c8f00000, 0x00000000c9000000, 0x00000000c9000000|100%| O|  |TAMS 0x00000000c9000000| PB 0x00000000c8f00000| Untracked 
| 144|0x00000000c9000000, 0x00000000c9100000, 0x00000000c9100000|100%| O|  |TAMS 0x00000000c9100000| PB 0x00000000c9000000| Untracked 
| 145|0x00000000c9100000, 0x00000000c9200000, 0x00000000c9200000|100%| O|  |TAMS 0x00000000c9200000| PB 0x00000000c9100000| Untracked 
| 146|0x00000000c9200000, 0x00000000c9300000, 0x00000000c9300000|100%| O|  |TAMS 0x00000000c9300000| PB 0x00000000c9200000| Untracked 
| 147|0x00000000c9300000, 0x00000000c9400000, 0x00000000c9400000|100%| O|  |TAMS 0x00000000c9400000| PB 0x00000000c9300000| Untracked 
| 148|0x00000000c9400000, 0x00000000c9500000, 0x00000000c9500000|100%| O|  |TAMS 0x00000000c9500000| PB 0x00000000c9400000| Untracked 
| 149|0x00000000c9500000, 0x00000000c9600000, 0x00000000c9600000|100%| O|  |TAMS 0x00000000c9600000| PB 0x00000000c9500000| Untracked 
| 150|0x00000000c9600000, 0x00000000c9700000, 0x00000000c9700000|100%| O|  |TAMS 0x00000000c9700000| PB 0x00000000c9600000| Untracked 
| 151|0x00000000c9700000, 0x00000000c9800000, 0x00000000c9800000|100%| O|  |TAMS 0x00000000c9800000| PB 0x00000000c9700000| Untracked 
| 152|0x00000000c9800000, 0x00000000c9900000, 0x00000000c9900000|100%| O|  |TAMS 0x00000000c9900000| PB 0x00000000c9800000| Untracked 
| 153|0x00000000c9900000, 0x00000000c9a00000, 0x00000000c9a00000|100%| O|  |TAMS 0x00000000c9a00000| PB 0x00000000c9900000| Untracked 
| 154|0x00000000c9a00000, 0x00000000c9b00000, 0x00000000c9b00000|100%| O|  |TAMS 0x00000000c9b00000| PB 0x00000000c9a00000| Untracked 
| 155|0x00000000c9b00000, 0x00000000c9c00000, 0x00000000c9c00000|100%| O|  |TAMS 0x00000000c9c00000| PB 0x00000000c9b00000| Untracked 
| 156|0x00000000c9c00000, 0x00000000c9d00000, 0x00000000c9d00000|100%| O|  |TAMS 0x00000000c9d00000| PB 0x00000000c9c00000| Untracked 
| 157|0x00000000c9d00000, 0x00000000c9e00000, 0x00000000c9e00000|100%| O|  |TAMS 0x00000000c9e00000| PB 0x00000000c9d00000| Untracked 
| 158|0x00000000c9e00000, 0x00000000c9f00000, 0x00000000c9f00000|100%| O|  |TAMS 0x00000000c9f00000| PB 0x00000000c9e00000| Untracked 
| 159|0x00000000c9f00000, 0x00000000ca000000, 0x00000000ca000000|100%| O|  |TAMS 0x00000000ca000000| PB 0x00000000c9f00000| Untracked 
| 160|0x00000000ca000000, 0x00000000ca100000, 0x00000000ca100000|100%| O|  |TAMS 0x00000000ca100000| PB 0x00000000ca000000| Untracked 
| 161|0x00000000ca100000, 0x00000000ca200000, 0x00000000ca200000|100%| O|  |TAMS 0x00000000ca200000| PB 0x00000000ca100000| Untracked 
| 162|0x00000000ca200000, 0x00000000ca300000, 0x00000000ca300000|100%| O|  |TAMS 0x00000000ca300000| PB 0x00000000ca200000| Untracked 
| 163|0x00000000ca300000, 0x00000000ca400000, 0x00000000ca400000|100%| O|  |TAMS 0x00000000ca400000| PB 0x00000000ca300000| Untracked 
| 164|0x00000000ca400000, 0x00000000ca500000, 0x00000000ca500000|100%| O|  |TAMS 0x00000000ca500000| PB 0x00000000ca400000| Untracked 
| 165|0x00000000ca500000, 0x00000000ca600000, 0x00000000ca600000|100%| O|  |TAMS 0x00000000ca600000| PB 0x00000000ca500000| Untracked 
| 166|0x00000000ca600000, 0x00000000ca700000, 0x00000000ca700000|100%| O|  |TAMS 0x00000000ca700000| PB 0x00000000ca600000| Untracked 
| 167|0x00000000ca700000, 0x00000000ca800000, 0x00000000ca800000|100%| O|  |TAMS 0x00000000ca800000| PB 0x00000000ca700000| Untracked 
| 168|0x00000000ca800000, 0x00000000ca900000, 0x00000000ca900000|100%| O|  |TAMS 0x00000000ca900000| PB 0x00000000ca800000| Untracked 
| 169|0x00000000ca900000, 0x00000000caa00000, 0x00000000caa00000|100%| O|  |TAMS 0x00000000caa00000| PB 0x00000000ca900000| Untracked 
| 170|0x00000000caa00000, 0x00000000cab00000, 0x00000000cab00000|100%| O|  |TAMS 0x00000000cab00000| PB 0x00000000caa00000| Untracked 
| 171|0x00000000cab00000, 0x00000000cac00000, 0x00000000cac00000|100%| O|  |TAMS 0x00000000cac00000| PB 0x00000000cab00000| Untracked 
| 172|0x00000000cac00000, 0x00000000cad00000, 0x00000000cad00000|100%| O|  |TAMS 0x00000000cad00000| PB 0x00000000cac00000| Untracked 
| 173|0x00000000cad00000, 0x00000000cae00000, 0x00000000cae00000|100%| O|  |TAMS 0x00000000cae00000| PB 0x00000000cad00000| Untracked 
| 174|0x00000000cae00000, 0x00000000caf00000, 0x00000000caf00000|100%| O|  |TAMS 0x00000000caf00000| PB 0x00000000cae00000| Untracked 
| 175|0x00000000caf00000, 0x00000000cb000000, 0x00000000cb000000|100%| O|  |TAMS 0x00000000cb000000| PB 0x00000000caf00000| Untracked 
| 176|0x00000000cb000000, 0x00000000cb100000, 0x00000000cb100000|100%| O|  |TAMS 0x00000000cb100000| PB 0x00000000cb000000| Untracked 
| 177|0x00000000cb100000, 0x00000000cb200000, 0x00000000cb200000|100%| O|  |TAMS 0x00000000cb200000| PB 0x00000000cb100000| Untracked 
| 178|0x00000000cb200000, 0x00000000cb300000, 0x00000000cb300000|100%| O|  |TAMS 0x00000000cb300000| PB 0x00000000cb200000| Untracked 
| 179|0x00000000cb300000, 0x00000000cb400000, 0x00000000cb400000|100%| O|  |TAMS 0x00000000cb400000| PB 0x00000000cb300000| Untracked 
| 180|0x00000000cb400000, 0x00000000cb500000, 0x00000000cb500000|100%| O|  |TAMS 0x00000000cb500000| PB 0x00000000cb400000| Untracked 
| 181|0x00000000cb500000, 0x00000000cb600000, 0x00000000cb600000|100%| O|  |TAMS 0x00000000cb600000| PB 0x00000000cb500000| Untracked 
| 182|0x00000000cb600000, 0x00000000cb700000, 0x00000000cb700000|100%| O|  |TAMS 0x00000000cb700000| PB 0x00000000cb600000| Untracked 
| 183|0x00000000cb700000, 0x00000000cb800000, 0x00000000cb800000|100%| O|  |TAMS 0x00000000cb800000| PB 0x00000000cb700000| Untracked 
| 184|0x00000000cb800000, 0x00000000cb900000, 0x00000000cb900000|100%| O|  |TAMS 0x00000000cb900000| PB 0x00000000cb800000| Untracked 
| 185|0x00000000cb900000, 0x00000000cba00000, 0x00000000cba00000|100%| O|  |TAMS 0x00000000cba00000| PB 0x00000000cb900000| Untracked 
| 186|0x00000000cba00000, 0x00000000cbb00000, 0x00000000cbb00000|100%| O|  |TAMS 0x00000000cbb00000| PB 0x00000000cba00000| Untracked 
| 187|0x00000000cbb00000, 0x00000000cbc00000, 0x00000000cbc00000|100%| O|  |TAMS 0x00000000cbc00000| PB 0x00000000cbb00000| Untracked 
| 188|0x00000000cbc00000, 0x00000000cbc00000, 0x00000000cbd00000|  0%| F|  |TAMS 0x00000000cbc00000| PB 0x00000000cbc00000| Untracked 
| 189|0x00000000cbd00000, 0x00000000cbe00000, 0x00000000cbe00000|100%| O|  |TAMS 0x00000000cbe00000| PB 0x00000000cbd00000| Untracked 
| 190|0x00000000cbe00000, 0x00000000cbf00000, 0x00000000cbf00000|100%| O|  |TAMS 0x00000000cbf00000| PB 0x00000000cbe00000| Untracked 
| 191|0x00000000cbf00000, 0x00000000cc000000, 0x00000000cc000000|100%| O|  |TAMS 0x00000000cc000000| PB 0x00000000cbf00000| Untracked 
| 192|0x00000000cc000000, 0x00000000cc100000, 0x00000000cc100000|100%| O|  |TAMS 0x00000000cc100000| PB 0x00000000cc000000| Untracked 
| 193|0x00000000cc100000, 0x00000000cc200000, 0x00000000cc200000|100%| O|  |TAMS 0x00000000cc200000| PB 0x00000000cc100000| Untracked 
| 194|0x00000000cc200000, 0x00000000cc300000, 0x00000000cc300000|100%| O|  |TAMS 0x00000000cc300000| PB 0x00000000cc200000| Untracked 
| 195|0x00000000cc300000, 0x00000000cc400000, 0x00000000cc400000|100%| O|  |TAMS 0x00000000cc400000| PB 0x00000000cc300000| Untracked 
| 196|0x00000000cc400000, 0x00000000cc500000, 0x00000000cc500000|100%| O|  |TAMS 0x00000000cc500000| PB 0x00000000cc400000| Untracked 
| 197|0x00000000cc500000, 0x00000000cc500000, 0x00000000cc600000|  0%| F|  |TAMS 0x00000000cc500000| PB 0x00000000cc500000| Untracked 
| 198|0x00000000cc600000, 0x00000000cc700000, 0x00000000cc700000|100%| O|  |TAMS 0x00000000cc700000| PB 0x00000000cc600000| Untracked 
| 199|0x00000000cc700000, 0x00000000cc800000, 0x00000000cc800000|100%| O|  |TAMS 0x00000000cc800000| PB 0x00000000cc700000| Untracked 
| 200|0x00000000cc800000, 0x00000000cc900000, 0x00000000cc900000|100%| O|  |TAMS 0x00000000cc900000| PB 0x00000000cc800000| Untracked 
| 201|0x00000000cc900000, 0x00000000cca00000, 0x00000000cca00000|100%| O|  |TAMS 0x00000000cca00000| PB 0x00000000cc900000| Untracked 
| 202|0x00000000cca00000, 0x00000000ccb00000, 0x00000000ccb00000|100%|HS|  |TAMS 0x00000000ccb00000| PB 0x00000000cca00000| Complete 
| 203|0x00000000ccb00000, 0x00000000ccc00000, 0x00000000ccc00000|100%|HC|  |TAMS 0x00000000ccc00000| PB 0x00000000ccb00000| Complete 
| 204|0x00000000ccc00000, 0x00000000ccd00000, 0x00000000ccd00000|100%|HC|  |TAMS 0x00000000ccd00000| PB 0x00000000ccc00000| Complete 
| 205|0x00000000ccd00000, 0x00000000cce00000, 0x00000000cce00000|100%|HC|  |TAMS 0x00000000cce00000| PB 0x00000000ccd00000| Complete 
| 206|0x00000000cce00000, 0x00000000ccf00000, 0x00000000ccf00000|100%|HC|  |TAMS 0x00000000ccf00000| PB 0x00000000cce00000| Complete 
| 207|0x00000000ccf00000, 0x00000000cd000000, 0x00000000cd000000|100%|HC|  |TAMS 0x00000000cd000000| PB 0x00000000ccf00000| Complete 
| 208|0x00000000cd000000, 0x00000000cd100000, 0x00000000cd100000|100%|HS|  |TAMS 0x00000000cd100000| PB 0x00000000cd000000| Complete 
| 209|0x00000000cd100000, 0x00000000cd200000, 0x00000000cd200000|100%|HC|  |TAMS 0x00000000cd200000| PB 0x00000000cd100000| Complete 
| 210|0x00000000cd200000, 0x00000000cd300000, 0x00000000cd300000|100%|HC|  |TAMS 0x00000000cd300000| PB 0x00000000cd200000| Complete 
| 211|0x00000000cd300000, 0x00000000cd400000, 0x00000000cd400000|100%|HC|  |TAMS 0x00000000cd400000| PB 0x00000000cd300000| Complete 
| 212|0x00000000cd400000, 0x00000000cd500000, 0x00000000cd500000|100%|HC|  |TAMS 0x00000000cd500000| PB 0x00000000cd400000| Complete 
| 213|0x00000000cd500000, 0x00000000cd600000, 0x00000000cd600000|100%|HC|  |TAMS 0x00000000cd600000| PB 0x00000000cd500000| Complete 
| 214|0x00000000cd600000, 0x00000000cd700000, 0x00000000cd700000|100%| O|  |TAMS 0x00000000cd700000| PB 0x00000000cd600000| Untracked 
| 215|0x00000000cd700000, 0x00000000cd800000, 0x00000000cd800000|100%| O|  |TAMS 0x00000000cd800000| PB 0x00000000cd700000| Untracked 
| 216|0x00000000cd800000, 0x00000000cd900000, 0x00000000cd900000|100%| O|  |TAMS 0x00000000cd900000| PB 0x00000000cd800000| Untracked 
| 217|0x00000000cd900000, 0x00000000cd900000, 0x00000000cda00000|  0%| F|  |TAMS 0x00000000cd900000| PB 0x00000000cd900000| Untracked 
| 218|0x00000000cda00000, 0x00000000cdb00000, 0x00000000cdb00000|100%| O|  |TAMS 0x00000000cdb00000| PB 0x00000000cda00000| Untracked 
| 219|0x00000000cdb00000, 0x00000000cdc00000, 0x00000000cdc00000|100%| O|  |TAMS 0x00000000cdc00000| PB 0x00000000cdb00000| Untracked 
| 220|0x00000000cdc00000, 0x00000000cdd00000, 0x00000000cdd00000|100%| O|  |TAMS 0x00000000cdd00000| PB 0x00000000cdc00000| Untracked 
| 221|0x00000000cdd00000, 0x00000000cde00000, 0x00000000cde00000|100%| O|  |TAMS 0x00000000cde00000| PB 0x00000000cdd00000| Untracked 
| 222|0x00000000cde00000, 0x00000000cdf00000, 0x00000000cdf00000|100%| O|  |TAMS 0x00000000cdf00000| PB 0x00000000cde00000| Untracked 
| 223|0x00000000cdf00000, 0x00000000cdf00000, 0x00000000ce000000|  0%| F|  |TAMS 0x00000000cdf00000| PB 0x00000000cdf00000| Untracked 
| 224|0x00000000ce000000, 0x00000000ce100000, 0x00000000ce100000|100%| O|  |TAMS 0x00000000ce100000| PB 0x00000000ce000000| Untracked 
| 225|0x00000000ce100000, 0x00000000ce200000, 0x00000000ce200000|100%| O|  |TAMS 0x00000000ce200000| PB 0x00000000ce100000| Untracked 
| 226|0x00000000ce200000, 0x00000000ce300000, 0x00000000ce300000|100%| O|  |TAMS 0x00000000ce300000| PB 0x00000000ce200000| Untracked 
| 227|0x00000000ce300000, 0x00000000ce400000, 0x00000000ce400000|100%| O|  |TAMS 0x00000000ce400000| PB 0x00000000ce300000| Untracked 
| 228|0x00000000ce400000, 0x00000000ce500000, 0x00000000ce500000|100%| O|  |TAMS 0x00000000ce500000| PB 0x00000000ce400000| Untracked 
| 229|0x00000000ce500000, 0x00000000ce600000, 0x00000000ce600000|100%| O|  |TAMS 0x00000000ce600000| PB 0x00000000ce500000| Untracked 
| 230|0x00000000ce600000, 0x00000000ce700000, 0x00000000ce700000|100%| O|  |TAMS 0x00000000ce700000| PB 0x00000000ce600000| Untracked 
| 231|0x00000000ce700000, 0x00000000ce800000, 0x00000000ce800000|100%| O|  |TAMS 0x00000000ce800000| PB 0x00000000ce700000| Untracked 
| 232|0x00000000ce800000, 0x00000000ce900000, 0x00000000ce900000|100%| O|  |TAMS 0x00000000ce900000| PB 0x00000000ce800000| Untracked 
| 233|0x00000000ce900000, 0x00000000cea00000, 0x00000000cea00000|100%| O|  |TAMS 0x00000000cea00000| PB 0x00000000ce900000| Untracked 
| 234|0x00000000cea00000, 0x00000000ceb00000, 0x00000000ceb00000|100%| O|  |TAMS 0x00000000ceb00000| PB 0x00000000cea00000| Untracked 
| 235|0x00000000ceb00000, 0x00000000cec00000, 0x00000000cec00000|100%| O|  |TAMS 0x00000000cec00000| PB 0x00000000ceb00000| Untracked 
| 236|0x00000000cec00000, 0x00000000ced00000, 0x00000000ced00000|100%| O|  |TAMS 0x00000000ced00000| PB 0x00000000cec00000| Untracked 
| 237|0x00000000ced00000, 0x00000000ced00000, 0x00000000cee00000|  0%| F|  |TAMS 0x00000000ced00000| PB 0x00000000ced00000| Untracked 
| 238|0x00000000cee00000, 0x00000000cef00000, 0x00000000cef00000|100%| O|  |TAMS 0x00000000cef00000| PB 0x00000000cee00000| Untracked 
| 239|0x00000000cef00000, 0x00000000cef00000, 0x00000000cf000000|  0%| F|  |TAMS 0x00000000cef00000| PB 0x00000000cef00000| Untracked 
| 240|0x00000000cf000000, 0x00000000cf000000, 0x00000000cf100000|  0%| F|  |TAMS 0x00000000cf000000| PB 0x00000000cf000000| Untracked 
| 241|0x00000000cf100000, 0x00000000cf200000, 0x00000000cf200000|100%| O|  |TAMS 0x00000000cf200000| PB 0x00000000cf100000| Untracked 
| 242|0x00000000cf200000, 0x00000000cf300000, 0x00000000cf300000|100%| O|  |TAMS 0x00000000cf300000| PB 0x00000000cf200000| Untracked 
| 243|0x00000000cf300000, 0x00000000cf400000, 0x00000000cf400000|100%| O|  |TAMS 0x00000000cf400000| PB 0x00000000cf300000| Untracked 
| 244|0x00000000cf400000, 0x00000000cf400000, 0x00000000cf500000|  0%| F|  |TAMS 0x00000000cf400000| PB 0x00000000cf400000| Untracked 
| 245|0x00000000cf500000, 0x00000000cf600000, 0x00000000cf600000|100%| O|  |TAMS 0x00000000cf600000| PB 0x00000000cf500000| Untracked 
| 246|0x00000000cf600000, 0x00000000cf700000, 0x00000000cf700000|100%| O|  |TAMS 0x00000000cf700000| PB 0x00000000cf600000| Untracked 
| 247|0x00000000cf700000, 0x00000000cf800000, 0x00000000cf800000|100%| O|  |TAMS 0x00000000cf800000| PB 0x00000000cf700000| Untracked 
| 248|0x00000000cf800000, 0x00000000cf900000, 0x00000000cf900000|100%| O|  |TAMS 0x00000000cf900000| PB 0x00000000cf800000| Untracked 
| 249|0x00000000cf900000, 0x00000000cfa00000, 0x00000000cfa00000|100%| O|  |TAMS 0x00000000cfa00000| PB 0x00000000cf900000| Untracked 
| 250|0x00000000cfa00000, 0x00000000cfb00000, 0x00000000cfb00000|100%| O|  |TAMS 0x00000000cfb00000| PB 0x00000000cfa00000| Untracked 
| 251|0x00000000cfb00000, 0x00000000cfc00000, 0x00000000cfc00000|100%| O|  |TAMS 0x00000000cfc00000| PB 0x00000000cfb00000| Untracked 
| 252|0x00000000cfc00000, 0x00000000cfd00000, 0x00000000cfd00000|100%| O|  |TAMS 0x00000000cfd00000| PB 0x00000000cfc00000| Untracked 
| 253|0x00000000cfd00000, 0x00000000cfe00000, 0x00000000cfe00000|100%| O|  |TAMS 0x00000000cfe00000| PB 0x00000000cfd00000| Untracked 
| 254|0x00000000cfe00000, 0x00000000cff00000, 0x00000000cff00000|100%| O|  |TAMS 0x00000000cff00000| PB 0x00000000cfe00000| Untracked 
| 255|0x00000000cff00000, 0x00000000cff00000, 0x00000000d0000000|  0%| F|  |TAMS 0x00000000cff00000| PB 0x00000000cff00000| Untracked 
| 256|0x00000000d0000000, 0x00000000d0100000, 0x00000000d0100000|100%| O|  |TAMS 0x00000000d0100000| PB 0x00000000d0000000| Untracked 
| 257|0x00000000d0100000, 0x00000000d0200000, 0x00000000d0200000|100%| O|  |TAMS 0x00000000d0200000| PB 0x00000000d0100000| Untracked 
| 258|0x00000000d0200000, 0x00000000d0200000, 0x00000000d0300000|  0%| F|  |TAMS 0x00000000d0200000| PB 0x00000000d0200000| Untracked 
| 259|0x00000000d0300000, 0x00000000d0400000, 0x00000000d0400000|100%| O|  |TAMS 0x00000000d0400000| PB 0x00000000d0300000| Untracked 
| 260|0x00000000d0400000, 0x00000000d0500000, 0x00000000d0500000|100%| O|  |TAMS 0x00000000d0500000| PB 0x00000000d0400000| Untracked 
| 261|0x00000000d0500000, 0x00000000d0600000, 0x00000000d0600000|100%| O|  |TAMS 0x00000000d0600000| PB 0x00000000d0500000| Untracked 
| 262|0x00000000d0600000, 0x00000000d0700000, 0x00000000d0700000|100%| O|  |TAMS 0x00000000d0700000| PB 0x00000000d0600000| Untracked 
| 263|0x00000000d0700000, 0x00000000d0800000, 0x00000000d0800000|100%| O|  |TAMS 0x00000000d0800000| PB 0x00000000d0700000| Untracked 
| 264|0x00000000d0800000, 0x00000000d0800000, 0x00000000d0900000|  0%| F|  |TAMS 0x00000000d0800000| PB 0x00000000d0800000| Untracked 
| 265|0x00000000d0900000, 0x00000000d0900000, 0x00000000d0a00000|  0%| F|  |TAMS 0x00000000d0900000| PB 0x00000000d0900000| Untracked 
| 266|0x00000000d0a00000, 0x00000000d0b00000, 0x00000000d0b00000|100%| O|  |TAMS 0x00000000d0b00000| PB 0x00000000d0a00000| Untracked 
| 267|0x00000000d0b00000, 0x00000000d0c00000, 0x00000000d0c00000|100%| O|  |TAMS 0x00000000d0c00000| PB 0x00000000d0b00000| Untracked 
| 268|0x00000000d0c00000, 0x00000000d0d00000, 0x00000000d0d00000|100%| O|  |TAMS 0x00000000d0d00000| PB 0x00000000d0c00000| Untracked 
| 269|0x00000000d0d00000, 0x00000000d0e00000, 0x00000000d0e00000|100%| O|  |TAMS 0x00000000d0e00000| PB 0x00000000d0d00000| Untracked 
| 270|0x00000000d0e00000, 0x00000000d0f00000, 0x00000000d0f00000|100%| O|  |TAMS 0x00000000d0f00000| PB 0x00000000d0e00000| Untracked 
| 271|0x00000000d0f00000, 0x00000000d1000000, 0x00000000d1000000|100%| O|  |TAMS 0x00000000d1000000| PB 0x00000000d0f00000| Untracked 
| 272|0x00000000d1000000, 0x00000000d1100000, 0x00000000d1100000|100%| O|  |TAMS 0x00000000d1100000| PB 0x00000000d1000000| Untracked 
| 273|0x00000000d1100000, 0x00000000d1200000, 0x00000000d1200000|100%| O|  |TAMS 0x00000000d1200000| PB 0x00000000d1100000| Untracked 
| 274|0x00000000d1200000, 0x00000000d1200000, 0x00000000d1300000|  0%| F|  |TAMS 0x00000000d1200000| PB 0x00000000d1200000| Untracked 
| 275|0x00000000d1300000, 0x00000000d1300000, 0x00000000d1400000|  0%| F|  |TAMS 0x00000000d1300000| PB 0x00000000d1300000| Untracked 
| 276|0x00000000d1400000, 0x00000000d1500000, 0x00000000d1500000|100%| O|  |TAMS 0x00000000d1500000| PB 0x00000000d1400000| Untracked 
| 277|0x00000000d1500000, 0x00000000d1600000, 0x00000000d1600000|100%| O|  |TAMS 0x00000000d1600000| PB 0x00000000d1500000| Untracked 
| 278|0x00000000d1600000, 0x00000000d1700000, 0x00000000d1700000|100%| O|  |TAMS 0x00000000d1700000| PB 0x00000000d1600000| Untracked 
| 279|0x00000000d1700000, 0x00000000d1800000, 0x00000000d1800000|100%| O|  |TAMS 0x00000000d1800000| PB 0x00000000d1700000| Untracked 
| 280|0x00000000d1800000, 0x00000000d1900000, 0x00000000d1900000|100%| O|  |TAMS 0x00000000d1900000| PB 0x00000000d1800000| Untracked 
| 281|0x00000000d1900000, 0x00000000d1900000, 0x00000000d1a00000|  0%| F|  |TAMS 0x00000000d1900000| PB 0x00000000d1900000| Untracked 
| 282|0x00000000d1a00000, 0x00000000d1a00000, 0x00000000d1b00000|  0%| F|  |TAMS 0x00000000d1a00000| PB 0x00000000d1a00000| Untracked 
| 283|0x00000000d1b00000, 0x00000000d1b00000, 0x00000000d1c00000|  0%| F|  |TAMS 0x00000000d1b00000| PB 0x00000000d1b00000| Untracked 
| 284|0x00000000d1c00000, 0x00000000d1d00000, 0x00000000d1d00000|100%| O|  |TAMS 0x00000000d1d00000| PB 0x00000000d1c00000| Untracked 
| 285|0x00000000d1d00000, 0x00000000d1e00000, 0x00000000d1e00000|100%| O|  |TAMS 0x00000000d1e00000| PB 0x00000000d1d00000| Untracked 
| 286|0x00000000d1e00000, 0x00000000d1f00000, 0x00000000d1f00000|100%| O|  |TAMS 0x00000000d1f00000| PB 0x00000000d1e00000| Untracked 
| 287|0x00000000d1f00000, 0x00000000d2000000, 0x00000000d2000000|100%| O|  |TAMS 0x00000000d2000000| PB 0x00000000d1f00000| Untracked 
| 288|0x00000000d2000000, 0x00000000d2100000, 0x00000000d2100000|100%| O|  |TAMS 0x00000000d2100000| PB 0x00000000d2000000| Untracked 
| 289|0x00000000d2100000, 0x00000000d2100000, 0x00000000d2200000|  0%| F|  |TAMS 0x00000000d2100000| PB 0x00000000d2100000| Untracked 
| 290|0x00000000d2200000, 0x00000000d2300000, 0x00000000d2300000|100%| O|  |TAMS 0x00000000d2300000| PB 0x00000000d2200000| Untracked 
| 291|0x00000000d2300000, 0x00000000d2400000, 0x00000000d2400000|100%| O|  |TAMS 0x00000000d2400000| PB 0x00000000d2300000| Untracked 
| 292|0x00000000d2400000, 0x00000000d2500000, 0x00000000d2500000|100%| O|  |TAMS 0x00000000d2500000| PB 0x00000000d2400000| Untracked 
| 293|0x00000000d2500000, 0x00000000d2600000, 0x00000000d2600000|100%| O|  |TAMS 0x00000000d2600000| PB 0x00000000d2500000| Untracked 
| 294|0x00000000d2600000, 0x00000000d2700000, 0x00000000d2700000|100%| O|  |TAMS 0x00000000d2700000| PB 0x00000000d2600000| Untracked 
| 295|0x00000000d2700000, 0x00000000d2800000, 0x00000000d2800000|100%| O|  |TAMS 0x00000000d2800000| PB 0x00000000d2700000| Untracked 
| 296|0x00000000d2800000, 0x00000000d2900000, 0x00000000d2900000|100%| O|  |TAMS 0x00000000d2900000| PB 0x00000000d2800000| Untracked 
| 297|0x00000000d2900000, 0x00000000d2a00000, 0x00000000d2a00000|100%| O|  |TAMS 0x00000000d2a00000| PB 0x00000000d2900000| Untracked 
| 298|0x00000000d2a00000, 0x00000000d2b00000, 0x00000000d2b00000|100%| O|  |TAMS 0x00000000d2b00000| PB 0x00000000d2a00000| Untracked 
| 299|0x00000000d2b00000, 0x00000000d2c00000, 0x00000000d2c00000|100%| O|  |TAMS 0x00000000d2c00000| PB 0x00000000d2b00000| Untracked 
| 300|0x00000000d2c00000, 0x00000000d2d00000, 0x00000000d2d00000|100%| O|  |TAMS 0x00000000d2d00000| PB 0x00000000d2c00000| Untracked 
| 301|0x00000000d2d00000, 0x00000000d2d00000, 0x00000000d2e00000|  0%| F|  |TAMS 0x00000000d2d00000| PB 0x00000000d2d00000| Untracked 
| 302|0x00000000d2e00000, 0x00000000d2e00000, 0x00000000d2f00000|  0%| F|  |TAMS 0x00000000d2e00000| PB 0x00000000d2e00000| Untracked 
| 303|0x00000000d2f00000, 0x00000000d2f00000, 0x00000000d3000000|  0%| F|  |TAMS 0x00000000d2f00000| PB 0x00000000d2f00000| Untracked 
| 304|0x00000000d3000000, 0x00000000d3000000, 0x00000000d3100000|  0%| F|  |TAMS 0x00000000d3000000| PB 0x00000000d3000000| Untracked 
| 305|0x00000000d3100000, 0x00000000d3200000, 0x00000000d3200000|100%|HS|  |TAMS 0x00000000d3200000| PB 0x00000000d3100000| Complete 
| 306|0x00000000d3200000, 0x00000000d3300000, 0x00000000d3300000|100%|HC|  |TAMS 0x00000000d3300000| PB 0x00000000d3200000| Complete 
| 307|0x00000000d3300000, 0x00000000d3400000, 0x00000000d3400000|100%| O|  |TAMS 0x00000000d3400000| PB 0x00000000d3300000| Untracked 
| 308|0x00000000d3400000, 0x00000000d3500000, 0x00000000d3500000|100%| O|  |TAMS 0x00000000d3500000| PB 0x00000000d3400000| Untracked 
| 309|0x00000000d3500000, 0x00000000d3600000, 0x00000000d3600000|100%| O|  |TAMS 0x00000000d3600000| PB 0x00000000d3500000| Untracked 
| 310|0x00000000d3600000, 0x00000000d3600000, 0x00000000d3700000|  0%| F|  |TAMS 0x00000000d3600000| PB 0x00000000d3600000| Untracked 
| 311|0x00000000d3700000, 0x00000000d3700000, 0x00000000d3800000|  0%| F|  |TAMS 0x00000000d3700000| PB 0x00000000d3700000| Untracked 
| 312|0x00000000d3800000, 0x00000000d3900000, 0x00000000d3900000|100%| O|  |TAMS 0x00000000d3900000| PB 0x00000000d3800000| Untracked 
| 313|0x00000000d3900000, 0x00000000d3a00000, 0x00000000d3a00000|100%| O|  |TAMS 0x00000000d3a00000| PB 0x00000000d3900000| Untracked 
| 314|0x00000000d3a00000, 0x00000000d3a00000, 0x00000000d3b00000|  0%| F|  |TAMS 0x00000000d3a00000| PB 0x00000000d3a00000| Untracked 
| 315|0x00000000d3b00000, 0x00000000d3c00000, 0x00000000d3c00000|100%| O|  |TAMS 0x00000000d3c00000| PB 0x00000000d3b00000| Untracked 
| 316|0x00000000d3c00000, 0x00000000d3d00000, 0x00000000d3d00000|100%| O|  |TAMS 0x00000000d3d00000| PB 0x00000000d3c00000| Untracked 
| 317|0x00000000d3d00000, 0x00000000d3e00000, 0x00000000d3e00000|100%| O|  |TAMS 0x00000000d3e00000| PB 0x00000000d3d00000| Untracked 
| 318|0x00000000d3e00000, 0x00000000d3f00000, 0x00000000d3f00000|100%| O|  |TAMS 0x00000000d3f00000| PB 0x00000000d3e00000| Untracked 
| 319|0x00000000d3f00000, 0x00000000d4000000, 0x00000000d4000000|100%| O|  |TAMS 0x00000000d4000000| PB 0x00000000d3f00000| Untracked 
| 320|0x00000000d4000000, 0x00000000d4100000, 0x00000000d4100000|100%| O|  |TAMS 0x00000000d4100000| PB 0x00000000d4000000| Untracked 
| 321|0x00000000d4100000, 0x00000000d4200000, 0x00000000d4200000|100%| O|  |TAMS 0x00000000d4200000| PB 0x00000000d4100000| Untracked 
| 322|0x00000000d4200000, 0x00000000d4300000, 0x00000000d4300000|100%| O|  |TAMS 0x00000000d4300000| PB 0x00000000d4200000| Untracked 
| 323|0x00000000d4300000, 0x00000000d4400000, 0x00000000d4400000|100%| O|  |TAMS 0x00000000d4400000| PB 0x00000000d4300000| Untracked 
| 324|0x00000000d4400000, 0x00000000d4500000, 0x00000000d4500000|100%| O|  |TAMS 0x00000000d4500000| PB 0x00000000d4400000| Untracked 
| 325|0x00000000d4500000, 0x00000000d4600000, 0x00000000d4600000|100%| O|  |TAMS 0x00000000d4600000| PB 0x00000000d4500000| Untracked 
| 326|0x00000000d4600000, 0x00000000d4600000, 0x00000000d4700000|  0%| F|  |TAMS 0x00000000d4600000| PB 0x00000000d4600000| Untracked 
| 327|0x00000000d4700000, 0x00000000d4700000, 0x00000000d4800000|  0%| F|  |TAMS 0x00000000d4700000| PB 0x00000000d4700000| Untracked 
| 328|0x00000000d4800000, 0x00000000d4900000, 0x00000000d4900000|100%| O|  |TAMS 0x00000000d4900000| PB 0x00000000d4800000| Untracked 
| 329|0x00000000d4900000, 0x00000000d4900000, 0x00000000d4a00000|  0%| F|  |TAMS 0x00000000d4900000| PB 0x00000000d4900000| Untracked 
| 330|0x00000000d4a00000, 0x00000000d4b00000, 0x00000000d4b00000|100%| O|  |TAMS 0x00000000d4b00000| PB 0x00000000d4a00000| Untracked 
| 331|0x00000000d4b00000, 0x00000000d4c00000, 0x00000000d4c00000|100%| O|  |TAMS 0x00000000d4c00000| PB 0x00000000d4b00000| Untracked 
| 332|0x00000000d4c00000, 0x00000000d4d00000, 0x00000000d4d00000|100%| O|  |TAMS 0x00000000d4d00000| PB 0x00000000d4c00000| Untracked 
| 333|0x00000000d4d00000, 0x00000000d4e00000, 0x00000000d4e00000|100%| O|  |TAMS 0x00000000d4e00000| PB 0x00000000d4d00000| Untracked 
| 334|0x00000000d4e00000, 0x00000000d4f00000, 0x00000000d4f00000|100%| O|  |TAMS 0x00000000d4f00000| PB 0x00000000d4e00000| Untracked 
| 335|0x00000000d4f00000, 0x00000000d5000000, 0x00000000d5000000|100%| O|  |TAMS 0x00000000d5000000| PB 0x00000000d4f00000| Untracked 
| 336|0x00000000d5000000, 0x00000000d5100000, 0x00000000d5100000|100%| O|  |TAMS 0x00000000d5100000| PB 0x00000000d5000000| Untracked 
| 337|0x00000000d5100000, 0x00000000d5200000, 0x00000000d5200000|100%| O|  |TAMS 0x00000000d5200000| PB 0x00000000d5100000| Untracked 
| 338|0x00000000d5200000, 0x00000000d5300000, 0x00000000d5300000|100%| O|  |TAMS 0x00000000d5300000| PB 0x00000000d5200000| Untracked 
| 339|0x00000000d5300000, 0x00000000d5400000, 0x00000000d5400000|100%| O|  |TAMS 0x00000000d5400000| PB 0x00000000d5300000| Untracked 
| 340|0x00000000d5400000, 0x00000000d5500000, 0x00000000d5500000|100%| O|  |TAMS 0x00000000d5500000| PB 0x00000000d5400000| Untracked 
| 341|0x00000000d5500000, 0x00000000d5600000, 0x00000000d5600000|100%| O|  |TAMS 0x00000000d5600000| PB 0x00000000d5500000| Untracked 
| 342|0x00000000d5600000, 0x00000000d5700000, 0x00000000d5700000|100%| O|  |TAMS 0x00000000d5700000| PB 0x00000000d5600000| Untracked 
| 343|0x00000000d5700000, 0x00000000d5800000, 0x00000000d5800000|100%| O|  |TAMS 0x00000000d5800000| PB 0x00000000d5700000| Untracked 
| 344|0x00000000d5800000, 0x00000000d5900000, 0x00000000d5900000|100%| O|  |TAMS 0x00000000d5900000| PB 0x00000000d5800000| Untracked 
| 345|0x00000000d5900000, 0x00000000d5a00000, 0x00000000d5a00000|100%| O|  |TAMS 0x00000000d5a00000| PB 0x00000000d5900000| Untracked 
| 346|0x00000000d5a00000, 0x00000000d5b00000, 0x00000000d5b00000|100%| O|  |TAMS 0x00000000d5b00000| PB 0x00000000d5a00000| Untracked 
| 347|0x00000000d5b00000, 0x00000000d5c00000, 0x00000000d5c00000|100%| O|  |TAMS 0x00000000d5c00000| PB 0x00000000d5b00000| Untracked 
| 348|0x00000000d5c00000, 0x00000000d5d00000, 0x00000000d5d00000|100%| O|  |TAMS 0x00000000d5d00000| PB 0x00000000d5c00000| Untracked 
| 349|0x00000000d5d00000, 0x00000000d5e00000, 0x00000000d5e00000|100%| O|  |TAMS 0x00000000d5e00000| PB 0x00000000d5d00000| Untracked 
| 350|0x00000000d5e00000, 0x00000000d5f00000, 0x00000000d5f00000|100%| O|  |TAMS 0x00000000d5f00000| PB 0x00000000d5e00000| Untracked 
| 351|0x00000000d5f00000, 0x00000000d6000000, 0x00000000d6000000|100%| O|  |TAMS 0x00000000d6000000| PB 0x00000000d5f00000| Untracked 
| 352|0x00000000d6000000, 0x00000000d6100000, 0x00000000d6100000|100%| O|  |TAMS 0x00000000d6100000| PB 0x00000000d6000000| Untracked 
| 353|0x00000000d6100000, 0x00000000d6200000, 0x00000000d6200000|100%| O|  |TAMS 0x00000000d6200000| PB 0x00000000d6100000| Untracked 
| 354|0x00000000d6200000, 0x00000000d6300000, 0x00000000d6300000|100%| O|  |TAMS 0x00000000d6300000| PB 0x00000000d6200000| Untracked 
| 355|0x00000000d6300000, 0x00000000d6400000, 0x00000000d6400000|100%| O|  |TAMS 0x00000000d6400000| PB 0x00000000d6300000| Untracked 
| 356|0x00000000d6400000, 0x00000000d6500000, 0x00000000d6500000|100%| O|  |TAMS 0x00000000d6500000| PB 0x00000000d6400000| Untracked 
| 357|0x00000000d6500000, 0x00000000d6600000, 0x00000000d6600000|100%| O|  |TAMS 0x00000000d6600000| PB 0x00000000d6500000| Untracked 
| 358|0x00000000d6600000, 0x00000000d6700000, 0x00000000d6700000|100%| O|  |TAMS 0x00000000d6700000| PB 0x00000000d6600000| Untracked 
| 359|0x00000000d6700000, 0x00000000d6800000, 0x00000000d6800000|100%| O|  |TAMS 0x00000000d6800000| PB 0x00000000d6700000| Untracked 
| 360|0x00000000d6800000, 0x00000000d6900000, 0x00000000d6900000|100%| O|  |TAMS 0x00000000d6900000| PB 0x00000000d6800000| Untracked 
| 361|0x00000000d6900000, 0x00000000d6a00000, 0x00000000d6a00000|100%| O|  |TAMS 0x00000000d6a00000| PB 0x00000000d6900000| Untracked 
| 362|0x00000000d6a00000, 0x00000000d6b00000, 0x00000000d6b00000|100%| O|  |TAMS 0x00000000d6b00000| PB 0x00000000d6a00000| Untracked 
| 363|0x00000000d6b00000, 0x00000000d6c00000, 0x00000000d6c00000|100%| O|  |TAMS 0x00000000d6c00000| PB 0x00000000d6b00000| Untracked 
| 364|0x00000000d6c00000, 0x00000000d6d00000, 0x00000000d6d00000|100%| O|  |TAMS 0x00000000d6d00000| PB 0x00000000d6c00000| Untracked 
| 365|0x00000000d6d00000, 0x00000000d6e00000, 0x00000000d6e00000|100%| O|  |TAMS 0x00000000d6e00000| PB 0x00000000d6d00000| Untracked 
| 366|0x00000000d6e00000, 0x00000000d6f00000, 0x00000000d6f00000|100%| O|  |TAMS 0x00000000d6f00000| PB 0x00000000d6e00000| Untracked 
| 367|0x00000000d6f00000, 0x00000000d7000000, 0x00000000d7000000|100%| O|  |TAMS 0x00000000d7000000| PB 0x00000000d6f00000| Untracked 
| 368|0x00000000d7000000, 0x00000000d7100000, 0x00000000d7100000|100%| O|  |TAMS 0x00000000d7100000| PB 0x00000000d7000000| Untracked 
| 369|0x00000000d7100000, 0x00000000d7200000, 0x00000000d7200000|100%| O|  |TAMS 0x00000000d7200000| PB 0x00000000d7100000| Untracked 
| 370|0x00000000d7200000, 0x00000000d7200000, 0x00000000d7300000|  0%| F|  |TAMS 0x00000000d7200000| PB 0x00000000d7200000| Untracked 
| 371|0x00000000d7300000, 0x00000000d7300000, 0x00000000d7400000|  0%| F|  |TAMS 0x00000000d7300000| PB 0x00000000d7300000| Untracked 
| 372|0x00000000d7400000, 0x00000000d7400000, 0x00000000d7500000|  0%| F|  |TAMS 0x00000000d7400000| PB 0x00000000d7400000| Untracked 
| 373|0x00000000d7500000, 0x00000000d7580000, 0x00000000d7600000| 50%| S|CS|TAMS 0x00000000d7500000| PB 0x00000000d7500000| Complete 
| 374|0x00000000d7600000, 0x00000000d7700000, 0x00000000d7700000|100%| S|CS|TAMS 0x00000000d7600000| PB 0x00000000d7600000| Complete 
| 375|0x00000000d7700000, 0x00000000d7800000, 0x00000000d7800000|100%| S|CS|TAMS 0x00000000d7700000| PB 0x00000000d7700000| Complete 
| 376|0x00000000d7800000, 0x00000000d7900000, 0x00000000d7900000|100%| S|CS|TAMS 0x00000000d7800000| PB 0x00000000d7800000| Complete 
| 377|0x00000000d7900000, 0x00000000d7a00000, 0x00000000d7a00000|100%| O|  |TAMS 0x00000000d7a00000| PB 0x00000000d7900000| Untracked 
| 378|0x00000000d7a00000, 0x00000000d7b00000, 0x00000000d7b00000|100%| O|  |TAMS 0x00000000d7b00000| PB 0x00000000d7a00000| Untracked 
| 379|0x00000000d7b00000, 0x00000000d7c00000, 0x00000000d7c00000|100%| O|  |TAMS 0x00000000d7c00000| PB 0x00000000d7b00000| Untracked 
| 380|0x00000000d7c00000, 0x00000000d7d00000, 0x00000000d7d00000|100%| O|  |TAMS 0x00000000d7d00000| PB 0x00000000d7c00000| Untracked 
| 381|0x00000000d7d00000, 0x00000000d7e00000, 0x00000000d7e00000|100%| O|  |TAMS 0x00000000d7e00000| PB 0x00000000d7d00000| Untracked 
| 382|0x00000000d7e00000, 0x00000000d7f00000, 0x00000000d7f00000|100%| O|  |TAMS 0x00000000d7f00000| PB 0x00000000d7e00000| Untracked 
| 383|0x00000000d7f00000, 0x00000000d8000000, 0x00000000d8000000|100%| O|  |TAMS 0x00000000d8000000| PB 0x00000000d7f00000| Untracked 
| 384|0x00000000d8000000, 0x00000000d8100000, 0x00000000d8100000|100%| O|  |TAMS 0x00000000d8100000| PB 0x00000000d8000000| Untracked 
| 385|0x00000000d8100000, 0x00000000d8200000, 0x00000000d8200000|100%| O|  |TAMS 0x00000000d8200000| PB 0x00000000d8100000| Untracked 
| 386|0x00000000d8200000, 0x00000000d8300000, 0x00000000d8300000|100%| O|  |TAMS 0x00000000d8300000| PB 0x00000000d8200000| Untracked 
| 387|0x00000000d8300000, 0x00000000d8400000, 0x00000000d8400000|100%| O|  |TAMS 0x00000000d8400000| PB 0x00000000d8300000| Untracked 
| 388|0x00000000d8400000, 0x00000000d8500000, 0x00000000d8500000|100%| O|  |TAMS 0x00000000d8500000| PB 0x00000000d8400000| Untracked 
| 389|0x00000000d8500000, 0x00000000d8600000, 0x00000000d8600000|100%| O|  |TAMS 0x00000000d8600000| PB 0x00000000d8500000| Untracked 
| 390|0x00000000d8600000, 0x00000000d8700000, 0x00000000d8700000|100%| O|  |TAMS 0x00000000d8700000| PB 0x00000000d8600000| Untracked 
| 391|0x00000000d8700000, 0x00000000d8800000, 0x00000000d8800000|100%| S|CS|TAMS 0x00000000d8700000| PB 0x00000000d8700000| Complete 
| 392|0x00000000d8800000, 0x00000000d8900000, 0x00000000d8900000|100%| S|CS|TAMS 0x00000000d8800000| PB 0x00000000d8800000| Complete 
| 393|0x00000000d8900000, 0x00000000d8a00000, 0x00000000d8a00000|100%| S|CS|TAMS 0x00000000d8900000| PB 0x00000000d8900000| Complete 
| 394|0x00000000d8a00000, 0x00000000d8b00000, 0x00000000d8b00000|100%| S|CS|TAMS 0x00000000d8a00000| PB 0x00000000d8a00000| Complete 
| 395|0x00000000d8b00000, 0x00000000d8c00000, 0x00000000d8c00000|100%| S|CS|TAMS 0x00000000d8b00000| PB 0x00000000d8b00000| Complete 
| 396|0x00000000d8c00000, 0x00000000d8d00000, 0x00000000d8d00000|100%| S|CS|TAMS 0x00000000d8c00000| PB 0x00000000d8c00000| Complete 
| 397|0x00000000d8d00000, 0x00000000d8e00000, 0x00000000d8e00000|100%| S|CS|TAMS 0x00000000d8d00000| PB 0x00000000d8d00000| Complete 
| 398|0x00000000d8e00000, 0x00000000d8f00000, 0x00000000d8f00000|100%| S|CS|TAMS 0x00000000d8e00000| PB 0x00000000d8e00000| Complete 
| 399|0x00000000d8f00000, 0x00000000d9000000, 0x00000000d9000000|100%| S|CS|TAMS 0x00000000d8f00000| PB 0x00000000d8f00000| Complete 
| 400|0x00000000d9000000, 0x00000000d9100000, 0x00000000d9100000|100%| S|CS|TAMS 0x00000000d9000000| PB 0x00000000d9000000| Complete 
| 401|0x00000000d9100000, 0x00000000d9200000, 0x00000000d9200000|100%| S|CS|TAMS 0x00000000d9100000| PB 0x00000000d9100000| Complete 
| 402|0x00000000d9200000, 0x00000000d9300000, 0x00000000d9300000|100%| S|CS|TAMS 0x00000000d9200000| PB 0x00000000d9200000| Complete 
| 403|0x00000000d9300000, 0x00000000d9400000, 0x00000000d9400000|100%| S|CS|TAMS 0x00000000d9300000| PB 0x00000000d9300000| Complete 
| 404|0x00000000d9400000, 0x00000000d9500000, 0x00000000d9500000|100%| S|CS|TAMS 0x00000000d9400000| PB 0x00000000d9400000| Complete 
| 405|0x00000000d9500000, 0x00000000d9600000, 0x00000000d9600000|100%| S|CS|TAMS 0x00000000d9500000| PB 0x00000000d9500000| Complete 
| 406|0x00000000d9600000, 0x00000000d9700000, 0x00000000d9700000|100%| S|CS|TAMS 0x00000000d9600000| PB 0x00000000d9600000| Complete 
| 407|0x00000000d9700000, 0x00000000d9700000, 0x00000000d9800000|  0%| F|  |TAMS 0x00000000d9700000| PB 0x00000000d9700000| Untracked 
| 408|0x00000000d9800000, 0x00000000d9800000, 0x00000000d9900000|  0%| F|  |TAMS 0x00000000d9800000| PB 0x00000000d9800000| Untracked 
| 409|0x00000000d9900000, 0x00000000d9900000, 0x00000000d9a00000|  0%| F|  |TAMS 0x00000000d9900000| PB 0x00000000d9900000| Untracked 
| 410|0x00000000d9a00000, 0x00000000d9a00000, 0x00000000d9b00000|  0%| F|  |TAMS 0x00000000d9a00000| PB 0x00000000d9a00000| Untracked 
| 411|0x00000000d9b00000, 0x00000000d9b00000, 0x00000000d9c00000|  0%| F|  |TAMS 0x00000000d9b00000| PB 0x00000000d9b00000| Untracked 
| 412|0x00000000d9c00000, 0x00000000d9c00000, 0x00000000d9d00000|  0%| F|  |TAMS 0x00000000d9c00000| PB 0x00000000d9c00000| Untracked 
| 413|0x00000000d9d00000, 0x00000000d9d00000, 0x00000000d9e00000|  0%| F|  |TAMS 0x00000000d9d00000| PB 0x00000000d9d00000| Untracked 
| 414|0x00000000d9e00000, 0x00000000d9e00000, 0x00000000d9f00000|  0%| F|  |TAMS 0x00000000d9e00000| PB 0x00000000d9e00000| Untracked 
| 415|0x00000000d9f00000, 0x00000000d9f00000, 0x00000000da000000|  0%| F|  |TAMS 0x00000000d9f00000| PB 0x00000000d9f00000| Untracked 
| 416|0x00000000da000000, 0x00000000da000000, 0x00000000da100000|  0%| F|  |TAMS 0x00000000da000000| PB 0x00000000da000000| Untracked 
| 417|0x00000000da100000, 0x00000000da100000, 0x00000000da200000|  0%| F|  |TAMS 0x00000000da100000| PB 0x00000000da100000| Untracked 
| 418|0x00000000da200000, 0x00000000da200000, 0x00000000da300000|  0%| F|  |TAMS 0x00000000da200000| PB 0x00000000da200000| Untracked 
| 419|0x00000000da300000, 0x00000000da300000, 0x00000000da400000|  0%| F|  |TAMS 0x00000000da300000| PB 0x00000000da300000| Untracked 
| 420|0x00000000da400000, 0x00000000da400000, 0x00000000da500000|  0%| F|  |TAMS 0x00000000da400000| PB 0x00000000da400000| Untracked 
| 421|0x00000000da500000, 0x00000000da500000, 0x00000000da600000|  0%| F|  |TAMS 0x00000000da500000| PB 0x00000000da500000| Untracked 
| 422|0x00000000da600000, 0x00000000da600000, 0x00000000da700000|  0%| F|  |TAMS 0x00000000da600000| PB 0x00000000da600000| Untracked 
| 423|0x00000000da700000, 0x00000000da700000, 0x00000000da800000|  0%| F|  |TAMS 0x00000000da700000| PB 0x00000000da700000| Untracked 
| 424|0x00000000da800000, 0x00000000da800000, 0x00000000da900000|  0%| F|  |TAMS 0x00000000da800000| PB 0x00000000da800000| Untracked 
| 425|0x00000000da900000, 0x00000000daa00000, 0x00000000daa00000|100%| S|CS|TAMS 0x00000000da900000| PB 0x00000000da900000| Complete 
| 426|0x00000000daa00000, 0x00000000dab00000, 0x00000000dab00000|100%| S|CS|TAMS 0x00000000daa00000| PB 0x00000000daa00000| Complete 
| 427|0x00000000dab00000, 0x00000000dac00000, 0x00000000dac00000|100%| S|CS|TAMS 0x00000000dab00000| PB 0x00000000dab00000| Complete 
| 428|0x00000000dac00000, 0x00000000dac00000, 0x00000000dad00000|  0%| F|  |TAMS 0x00000000dac00000| PB 0x00000000dac00000| Untracked 
| 429|0x00000000dad00000, 0x00000000dad00000, 0x00000000dae00000|  0%| F|  |TAMS 0x00000000dad00000| PB 0x00000000dad00000| Untracked 
| 430|0x00000000dae00000, 0x00000000dae00000, 0x00000000daf00000|  0%| F|  |TAMS 0x00000000dae00000| PB 0x00000000dae00000| Untracked 
| 431|0x00000000daf00000, 0x00000000daf00000, 0x00000000db000000|  0%| F|  |TAMS 0x00000000daf00000| PB 0x00000000daf00000| Untracked 
| 432|0x00000000db000000, 0x00000000db000000, 0x00000000db100000|  0%| F|  |TAMS 0x00000000db000000| PB 0x00000000db000000| Untracked 
| 433|0x00000000db100000, 0x00000000db100000, 0x00000000db200000|  0%| F|  |TAMS 0x00000000db100000| PB 0x00000000db100000| Untracked 
| 434|0x00000000db200000, 0x00000000db200000, 0x00000000db300000|  0%| F|  |TAMS 0x00000000db200000| PB 0x00000000db200000| Untracked 
| 435|0x00000000db300000, 0x00000000db300000, 0x00000000db400000|  0%| F|  |TAMS 0x00000000db300000| PB 0x00000000db300000| Untracked 
| 436|0x00000000db400000, 0x00000000db400000, 0x00000000db500000|  0%| F|  |TAMS 0x00000000db400000| PB 0x00000000db400000| Untracked 
| 437|0x00000000db500000, 0x00000000db500000, 0x00000000db600000|  0%| F|  |TAMS 0x00000000db500000| PB 0x00000000db500000| Untracked 
| 438|0x00000000db600000, 0x00000000db600000, 0x00000000db700000|  0%| F|  |TAMS 0x00000000db600000| PB 0x00000000db600000| Untracked 
| 439|0x00000000db700000, 0x00000000db700000, 0x00000000db800000|  0%| F|  |TAMS 0x00000000db700000| PB 0x00000000db700000| Untracked 
| 440|0x00000000db800000, 0x00000000db800000, 0x00000000db900000|  0%| F|  |TAMS 0x00000000db800000| PB 0x00000000db800000| Untracked 
| 441|0x00000000db900000, 0x00000000db900000, 0x00000000dba00000|  0%| F|  |TAMS 0x00000000db900000| PB 0x00000000db900000| Untracked 
| 442|0x00000000dba00000, 0x00000000dba00000, 0x00000000dbb00000|  0%| F|  |TAMS 0x00000000dba00000| PB 0x00000000dba00000| Untracked 
| 443|0x00000000dbb00000, 0x00000000dbb00000, 0x00000000dbc00000|  0%| F|  |TAMS 0x00000000dbb00000| PB 0x00000000dbb00000| Untracked 
| 444|0x00000000dbc00000, 0x00000000dbc00000, 0x00000000dbd00000|  0%| F|  |TAMS 0x00000000dbc00000| PB 0x00000000dbc00000| Untracked 
| 445|0x00000000dbd00000, 0x00000000dbd00000, 0x00000000dbe00000|  0%| F|  |TAMS 0x00000000dbd00000| PB 0x00000000dbd00000| Untracked 
| 446|0x00000000dbe00000, 0x00000000dbe00000, 0x00000000dbf00000|  0%| F|  |TAMS 0x00000000dbe00000| PB 0x00000000dbe00000| Untracked 
| 447|0x00000000dbf00000, 0x00000000dbf00000, 0x00000000dc000000|  0%| F|  |TAMS 0x00000000dbf00000| PB 0x00000000dbf00000| Untracked 
| 448|0x00000000dc000000, 0x00000000dc000000, 0x00000000dc100000|  0%| F|  |TAMS 0x00000000dc000000| PB 0x00000000dc000000| Untracked 
| 449|0x00000000dc100000, 0x00000000dc100000, 0x00000000dc200000|  0%| F|  |TAMS 0x00000000dc100000| PB 0x00000000dc100000| Untracked 
| 450|0x00000000dc200000, 0x00000000dc200000, 0x00000000dc300000|  0%| F|  |TAMS 0x00000000dc200000| PB 0x00000000dc200000| Untracked 
| 451|0x00000000dc300000, 0x00000000dc300000, 0x00000000dc400000|  0%| F|  |TAMS 0x00000000dc300000| PB 0x00000000dc300000| Untracked 
| 452|0x00000000dc400000, 0x00000000dc400000, 0x00000000dc500000|  0%| F|  |TAMS 0x00000000dc400000| PB 0x00000000dc400000| Untracked 
| 453|0x00000000dc500000, 0x00000000dc500000, 0x00000000dc600000|  0%| F|  |TAMS 0x00000000dc500000| PB 0x00000000dc500000| Untracked 
| 454|0x00000000dc600000, 0x00000000dc600000, 0x00000000dc700000|  0%| F|  |TAMS 0x00000000dc600000| PB 0x00000000dc600000| Untracked 
| 455|0x00000000dc700000, 0x00000000dc700000, 0x00000000dc800000|  0%| F|  |TAMS 0x00000000dc700000| PB 0x00000000dc700000| Untracked 
| 456|0x00000000dc800000, 0x00000000dc800000, 0x00000000dc900000|  0%| F|  |TAMS 0x00000000dc800000| PB 0x00000000dc800000| Untracked 
| 457|0x00000000dc900000, 0x00000000dc900000, 0x00000000dca00000|  0%| F|  |TAMS 0x00000000dc900000| PB 0x00000000dc900000| Untracked 
| 458|0x00000000dca00000, 0x00000000dca00000, 0x00000000dcb00000|  0%| F|  |TAMS 0x00000000dca00000| PB 0x00000000dca00000| Untracked 
| 459|0x00000000dcb00000, 0x00000000dcb00000, 0x00000000dcc00000|  0%| F|  |TAMS 0x00000000dcb00000| PB 0x00000000dcb00000| Untracked 
| 460|0x00000000dcc00000, 0x00000000dcc00000, 0x00000000dcd00000|  0%| F|  |TAMS 0x00000000dcc00000| PB 0x00000000dcc00000| Untracked 
| 461|0x00000000dcd00000, 0x00000000dcd00000, 0x00000000dce00000|  0%| F|  |TAMS 0x00000000dcd00000| PB 0x00000000dcd00000| Untracked 
| 462|0x00000000dce00000, 0x00000000dce00000, 0x00000000dcf00000|  0%| F|  |TAMS 0x00000000dce00000| PB 0x00000000dce00000| Untracked 
| 463|0x00000000dcf00000, 0x00000000dcf00000, 0x00000000dd000000|  0%| F|  |TAMS 0x00000000dcf00000| PB 0x00000000dcf00000| Untracked 
| 464|0x00000000dd000000, 0x00000000dd000000, 0x00000000dd100000|  0%| F|  |TAMS 0x00000000dd000000| PB 0x00000000dd000000| Untracked 
| 465|0x00000000dd100000, 0x00000000dd100000, 0x00000000dd200000|  0%| F|  |TAMS 0x00000000dd100000| PB 0x00000000dd100000| Untracked 
| 466|0x00000000dd200000, 0x00000000dd200000, 0x00000000dd300000|  0%| F|  |TAMS 0x00000000dd200000| PB 0x00000000dd200000| Untracked 
| 467|0x00000000dd300000, 0x00000000dd300000, 0x00000000dd400000|  0%| F|  |TAMS 0x00000000dd300000| PB 0x00000000dd300000| Untracked 
| 468|0x00000000dd400000, 0x00000000dd400000, 0x00000000dd500000|  0%| F|  |TAMS 0x00000000dd400000| PB 0x00000000dd400000| Untracked 
| 469|0x00000000dd500000, 0x00000000dd500000, 0x00000000dd600000|  0%| F|  |TAMS 0x00000000dd500000| PB 0x00000000dd500000| Untracked 
| 470|0x00000000dd600000, 0x00000000dd600000, 0x00000000dd700000|  0%| F|  |TAMS 0x00000000dd600000| PB 0x00000000dd600000| Untracked 
| 471|0x00000000dd700000, 0x00000000dd700000, 0x00000000dd800000|  0%| F|  |TAMS 0x00000000dd700000| PB 0x00000000dd700000| Untracked 
| 472|0x00000000dd800000, 0x00000000dd800000, 0x00000000dd900000|  0%| F|  |TAMS 0x00000000dd800000| PB 0x00000000dd800000| Untracked 
| 473|0x00000000dd900000, 0x00000000dd900000, 0x00000000dda00000|  0%| F|  |TAMS 0x00000000dd900000| PB 0x00000000dd900000| Untracked 
| 474|0x00000000dda00000, 0x00000000dda00000, 0x00000000ddb00000|  0%| F|  |TAMS 0x00000000dda00000| PB 0x00000000dda00000| Untracked 
| 475|0x00000000ddb00000, 0x00000000ddb00000, 0x00000000ddc00000|  0%| F|  |TAMS 0x00000000ddb00000| PB 0x00000000ddb00000| Untracked 
| 476|0x00000000ddc00000, 0x00000000ddc00000, 0x00000000ddd00000|  0%| F|  |TAMS 0x00000000ddc00000| PB 0x00000000ddc00000| Untracked 
| 477|0x00000000ddd00000, 0x00000000ddd00000, 0x00000000dde00000|  0%| F|  |TAMS 0x00000000ddd00000| PB 0x00000000ddd00000| Untracked 
| 478|0x00000000dde00000, 0x00000000dde00000, 0x00000000ddf00000|  0%| F|  |TAMS 0x00000000dde00000| PB 0x00000000dde00000| Untracked 
| 479|0x00000000ddf00000, 0x00000000ddf00000, 0x00000000de000000|  0%| F|  |TAMS 0x00000000ddf00000| PB 0x00000000ddf00000| Untracked 
| 480|0x00000000de000000, 0x00000000de000000, 0x00000000de100000|  0%| F|  |TAMS 0x00000000de000000| PB 0x00000000de000000| Untracked 
| 481|0x00000000de100000, 0x00000000de100000, 0x00000000de200000|  0%| F|  |TAMS 0x00000000de100000| PB 0x00000000de100000| Untracked 
| 482|0x00000000de200000, 0x00000000de200000, 0x00000000de300000|  0%| F|  |TAMS 0x00000000de200000| PB 0x00000000de200000| Untracked 
| 483|0x00000000de300000, 0x00000000de300000, 0x00000000de400000|  0%| F|  |TAMS 0x00000000de300000| PB 0x00000000de300000| Untracked 
| 484|0x00000000de400000, 0x00000000de400000, 0x00000000de500000|  0%| F|  |TAMS 0x00000000de400000| PB 0x00000000de400000| Untracked 
| 485|0x00000000de500000, 0x00000000de500000, 0x00000000de600000|  0%| F|  |TAMS 0x00000000de500000| PB 0x00000000de500000| Untracked 
| 486|0x00000000de600000, 0x00000000de600000, 0x00000000de700000|  0%| F|  |TAMS 0x00000000de600000| PB 0x00000000de600000| Untracked 
| 487|0x00000000de700000, 0x00000000de700000, 0x00000000de800000|  0%| F|  |TAMS 0x00000000de700000| PB 0x00000000de700000| Untracked 
| 488|0x00000000de800000, 0x00000000de800000, 0x00000000de900000|  0%| F|  |TAMS 0x00000000de800000| PB 0x00000000de800000| Untracked 
| 489|0x00000000de900000, 0x00000000de900000, 0x00000000dea00000|  0%| F|  |TAMS 0x00000000de900000| PB 0x00000000de900000| Untracked 
| 490|0x00000000dea00000, 0x00000000dea00000, 0x00000000deb00000|  0%| F|  |TAMS 0x00000000dea00000| PB 0x00000000dea00000| Untracked 
| 491|0x00000000deb00000, 0x00000000deb00000, 0x00000000dec00000|  0%| F|  |TAMS 0x00000000deb00000| PB 0x00000000deb00000| Untracked 
| 492|0x00000000dec00000, 0x00000000dec00000, 0x00000000ded00000|  0%| F|  |TAMS 0x00000000dec00000| PB 0x00000000dec00000| Untracked 
| 493|0x00000000ded00000, 0x00000000ded00000, 0x00000000dee00000|  0%| F|  |TAMS 0x00000000ded00000| PB 0x00000000ded00000| Untracked 
| 494|0x00000000dee00000, 0x00000000dee00000, 0x00000000def00000|  0%| F|  |TAMS 0x00000000dee00000| PB 0x00000000dee00000| Untracked 
| 495|0x00000000def00000, 0x00000000def00000, 0x00000000df000000|  0%| F|  |TAMS 0x00000000def00000| PB 0x00000000def00000| Untracked 
| 496|0x00000000df000000, 0x00000000df000000, 0x00000000df100000|  0%| F|  |TAMS 0x00000000df000000| PB 0x00000000df000000| Untracked 
| 497|0x00000000df100000, 0x00000000df100000, 0x00000000df200000|  0%| F|  |TAMS 0x00000000df100000| PB 0x00000000df100000| Untracked 
| 498|0x00000000df200000, 0x00000000df200000, 0x00000000df300000|  0%| F|  |TAMS 0x00000000df200000| PB 0x00000000df200000| Untracked 
| 499|0x00000000df300000, 0x00000000df300000, 0x00000000df400000|  0%| F|  |TAMS 0x00000000df300000| PB 0x00000000df300000| Untracked 
| 500|0x00000000df400000, 0x00000000df400000, 0x00000000df500000|  0%| F|  |TAMS 0x00000000df400000| PB 0x00000000df400000| Untracked 
| 501|0x00000000df500000, 0x00000000df500000, 0x00000000df600000|  0%| F|  |TAMS 0x00000000df500000| PB 0x00000000df500000| Untracked 
| 502|0x00000000df600000, 0x00000000df600000, 0x00000000df700000|  0%| F|  |TAMS 0x00000000df600000| PB 0x00000000df600000| Untracked 
| 503|0x00000000df700000, 0x00000000df700000, 0x00000000df800000|  0%| F|  |TAMS 0x00000000df700000| PB 0x00000000df700000| Untracked 
| 504|0x00000000df800000, 0x00000000df800000, 0x00000000df900000|  0%| F|  |TAMS 0x00000000df800000| PB 0x00000000df800000| Untracked 
| 505|0x00000000df900000, 0x00000000df900000, 0x00000000dfa00000|  0%| F|  |TAMS 0x00000000df900000| PB 0x00000000df900000| Untracked 
| 506|0x00000000dfa00000, 0x00000000dfa00000, 0x00000000dfb00000|  0%| F|  |TAMS 0x00000000dfa00000| PB 0x00000000dfa00000| Untracked 
| 507|0x00000000dfb00000, 0x00000000dfb00000, 0x00000000dfc00000|  0%| F|  |TAMS 0x00000000dfb00000| PB 0x00000000dfb00000| Untracked 
| 508|0x00000000dfc00000, 0x00000000dfc00000, 0x00000000dfd00000|  0%| F|  |TAMS 0x00000000dfc00000| PB 0x00000000dfc00000| Untracked 
| 509|0x00000000dfd00000, 0x00000000dfd00000, 0x00000000dfe00000|  0%| F|  |TAMS 0x00000000dfd00000| PB 0x00000000dfd00000| Untracked 
| 510|0x00000000dfe00000, 0x00000000dfe00000, 0x00000000dff00000|  0%| F|  |TAMS 0x00000000dfe00000| PB 0x00000000dfe00000| Untracked 
| 511|0x00000000dff00000, 0x00000000dff00000, 0x00000000e0000000|  0%| F|  |TAMS 0x00000000dff00000| PB 0x00000000dff00000| Untracked 
| 512|0x00000000e0000000, 0x00000000e0000000, 0x00000000e0100000|  0%| F|  |TAMS 0x00000000e0000000| PB 0x00000000e0000000| Untracked 
| 513|0x00000000e0100000, 0x00000000e0100000, 0x00000000e0200000|  0%| F|  |TAMS 0x00000000e0100000| PB 0x00000000e0100000| Untracked 
| 514|0x00000000e0200000, 0x00000000e0200000, 0x00000000e0300000|  0%| F|  |TAMS 0x00000000e0200000| PB 0x00000000e0200000| Untracked 
| 515|0x00000000e0300000, 0x00000000e0300000, 0x00000000e0400000|  0%| F|  |TAMS 0x00000000e0300000| PB 0x00000000e0300000| Untracked 
| 516|0x00000000e0400000, 0x00000000e0400000, 0x00000000e0500000|  0%| F|  |TAMS 0x00000000e0400000| PB 0x00000000e0400000| Untracked 
| 517|0x00000000e0500000, 0x00000000e0500000, 0x00000000e0600000|  0%| F|  |TAMS 0x00000000e0500000| PB 0x00000000e0500000| Untracked 
| 518|0x00000000e0600000, 0x00000000e0600000, 0x00000000e0700000|  0%| F|  |TAMS 0x00000000e0600000| PB 0x00000000e0600000| Untracked 
| 519|0x00000000e0700000, 0x00000000e0700000, 0x00000000e0800000|  0%| F|  |TAMS 0x00000000e0700000| PB 0x00000000e0700000| Untracked 
| 520|0x00000000e0800000, 0x00000000e0800000, 0x00000000e0900000|  0%| F|  |TAMS 0x00000000e0800000| PB 0x00000000e0800000| Untracked 
| 521|0x00000000e0900000, 0x00000000e0900000, 0x00000000e0a00000|  0%| F|  |TAMS 0x00000000e0900000| PB 0x00000000e0900000| Untracked 
| 522|0x00000000e0a00000, 0x00000000e0a00000, 0x00000000e0b00000|  0%| F|  |TAMS 0x00000000e0a00000| PB 0x00000000e0a00000| Untracked 
| 523|0x00000000e0b00000, 0x00000000e0b00000, 0x00000000e0c00000|  0%| F|  |TAMS 0x00000000e0b00000| PB 0x00000000e0b00000| Untracked 
| 524|0x00000000e0c00000, 0x00000000e0c00000, 0x00000000e0d00000|  0%| F|  |TAMS 0x00000000e0c00000| PB 0x00000000e0c00000| Untracked 
| 525|0x00000000e0d00000, 0x00000000e0d00000, 0x00000000e0e00000|  0%| F|  |TAMS 0x00000000e0d00000| PB 0x00000000e0d00000| Untracked 
| 526|0x00000000e0e00000, 0x00000000e0e00000, 0x00000000e0f00000|  0%| F|  |TAMS 0x00000000e0e00000| PB 0x00000000e0e00000| Untracked 
| 527|0x00000000e0f00000, 0x00000000e0f00000, 0x00000000e1000000|  0%| F|  |TAMS 0x00000000e0f00000| PB 0x00000000e0f00000| Untracked 
| 528|0x00000000e1000000, 0x00000000e1000000, 0x00000000e1100000|  0%| F|  |TAMS 0x00000000e1000000| PB 0x00000000e1000000| Untracked 
| 529|0x00000000e1100000, 0x00000000e1100000, 0x00000000e1200000|  0%| F|  |TAMS 0x00000000e1100000| PB 0x00000000e1100000| Untracked 
| 530|0x00000000e1200000, 0x00000000e1200000, 0x00000000e1300000|  0%| F|  |TAMS 0x00000000e1200000| PB 0x00000000e1200000| Untracked 
| 531|0x00000000e1300000, 0x00000000e1300000, 0x00000000e1400000|  0%| F|  |TAMS 0x00000000e1300000| PB 0x00000000e1300000| Untracked 
| 532|0x00000000e1400000, 0x00000000e1400000, 0x00000000e1500000|  0%| F|  |TAMS 0x00000000e1400000| PB 0x00000000e1400000| Untracked 
| 533|0x00000000e1500000, 0x00000000e1500000, 0x00000000e1600000|  0%| F|  |TAMS 0x00000000e1500000| PB 0x00000000e1500000| Untracked 
| 534|0x00000000e1600000, 0x00000000e1600000, 0x00000000e1700000|  0%| F|  |TAMS 0x00000000e1600000| PB 0x00000000e1600000| Untracked 
| 535|0x00000000e1700000, 0x00000000e1700000, 0x00000000e1800000|  0%| F|  |TAMS 0x00000000e1700000| PB 0x00000000e1700000| Untracked 
| 536|0x00000000e1800000, 0x00000000e1800000, 0x00000000e1900000|  0%| F|  |TAMS 0x00000000e1800000| PB 0x00000000e1800000| Untracked 
| 537|0x00000000e1900000, 0x00000000e1900000, 0x00000000e1a00000|  0%| F|  |TAMS 0x00000000e1900000| PB 0x00000000e1900000| Untracked 
| 538|0x00000000e1a00000, 0x00000000e1a00000, 0x00000000e1b00000|  0%| F|  |TAMS 0x00000000e1a00000| PB 0x00000000e1a00000| Untracked 
| 539|0x00000000e1b00000, 0x00000000e1b00000, 0x00000000e1c00000|  0%| F|  |TAMS 0x00000000e1b00000| PB 0x00000000e1b00000| Untracked 
| 540|0x00000000e1c00000, 0x00000000e1c00000, 0x00000000e1d00000|  0%| F|  |TAMS 0x00000000e1c00000| PB 0x00000000e1c00000| Untracked 
| 541|0x00000000e1d00000, 0x00000000e1d00000, 0x00000000e1e00000|  0%| F|  |TAMS 0x00000000e1d00000| PB 0x00000000e1d00000| Untracked 
| 542|0x00000000e1e00000, 0x00000000e1e00000, 0x00000000e1f00000|  0%| F|  |TAMS 0x00000000e1e00000| PB 0x00000000e1e00000| Untracked 
| 543|0x00000000e1f00000, 0x00000000e1f00000, 0x00000000e2000000|  0%| F|  |TAMS 0x00000000e1f00000| PB 0x00000000e1f00000| Untracked 
| 544|0x00000000e2000000, 0x00000000e2000000, 0x00000000e2100000|  0%| F|  |TAMS 0x00000000e2000000| PB 0x00000000e2000000| Untracked 
| 545|0x00000000e2100000, 0x00000000e2100000, 0x00000000e2200000|  0%| F|  |TAMS 0x00000000e2100000| PB 0x00000000e2100000| Untracked 
| 546|0x00000000e2200000, 0x00000000e2200000, 0x00000000e2300000|  0%| F|  |TAMS 0x00000000e2200000| PB 0x00000000e2200000| Untracked 
| 547|0x00000000e2300000, 0x00000000e2300000, 0x00000000e2400000|  0%| F|  |TAMS 0x00000000e2300000| PB 0x00000000e2300000| Untracked 
| 548|0x00000000e2400000, 0x00000000e2400000, 0x00000000e2500000|  0%| F|  |TAMS 0x00000000e2400000| PB 0x00000000e2400000| Untracked 
| 549|0x00000000e2500000, 0x00000000e2500000, 0x00000000e2600000|  0%| F|  |TAMS 0x00000000e2500000| PB 0x00000000e2500000| Untracked 
| 550|0x00000000e2600000, 0x00000000e2600000, 0x00000000e2700000|  0%| F|  |TAMS 0x00000000e2600000| PB 0x00000000e2600000| Untracked 
| 551|0x00000000e2700000, 0x00000000e2700000, 0x00000000e2800000|  0%| F|  |TAMS 0x00000000e2700000| PB 0x00000000e2700000| Untracked 
| 552|0x00000000e2800000, 0x00000000e2800000, 0x00000000e2900000|  0%| F|  |TAMS 0x00000000e2800000| PB 0x00000000e2800000| Untracked 
| 553|0x00000000e2900000, 0x00000000e2900000, 0x00000000e2a00000|  0%| F|  |TAMS 0x00000000e2900000| PB 0x00000000e2900000| Untracked 
| 554|0x00000000e2a00000, 0x00000000e2a00000, 0x00000000e2b00000|  0%| F|  |TAMS 0x00000000e2a00000| PB 0x00000000e2a00000| Untracked 
| 555|0x00000000e2b00000, 0x00000000e2b00000, 0x00000000e2c00000|  0%| F|  |TAMS 0x00000000e2b00000| PB 0x00000000e2b00000| Untracked 
| 556|0x00000000e2c00000, 0x00000000e2c00000, 0x00000000e2d00000|  0%| F|  |TAMS 0x00000000e2c00000| PB 0x00000000e2c00000| Untracked 
| 557|0x00000000e2d00000, 0x00000000e2d00000, 0x00000000e2e00000|  0%| F|  |TAMS 0x00000000e2d00000| PB 0x00000000e2d00000| Untracked 
| 558|0x00000000e2e00000, 0x00000000e2e00000, 0x00000000e2f00000|  0%| F|  |TAMS 0x00000000e2e00000| PB 0x00000000e2e00000| Untracked 
| 559|0x00000000e2f00000, 0x00000000e2f00000, 0x00000000e3000000|  0%| F|  |TAMS 0x00000000e2f00000| PB 0x00000000e2f00000| Untracked 
| 560|0x00000000e3000000, 0x00000000e3000000, 0x00000000e3100000|  0%| F|  |TAMS 0x00000000e3000000| PB 0x00000000e3000000| Untracked 
| 561|0x00000000e3100000, 0x00000000e3100000, 0x00000000e3200000|  0%| F|  |TAMS 0x00000000e3100000| PB 0x00000000e3100000| Untracked 
| 562|0x00000000e3200000, 0x00000000e3200000, 0x00000000e3300000|  0%| F|  |TAMS 0x00000000e3200000| PB 0x00000000e3200000| Untracked 
| 563|0x00000000e3300000, 0x00000000e3300000, 0x00000000e3400000|  0%| F|  |TAMS 0x00000000e3300000| PB 0x00000000e3300000| Untracked 
| 564|0x00000000e3400000, 0x00000000e3400000, 0x00000000e3500000|  0%| F|  |TAMS 0x00000000e3400000| PB 0x00000000e3400000| Untracked 
| 565|0x00000000e3500000, 0x00000000e3500000, 0x00000000e3600000|  0%| F|  |TAMS 0x00000000e3500000| PB 0x00000000e3500000| Untracked 
| 566|0x00000000e3600000, 0x00000000e3600000, 0x00000000e3700000|  0%| F|  |TAMS 0x00000000e3600000| PB 0x00000000e3600000| Untracked 
| 567|0x00000000e3700000, 0x00000000e3700000, 0x00000000e3800000|  0%| F|  |TAMS 0x00000000e3700000| PB 0x00000000e3700000| Untracked 
| 568|0x00000000e3800000, 0x00000000e3800000, 0x00000000e3900000|  0%| F|  |TAMS 0x00000000e3800000| PB 0x00000000e3800000| Untracked 
| 569|0x00000000e3900000, 0x00000000e3900000, 0x00000000e3a00000|  0%| F|  |TAMS 0x00000000e3900000| PB 0x00000000e3900000| Untracked 
| 570|0x00000000e3a00000, 0x00000000e3a00000, 0x00000000e3b00000|  0%| F|  |TAMS 0x00000000e3a00000| PB 0x00000000e3a00000| Untracked 
| 571|0x00000000e3b00000, 0x00000000e3b00000, 0x00000000e3c00000|  0%| F|  |TAMS 0x00000000e3b00000| PB 0x00000000e3b00000| Untracked 
| 572|0x00000000e3c00000, 0x00000000e3c00000, 0x00000000e3d00000|  0%| F|  |TAMS 0x00000000e3c00000| PB 0x00000000e3c00000| Untracked 
| 573|0x00000000e3d00000, 0x00000000e3d00000, 0x00000000e3e00000|  0%| F|  |TAMS 0x00000000e3d00000| PB 0x00000000e3d00000| Untracked 
| 574|0x00000000e3e00000, 0x00000000e3e00000, 0x00000000e3f00000|  0%| F|  |TAMS 0x00000000e3e00000| PB 0x00000000e3e00000| Untracked 
| 575|0x00000000e3f00000, 0x00000000e3f00000, 0x00000000e4000000|  0%| F|  |TAMS 0x00000000e3f00000| PB 0x00000000e3f00000| Untracked 
| 576|0x00000000e4000000, 0x00000000e4000000, 0x00000000e4100000|  0%| F|  |TAMS 0x00000000e4000000| PB 0x00000000e4000000| Untracked 
| 577|0x00000000e4100000, 0x00000000e4100000, 0x00000000e4200000|  0%| F|  |TAMS 0x00000000e4100000| PB 0x00000000e4100000| Untracked 
| 578|0x00000000e4200000, 0x00000000e4200000, 0x00000000e4300000|  0%| F|  |TAMS 0x00000000e4200000| PB 0x00000000e4200000| Untracked 
| 579|0x00000000e4300000, 0x00000000e4300000, 0x00000000e4400000|  0%| F|  |TAMS 0x00000000e4300000| PB 0x00000000e4300000| Untracked 
| 580|0x00000000e4400000, 0x00000000e4400000, 0x00000000e4500000|  0%| F|  |TAMS 0x00000000e4400000| PB 0x00000000e4400000| Untracked 
| 581|0x00000000e4500000, 0x00000000e4500000, 0x00000000e4600000|  0%| F|  |TAMS 0x00000000e4500000| PB 0x00000000e4500000| Untracked 
| 582|0x00000000e4600000, 0x00000000e4600000, 0x00000000e4700000|  0%| F|  |TAMS 0x00000000e4600000| PB 0x00000000e4600000| Untracked 
| 583|0x00000000e4700000, 0x00000000e4700000, 0x00000000e4800000|  0%| F|  |TAMS 0x00000000e4700000| PB 0x00000000e4700000| Untracked 
| 584|0x00000000e4800000, 0x00000000e4800000, 0x00000000e4900000|  0%| F|  |TAMS 0x00000000e4800000| PB 0x00000000e4800000| Untracked 
| 585|0x00000000e4900000, 0x00000000e4900000, 0x00000000e4a00000|  0%| F|  |TAMS 0x00000000e4900000| PB 0x00000000e4900000| Untracked 
| 586|0x00000000e4a00000, 0x00000000e4a00000, 0x00000000e4b00000|  0%| F|  |TAMS 0x00000000e4a00000| PB 0x00000000e4a00000| Untracked 
| 587|0x00000000e4b00000, 0x00000000e4b00000, 0x00000000e4c00000|  0%| F|  |TAMS 0x00000000e4b00000| PB 0x00000000e4b00000| Untracked 
| 588|0x00000000e4c00000, 0x00000000e4c00000, 0x00000000e4d00000|  0%| F|  |TAMS 0x00000000e4c00000| PB 0x00000000e4c00000| Untracked 
| 589|0x00000000e4d00000, 0x00000000e4d00000, 0x00000000e4e00000|  0%| F|  |TAMS 0x00000000e4d00000| PB 0x00000000e4d00000| Untracked 
| 590|0x00000000e4e00000, 0x00000000e4e00000, 0x00000000e4f00000|  0%| F|  |TAMS 0x00000000e4e00000| PB 0x00000000e4e00000| Untracked 
| 591|0x00000000e4f00000, 0x00000000e4f00000, 0x00000000e5000000|  0%| F|  |TAMS 0x00000000e4f00000| PB 0x00000000e4f00000| Untracked 
| 592|0x00000000e5000000, 0x00000000e5000000, 0x00000000e5100000|  0%| F|  |TAMS 0x00000000e5000000| PB 0x00000000e5000000| Untracked 
| 593|0x00000000e5100000, 0x00000000e5100000, 0x00000000e5200000|  0%| F|  |TAMS 0x00000000e5100000| PB 0x00000000e5100000| Untracked 
| 594|0x00000000e5200000, 0x00000000e5200000, 0x00000000e5300000|  0%| F|  |TAMS 0x00000000e5200000| PB 0x00000000e5200000| Untracked 
| 595|0x00000000e5300000, 0x00000000e5300000, 0x00000000e5400000|  0%| F|  |TAMS 0x00000000e5300000| PB 0x00000000e5300000| Untracked 
| 596|0x00000000e5400000, 0x00000000e5400000, 0x00000000e5500000|  0%| F|  |TAMS 0x00000000e5400000| PB 0x00000000e5400000| Untracked 
| 597|0x00000000e5500000, 0x00000000e5500000, 0x00000000e5600000|  0%| F|  |TAMS 0x00000000e5500000| PB 0x00000000e5500000| Untracked 
| 598|0x00000000e5600000, 0x00000000e5600000, 0x00000000e5700000|  0%| F|  |TAMS 0x00000000e5600000| PB 0x00000000e5600000| Untracked 
| 599|0x00000000e5700000, 0x00000000e5700000, 0x00000000e5800000|  0%| F|  |TAMS 0x00000000e5700000| PB 0x00000000e5700000| Untracked 
| 600|0x00000000e5800000, 0x00000000e5800000, 0x00000000e5900000|  0%| F|  |TAMS 0x00000000e5800000| PB 0x00000000e5800000| Untracked 
| 601|0x00000000e5900000, 0x00000000e5900000, 0x00000000e5a00000|  0%| F|  |TAMS 0x00000000e5900000| PB 0x00000000e5900000| Untracked 
| 602|0x00000000e5a00000, 0x00000000e5a00000, 0x00000000e5b00000|  0%| F|  |TAMS 0x00000000e5a00000| PB 0x00000000e5a00000| Untracked 
| 603|0x00000000e5b00000, 0x00000000e5b00000, 0x00000000e5c00000|  0%| F|  |TAMS 0x00000000e5b00000| PB 0x00000000e5b00000| Untracked 
| 604|0x00000000e5c00000, 0x00000000e5c00000, 0x00000000e5d00000|  0%| F|  |TAMS 0x00000000e5c00000| PB 0x00000000e5c00000| Untracked 
| 605|0x00000000e5d00000, 0x00000000e5d00000, 0x00000000e5e00000|  0%| F|  |TAMS 0x00000000e5d00000| PB 0x00000000e5d00000| Untracked 
| 606|0x00000000e5e00000, 0x00000000e5e00000, 0x00000000e5f00000|  0%| F|  |TAMS 0x00000000e5e00000| PB 0x00000000e5e00000| Untracked 
| 607|0x00000000e5f00000, 0x00000000e5f00000, 0x00000000e6000000|  0%| F|  |TAMS 0x00000000e5f00000| PB 0x00000000e5f00000| Untracked 
| 608|0x00000000e6000000, 0x00000000e6000000, 0x00000000e6100000|  0%| F|  |TAMS 0x00000000e6000000| PB 0x00000000e6000000| Untracked 
| 609|0x00000000e6100000, 0x00000000e6100000, 0x00000000e6200000|  0%| F|  |TAMS 0x00000000e6100000| PB 0x00000000e6100000| Untracked 
| 610|0x00000000e6200000, 0x00000000e6200000, 0x00000000e6300000|  0%| F|  |TAMS 0x00000000e6200000| PB 0x00000000e6200000| Untracked 
| 611|0x00000000e6300000, 0x00000000e6300000, 0x00000000e6400000|  0%| F|  |TAMS 0x00000000e6300000| PB 0x00000000e6300000| Untracked 
| 612|0x00000000e6400000, 0x00000000e6400000, 0x00000000e6500000|  0%| F|  |TAMS 0x00000000e6400000| PB 0x00000000e6400000| Untracked 
| 613|0x00000000e6500000, 0x00000000e6500000, 0x00000000e6600000|  0%| F|  |TAMS 0x00000000e6500000| PB 0x00000000e6500000| Untracked 
| 614|0x00000000e6600000, 0x00000000e6600000, 0x00000000e6700000|  0%| F|  |TAMS 0x00000000e6600000| PB 0x00000000e6600000| Untracked 
| 615|0x00000000e6700000, 0x00000000e6700000, 0x00000000e6800000|  0%| F|  |TAMS 0x00000000e6700000| PB 0x00000000e6700000| Untracked 
| 616|0x00000000e6800000, 0x00000000e6800000, 0x00000000e6900000|  0%| F|  |TAMS 0x00000000e6800000| PB 0x00000000e6800000| Untracked 
| 617|0x00000000e6900000, 0x00000000e6900000, 0x00000000e6a00000|  0%| F|  |TAMS 0x00000000e6900000| PB 0x00000000e6900000| Untracked 
| 618|0x00000000e6a00000, 0x00000000e6a00000, 0x00000000e6b00000|  0%| F|  |TAMS 0x00000000e6a00000| PB 0x00000000e6a00000| Untracked 
| 619|0x00000000e6b00000, 0x00000000e6b00000, 0x00000000e6c00000|  0%| F|  |TAMS 0x00000000e6b00000| PB 0x00000000e6b00000| Untracked 
| 620|0x00000000e6c00000, 0x00000000e6c00000, 0x00000000e6d00000|  0%| F|  |TAMS 0x00000000e6c00000| PB 0x00000000e6c00000| Untracked 
| 621|0x00000000e6d00000, 0x00000000e6d00000, 0x00000000e6e00000|  0%| F|  |TAMS 0x00000000e6d00000| PB 0x00000000e6d00000| Untracked 
| 622|0x00000000e6e00000, 0x00000000e6e00000, 0x00000000e6f00000|  0%| F|  |TAMS 0x00000000e6e00000| PB 0x00000000e6e00000| Untracked 
| 623|0x00000000e6f00000, 0x00000000e6f00000, 0x00000000e7000000|  0%| F|  |TAMS 0x00000000e6f00000| PB 0x00000000e6f00000| Untracked 
| 624|0x00000000e7000000, 0x00000000e7000000, 0x00000000e7100000|  0%| F|  |TAMS 0x00000000e7000000| PB 0x00000000e7000000| Untracked 
| 625|0x00000000e7100000, 0x00000000e7100000, 0x00000000e7200000|  0%| F|  |TAMS 0x00000000e7100000| PB 0x00000000e7100000| Untracked 
| 626|0x00000000e7200000, 0x00000000e7200000, 0x00000000e7300000|  0%| F|  |TAMS 0x00000000e7200000| PB 0x00000000e7200000| Untracked 
| 627|0x00000000e7300000, 0x00000000e7300000, 0x00000000e7400000|  0%| F|  |TAMS 0x00000000e7300000| PB 0x00000000e7300000| Untracked 
| 628|0x00000000e7400000, 0x00000000e7400000, 0x00000000e7500000|  0%| F|  |TAMS 0x00000000e7400000| PB 0x00000000e7400000| Untracked 
| 629|0x00000000e7500000, 0x00000000e7500000, 0x00000000e7600000|  0%| F|  |TAMS 0x00000000e7500000| PB 0x00000000e7500000| Untracked 
| 630|0x00000000e7600000, 0x00000000e7600000, 0x00000000e7700000|  0%| F|  |TAMS 0x00000000e7600000| PB 0x00000000e7600000| Untracked 
| 953|0x00000000fb900000, 0x00000000fba00000, 0x00000000fba00000|100%| O|  |TAMS 0x00000000fba00000| PB 0x00000000fb900000| Untracked 
| 954|0x00000000fba00000, 0x00000000fba00000, 0x00000000fbb00000|  0%| F|  |TAMS 0x00000000fba00000| PB 0x00000000fba00000| Untracked 
| 955|0x00000000fbb00000, 0x00000000fbb00000, 0x00000000fbc00000|  0%| F|  |TAMS 0x00000000fbb00000| PB 0x00000000fbb00000| Untracked 
| 956|0x00000000fbc00000, 0x00000000fbc00000, 0x00000000fbd00000|  0%| F|  |TAMS 0x00000000fbc00000| PB 0x00000000fbc00000| Untracked 
| 957|0x00000000fbd00000, 0x00000000fbd00000, 0x00000000fbe00000|  0%| F|  |TAMS 0x00000000fbd00000| PB 0x00000000fbd00000| Untracked 
| 958|0x00000000fbe00000, 0x00000000fbe00000, 0x00000000fbf00000|  0%| F|  |TAMS 0x00000000fbe00000| PB 0x00000000fbe00000| Untracked 
| 959|0x00000000fbf00000, 0x00000000fc000000, 0x00000000fc000000|100%| O|  |TAMS 0x00000000fc000000| PB 0x00000000fbf00000| Untracked 
| 960|0x00000000fc000000, 0x00000000fc100000, 0x00000000fc100000|100%| O|  |TAMS 0x00000000fc100000| PB 0x00000000fc000000| Untracked 
| 961|0x00000000fc100000, 0x00000000fc200000, 0x00000000fc200000|100%| O|  |TAMS 0x00000000fc200000| PB 0x00000000fc100000| Untracked 
| 962|0x00000000fc200000, 0x00000000fc200000, 0x00000000fc300000|  0%| F|  |TAMS 0x00000000fc200000| PB 0x00000000fc200000| Untracked 
| 963|0x00000000fc300000, 0x00000000fc300000, 0x00000000fc400000|  0%| F|  |TAMS 0x00000000fc300000| PB 0x00000000fc300000| Untracked 
| 964|0x00000000fc400000, 0x00000000fc500000, 0x00000000fc500000|100%| O|  |TAMS 0x00000000fc500000| PB 0x00000000fc400000| Untracked 
| 965|0x00000000fc500000, 0x00000000fc600000, 0x00000000fc600000|100%| O|  |TAMS 0x00000000fc600000| PB 0x00000000fc500000| Untracked 
| 966|0x00000000fc600000, 0x00000000fc700000, 0x00000000fc700000|100%| O|  |TAMS 0x00000000fc700000| PB 0x00000000fc600000| Untracked 
| 967|0x00000000fc700000, 0x00000000fc700000, 0x00000000fc800000|  0%| F|  |TAMS 0x00000000fc700000| PB 0x00000000fc700000| Untracked 
| 968|0x00000000fc800000, 0x00000000fc900000, 0x00000000fc900000|100%| O|  |TAMS 0x00000000fc900000| PB 0x00000000fc800000| Untracked 
| 969|0x00000000fc900000, 0x00000000fc900000, 0x00000000fca00000|  0%| F|  |TAMS 0x00000000fc900000| PB 0x00000000fc900000| Untracked 
| 970|0x00000000fca00000, 0x00000000fcb00000, 0x00000000fcb00000|100%| O|  |TAMS 0x00000000fcb00000| PB 0x00000000fca00000| Untracked 
| 971|0x00000000fcb00000, 0x00000000fcb00000, 0x00000000fcc00000|  0%| F|  |TAMS 0x00000000fcb00000| PB 0x00000000fcb00000| Untracked 
| 972|0x00000000fcc00000, 0x00000000fcc00000, 0x00000000fcd00000|  0%| F|  |TAMS 0x00000000fcc00000| PB 0x00000000fcc00000| Untracked 
| 973|0x00000000fcd00000, 0x00000000fcd00000, 0x00000000fce00000|  0%| F|  |TAMS 0x00000000fcd00000| PB 0x00000000fcd00000| Untracked 
| 974|0x00000000fce00000, 0x00000000fcf00000, 0x00000000fcf00000|100%| O|  |TAMS 0x00000000fcf00000| PB 0x00000000fce00000| Untracked 
| 975|0x00000000fcf00000, 0x00000000fcf00000, 0x00000000fd000000|  0%| F|  |TAMS 0x00000000fcf00000| PB 0x00000000fcf00000| Untracked 
| 976|0x00000000fd000000, 0x00000000fd100000, 0x00000000fd100000|100%| O|  |TAMS 0x00000000fd100000| PB 0x00000000fd000000| Untracked 
| 977|0x00000000fd100000, 0x00000000fd100000, 0x00000000fd200000|  0%| F|  |TAMS 0x00000000fd100000| PB 0x00000000fd100000| Untracked 
| 978|0x00000000fd200000, 0x00000000fd200000, 0x00000000fd300000|  0%| F|  |TAMS 0x00000000fd200000| PB 0x00000000fd200000| Untracked 
| 979|0x00000000fd300000, 0x00000000fd300000, 0x00000000fd400000|  0%| F|  |TAMS 0x00000000fd300000| PB 0x00000000fd300000| Untracked 
| 980|0x00000000fd400000, 0x00000000fd500000, 0x00000000fd500000|100%| O|  |TAMS 0x00000000fd500000| PB 0x00000000fd400000| Untracked 
| 981|0x00000000fd500000, 0x00000000fd500000, 0x00000000fd600000|  0%| F|  |TAMS 0x00000000fd500000| PB 0x00000000fd500000| Untracked 
| 982|0x00000000fd600000, 0x00000000fd600000, 0x00000000fd700000|  0%| F|  |TAMS 0x00000000fd600000| PB 0x00000000fd600000| Untracked 
| 983|0x00000000fd700000, 0x00000000fd700000, 0x00000000fd800000|  0%| F|  |TAMS 0x00000000fd700000| PB 0x00000000fd700000| Untracked 
| 984|0x00000000fd800000, 0x00000000fd900000, 0x00000000fd900000|100%| O|  |TAMS 0x00000000fd900000| PB 0x00000000fd800000| Untracked 
| 985|0x00000000fd900000, 0x00000000fda00000, 0x00000000fda00000|100%| O|  |TAMS 0x00000000fda00000| PB 0x00000000fd900000| Untracked 
| 986|0x00000000fda00000, 0x00000000fda00000, 0x00000000fdb00000|  0%| F|  |TAMS 0x00000000fda00000| PB 0x00000000fda00000| Untracked 
| 987|0x00000000fdb00000, 0x00000000fdb00000, 0x00000000fdc00000|  0%| F|  |TAMS 0x00000000fdb00000| PB 0x00000000fdb00000| Untracked 
| 988|0x00000000fdc00000, 0x00000000fdcc5e10, 0x00000000fdd00000| 77%| E|  |TAMS 0x00000000fdc00000| PB 0x00000000fdc00000| Complete 
| 989|0x00000000fdd00000, 0x00000000fde00000, 0x00000000fde00000|100%| E|CS|TAMS 0x00000000fdd00000| PB 0x00000000fdd00000| Complete 
| 990|0x00000000fde00000, 0x00000000fdf00000, 0x00000000fdf00000|100%| E|CS|TAMS 0x00000000fde00000| PB 0x00000000fde00000| Complete 
| 991|0x00000000fdf00000, 0x00000000fe000000, 0x00000000fe000000|100%| E|CS|TAMS 0x00000000fdf00000| PB 0x00000000fdf00000| Complete 
| 992|0x00000000fe000000, 0x00000000fe100000, 0x00000000fe100000|100%| E|CS|TAMS 0x00000000fe000000| PB 0x00000000fe000000| Complete 
| 993|0x00000000fe100000, 0x00000000fe200000, 0x00000000fe200000|100%| E|CS|TAMS 0x00000000fe100000| PB 0x00000000fe100000| Complete 
| 994|0x00000000fe200000, 0x00000000fe300000, 0x00000000fe300000|100%| E|CS|TAMS 0x00000000fe200000| PB 0x00000000fe200000| Complete 
| 995|0x00000000fe300000, 0x00000000fe400000, 0x00000000fe400000|100%| O|  |TAMS 0x00000000fe400000| PB 0x00000000fe300000| Untracked 
| 996|0x00000000fe400000, 0x00000000fe500000, 0x00000000fe500000|100%| O|  |TAMS 0x00000000fe500000| PB 0x00000000fe400000| Untracked 
| 997|0x00000000fe500000, 0x00000000fe600000, 0x00000000fe600000|100%| E|CS|TAMS 0x00000000fe500000| PB 0x00000000fe500000| Complete 
| 998|0x00000000fe600000, 0x00000000fe700000, 0x00000000fe700000|100%| E|CS|TAMS 0x00000000fe600000| PB 0x00000000fe600000| Complete 
| 999|0x00000000fe700000, 0x00000000fe800000, 0x00000000fe800000|100%| E|CS|TAMS 0x00000000fe700000| PB 0x00000000fe700000| Complete 
|1000|0x00000000fe800000, 0x00000000fe900000, 0x00000000fe900000|100%| E|CS|TAMS 0x00000000fe800000| PB 0x00000000fe800000| Complete 
|1001|0x00000000fe900000, 0x00000000fea00000, 0x00000000fea00000|100%| E|CS|TAMS 0x00000000fe900000| PB 0x00000000fe900000| Complete 
|1002|0x00000000fea00000, 0x00000000feb00000, 0x00000000feb00000|100%| E|CS|TAMS 0x00000000fea00000| PB 0x00000000fea00000| Complete 
|1003|0x00000000feb00000, 0x00000000fec00000, 0x00000000fec00000|100%| E|CS|TAMS 0x00000000feb00000| PB 0x00000000feb00000| Complete 
|1004|0x00000000fec00000, 0x00000000fed00000, 0x00000000fed00000|100%| E|CS|TAMS 0x00000000fec00000| PB 0x00000000fec00000| Complete 
|1005|0x00000000fed00000, 0x00000000fee00000, 0x00000000fee00000|100%| O|  |TAMS 0x00000000fee00000| PB 0x00000000fed00000| Untracked 
|1006|0x00000000fee00000, 0x00000000fef00000, 0x00000000fef00000|100%| O|  |TAMS 0x00000000fef00000| PB 0x00000000fee00000| Untracked 
|1007|0x00000000fef00000, 0x00000000ff000000, 0x00000000ff000000|100%| O|  |TAMS 0x00000000ff000000| PB 0x00000000fef00000| Untracked 
|1008|0x00000000ff000000, 0x00000000ff100000, 0x00000000ff100000|100%| E|CS|TAMS 0x00000000ff000000| PB 0x00000000ff000000| Complete 
|1009|0x00000000ff100000, 0x00000000ff200000, 0x00000000ff200000|100%| O|  |TAMS 0x00000000ff200000| PB 0x00000000ff100000| Untracked 
|1010|0x00000000ff200000, 0x00000000ff300000, 0x00000000ff300000|100%| O|  |TAMS 0x00000000ff300000| PB 0x00000000ff200000| Untracked 
|1011|0x00000000ff300000, 0x00000000ff400000, 0x00000000ff400000|100%| O|  |TAMS 0x00000000ff400000| PB 0x00000000ff300000| Untracked 
|1012|0x00000000ff400000, 0x00000000ff500000, 0x00000000ff500000|100%| O|  |TAMS 0x00000000ff500000| PB 0x00000000ff400000| Untracked 
|1013|0x00000000ff500000, 0x00000000ff600000, 0x00000000ff600000|100%| O|  |TAMS 0x00000000ff600000| PB 0x00000000ff500000| Untracked 
|1014|0x00000000ff600000, 0x00000000ff700000, 0x00000000ff700000|100%| O|  |TAMS 0x00000000ff700000| PB 0x00000000ff600000| Untracked 
|1015|0x00000000ff700000, 0x00000000ff800000, 0x00000000ff800000|100%| O|  |TAMS 0x00000000ff800000| PB 0x00000000ff700000| Untracked 
|1016|0x00000000ff800000, 0x00000000ff900000, 0x00000000ff900000|100%| O|  |TAMS 0x00000000ff900000| PB 0x00000000ff800000| Untracked 
|1017|0x00000000ff900000, 0x00000000ffa00000, 0x00000000ffa00000|100%| O|  |TAMS 0x00000000ffa00000| PB 0x00000000ff900000| Untracked 
|1018|0x00000000ffa00000, 0x00000000ffb00000, 0x00000000ffb00000|100%| O|  |TAMS 0x00000000ffb00000| PB 0x00000000ffa00000| Untracked 
|1019|0x00000000ffb00000, 0x00000000ffc00000, 0x00000000ffc00000|100%| O|  |TAMS 0x00000000ffc00000| PB 0x00000000ffb00000| Untracked 
|1020|0x00000000ffc00000, 0x00000000ffd00000, 0x00000000ffd00000|100%| O|  |TAMS 0x00000000ffd00000| PB 0x00000000ffc00000| Untracked 
|1021|0x00000000ffd00000, 0x00000000ffe00000, 0x00000000ffe00000|100%| E|CS|TAMS 0x00000000ffd00000| PB 0x00000000ffd00000| Complete 
|1022|0x00000000ffe00000, 0x00000000fff00000, 0x00000000fff00000|100%| E|CS|TAMS 0x00000000ffe00000| PB 0x00000000ffe00000| Complete 
|1023|0x00000000fff00000, 0x0000000100000000, 0x0000000100000000|100%| O|  |TAMS 0x0000000100000000| PB 0x00000000fff00000| Untracked 

Card table byte_map: [0x000001bf9d2f0000,0x000001bf9d4f0000] _byte_map_base: 0x000001bf9ccf0000

Marking Bits: (CMBitMap*) 0x000001bf856c8ee0
 Bits: [0x000001bf9d4f0000, 0x000001bf9e4f0000)

Polling page: 0x000001bf834f0000

Metaspace:

Usage:
  Non-class:    236.01 MB used.
      Class:     35.40 MB used.
       Both:    271.40 MB used.

Virtual space:
  Non-class space:      256.00 MB reserved,     237.75 MB ( 93%) committed,  4 nodes.
      Class space:      416.00 MB reserved,      37.19 MB (  9%) committed,  1 nodes.
             Both:      672.00 MB reserved,     274.94 MB ( 41%) committed. 

Chunk freelists:
   Non-Class:  1.94 MB
       Class:  10.75 MB
        Both:  12.69 MB

MaxMetaspaceSize: 512.00 MB
CompressedClassSpaceSize: 416.00 MB
Initial GC threshold: 21.00 MB
Current GC threshold: 431.06 MB
CDS: on
 - commit_granule_bytes: 65536.
 - commit_granule_words: 8192.
 - virtual_space_node_default_size: 8388608.
 - enlarge_chunks_in_place: 1.
 - use_allocation_guard: 0.


Internal statistics:

num_allocs_failed_limit: 6.
num_arena_births: 6642.
num_arena_deaths: 40.
num_vsnodes_births: 5.
num_vsnodes_deaths: 0.
num_space_committed: 4390.
num_space_uncommitted: 0.
num_chunks_returned_to_freelist: 63.
num_chunks_taken_from_freelist: 18531.
num_chunk_merges: 16.
num_chunk_splits: 12920.
num_chunks_enlarged: 9007.
num_inconsistent_stats: 0.

CodeHeap 'non-profiled nmethods': size=120000Kb used=18763Kb max_used=21138Kb free=101236Kb
 bounds [0x000001bf95890000, 0x000001bf96d50000, 0x000001bf9cdc0000]
CodeHeap 'profiled nmethods': size=120000Kb used=34878Kb max_used=50457Kb free=85121Kb
 bounds [0x000001bf8ddc0000, 0x000001bf90f10000, 0x000001bf952f0000]
CodeHeap 'non-nmethods': size=5760Kb used=3191Kb max_used=3281Kb free=2568Kb
 bounds [0x000001bf952f0000, 0x000001bf95640000, 0x000001bf95890000]
CodeCache: size=245760Kb, used=56832Kb, max_used=74876Kb, free=188925Kb
 total_blobs=18605, nmethods=17230, adapters=1275, full_count=0
Compilation: enabled, stopped_count=0, restarted_count=0

Compilation events (20 events):
Event: 373.259 Thread 0x000001bfbc0abca0 47944       1       com.android.tools.r8.internal.Lw::l1 (2 bytes)
Event: 373.260 Thread 0x000001bfbc0abca0 nmethod 47944 0x000001bf96650d10 code [0x000001bf96650ea0, 0x000001bf96650f68]
Event: 373.260 Thread 0x000001bfbc0abca0 47946       3       com.android.tools.r8.internal.G5::o (29 bytes)
Event: 373.260 Thread 0x000001bfbc0abca0 nmethod 47946 0x000001bf8f3c1890 code [0x000001bf8f3c1a20, 0x000001bf8f3c1b40]
Event: 373.260 Thread 0x000001bfbc0abca0 47945       3       com.android.tools.r8.internal.fm0::<init> (5 bytes)
Event: 373.260 Thread 0x000001bfbc0abca0 nmethod 47945 0x000001bf90e8ab10 code [0x000001bf90e8acc0, 0x000001bf90e8ae28]
Event: 373.264 Thread 0x000001bfbc0abca0 47948       3       com.android.tools.r8.utils.structural.c::a (23 bytes)
Event: 373.264 Thread 0x000001bfbc0abca0 nmethod 47948 0x000001bf90ea5690 code [0x000001bf90ea5860, 0x000001bf90ea5af0]
Event: 373.264 Thread 0x000001bfbc0abca0 47949       3       com.android.tools.r8.internal.Jt::a (110 bytes)
Event: 373.265 Thread 0x000001bfdc6948a0 nmethod 47938 0x000001bf95c9b910 code [0x000001bf95c9bae0, 0x000001bf95c9bfc8]
Event: 373.265 Thread 0x000001bfbc0abca0 nmethod 47949 0x000001bf8e9cd910 code [0x000001bf8e9cdbe0, 0x000001bf8e9cebb0]
Event: 373.265 Thread 0x000001bfdc6948a0 47947       4       java.util.AbstractCollection::removeAll (49 bytes)
Event: 373.265 Thread 0x000001bfbc0abca0 47950       3       com.android.tools.r8.internal.Lw::d1 (13 bytes)
Event: 373.266 Thread 0x000001bfbc0abca0 nmethod 47950 0x000001bf8f402c90 code [0x000001bf8f402e20, 0x000001bf8f402f80]
Event: 373.266 Thread 0x000001bfbc0abca0 47952       1       com.android.tools.r8.internal.Lw::o (2 bytes)
Event: 373.267 Thread 0x000001bfbc0abca0 nmethod 47952 0x000001bf9666bb10 code [0x000001bf9666bca0, 0x000001bf9666bd68]
Event: 373.269 Thread 0x000001bfbc0abca0 47953       3       com.android.tools.r8.internal.uW::a (11 bytes)
Event: 373.269 Thread 0x000001bfbc0abca0 nmethod 47953 0x000001bf8f4a9990 code [0x000001bf8f4a9b20, 0x000001bf8f4a9c60]
Event: 373.269 Thread 0x000001bfbc0abca0 47954       1       com.android.tools.r8.internal.Lw::M1 (2 bytes)
Event: 373.269 Thread 0x000001bfbc0abca0 nmethod 47954 0x000001bf96718390 code [0x000001bf96718520, 0x000001bf967185e8]

GC Heap History (20 events):
Event: 352.297 GC heap before
{Heap before GC invocations=93 (full 0):
 garbage-first heap   total 558080K, used 497748K [0x00000000c0000000, 0x0000000100000000)
  region size 1024K, 166 young (169984K), 4 survivors (4096K)
 Metaspace       used 250782K, committed 254400K, reserved 688128K
  class space    used 32917K, committed 34688K, reserved 425984K
}
Event: 352.318 GC heap after
{Heap after GC invocations=94 (full 0):
 garbage-first heap   total 558080K, used 340319K [0x00000000c0000000, 0x0000000100000000)
  region size 1024K, 13 young (13312K), 13 survivors (13312K)
 Metaspace       used 250782K, committed 254400K, reserved 688128K
  class space    used 32917K, committed 34688K, reserved 425984K
}
Event: 354.543 GC heap before
{Heap before GC invocations=94 (full 0):
 garbage-first heap   total 558080K, used 513375K [0x00000000c0000000, 0x0000000100000000)
  region size 1024K, 182 young (186368K), 13 survivors (13312K)
 Metaspace       used 251939K, committed 255552K, reserved 688128K
  class space    used 33053K, committed 34880K, reserved 425984K
}
Event: 354.587 GC heap after
{Heap after GC invocations=95 (full 0):
 garbage-first heap   total 558080K, used 359365K [0x00000000c0000000, 0x0000000100000000)
  region size 1024K, 23 young (23552K), 23 survivors (23552K)
 Metaspace       used 251939K, committed 255552K, reserved 688128K
  class space    used 33053K, committed 34880K, reserved 425984K
}
Event: 357.032 GC heap before
{Heap before GC invocations=95 (full 0):
 garbage-first heap   total 558080K, used 521157K [0x00000000c0000000, 0x0000000100000000)
  region size 1024K, 173 young (177152K), 23 survivors (23552K)
 Metaspace       used 253586K, committed 257152K, reserved 688128K
  class space    used 33195K, committed 35008K, reserved 425984K
}
Event: 357.077 GC heap after
{Heap after GC invocations=96 (full 0):
 garbage-first heap   total 607232K, used 399872K [0x00000000c0000000, 0x0000000100000000)
  region size 1024K, 22 young (22528K), 22 survivors (22528K)
 Metaspace       used 253586K, committed 257152K, reserved 688128K
  class space    used 33195K, committed 35008K, reserved 425984K
}
Event: 357.677 GC heap before
{Heap before GC invocations=96 (full 0):
 garbage-first heap   total 607232K, used 423424K [0x00000000c0000000, 0x0000000100000000)
  region size 1024K, 46 young (47104K), 22 survivors (22528K)
 Metaspace       used 253859K, committed 257408K, reserved 688128K
  class space    used 33217K, committed 35008K, reserved 425984K
}
Event: 357.694 GC heap after
{Heap after GC invocations=97 (full 0):
 garbage-first heap   total 607232K, used 407040K [0x00000000c0000000, 0x0000000100000000)
  region size 1024K, 6 young (6144K), 6 survivors (6144K)
 Metaspace       used 253859K, committed 257408K, reserved 688128K
  class space    used 33217K, committed 35008K, reserved 425984K
}
Event: 359.038 GC heap before
{Heap before GC invocations=98 (full 0):
 garbage-first heap   total 691200K, used 541184K [0x00000000c0000000, 0x0000000100000000)
  region size 1024K, 130 young (133120K), 6 survivors (6144K)
 Metaspace       used 256609K, committed 260160K, reserved 688128K
  class space    used 33504K, committed 35264K, reserved 425984K
}
Event: 359.057 GC heap after
{Heap after GC invocations=99 (full 0):
 garbage-first heap   total 691200K, used 417572K [0x00000000c0000000, 0x0000000100000000)
  region size 1024K, 16 young (16384K), 16 survivors (16384K)
 Metaspace       used 256609K, committed 260160K, reserved 688128K
  class space    used 33504K, committed 35264K, reserved 425984K
}
Event: 360.134 GC heap before
{Heap before GC invocations=99 (full 0):
 garbage-first heap   total 691200K, used 627492K [0x00000000c0000000, 0x0000000100000000)
  region size 1024K, 193 young (197632K), 16 survivors (16384K)
 Metaspace       used 258647K, committed 262272K, reserved 688128K
  class space    used 33644K, committed 35456K, reserved 425984K
}
Event: 360.166 GC heap after
{Heap after GC invocations=100 (full 0):
 garbage-first heap   total 691200K, used 422596K [0x00000000c0000000, 0x0000000100000000)
  region size 1024K, 25 young (25600K), 25 survivors (25600K)
 Metaspace       used 258647K, committed 262272K, reserved 688128K
  class space    used 33644K, committed 35456K, reserved 425984K
}
Event: 360.907 GC heap before
{Heap before GC invocations=100 (full 0):
 garbage-first heap   total 691200K, used 602820K [0x00000000c0000000, 0x0000000100000000)
  region size 1024K, 202 young (206848K), 25 survivors (25600K)
 Metaspace       used 260801K, committed 264448K, reserved 688128K
  class space    used 33866K, committed 35712K, reserved 425984K
}
Event: 360.924 GC heap after
{Heap after GC invocations=101 (full 0):
 garbage-first heap   total 691200K, used 430503K [0x00000000c0000000, 0x0000000100000000)
  region size 1024K, 6 young (6144K), 6 survivors (6144K)
 Metaspace       used 260801K, committed 264448K, reserved 688128K
  class space    used 33866K, committed 35712K, reserved 425984K
}
Event: 363.521 GC heap before
{Heap before GC invocations=102 (full 0):
 garbage-first heap   total 718848K, used 618919K [0x00000000c0000000, 0x0000000100000000)
  region size 1024K, 189 young (193536K), 6 survivors (6144K)
 Metaspace       used 261938K, committed 265600K, reserved 688128K
  class space    used 33980K, committed 35840K, reserved 425984K
}
Event: 363.534 GC heap after
{Heap after GC invocations=103 (full 0):
 garbage-first heap   total 718848K, used 436647K [0x00000000c0000000, 0x0000000100000000)
  region size 1024K, 12 young (12288K), 12 survivors (12288K)
 Metaspace       used 261938K, committed 265600K, reserved 688128K
  class space    used 33980K, committed 35840K, reserved 425984K
}
Event: 370.206 GC heap before
{Heap before GC invocations=103 (full 0):
 garbage-first heap   total 718848K, used 657831K [0x00000000c0000000, 0x0000000100000000)
  region size 1024K, 227 young (232448K), 12 survivors (12288K)
 Metaspace       used 265093K, committed 268800K, reserved 688128K
  class space    used 34358K, committed 36224K, reserved 425984K
}
Event: 370.236 GC heap after
{Heap after GC invocations=104 (full 0):
 garbage-first heap   total 718848K, used 415247K [0x00000000c0000000, 0x0000000100000000)
  region size 1024K, 18 young (18432K), 18 survivors (18432K)
 Metaspace       used 265093K, committed 268800K, reserved 688128K
  class space    used 34358K, committed 36224K, reserved 425984K
}
Event: 372.958 GC heap before
{Heap before GC invocations=104 (full 0):
 garbage-first heap   total 718848K, used 662031K [0x00000000c0000000, 0x0000000100000000)
  region size 1024K, 260 young (266240K), 18 survivors (18432K)
 Metaspace       used 275510K, committed 279104K, reserved 688128K
  class space    used 35879K, committed 37696K, reserved 425984K
}
Event: 372.979 GC heap after
{Heap after GC invocations=105 (full 0):
 garbage-first heap   total 718848K, used 420352K [0x00000000c0000000, 0x0000000100000000)
  region size 1024K, 23 young (23552K), 23 survivors (23552K)
 Metaspace       used 275510K, committed 279104K, reserved 688128K
  class space    used 35879K, committed 37696K, reserved 425984K
}

Dll operation events (20 events):
Event: 0.102 Attempting to load shared library C:\Users\Admin\.jdks\ms-21.0.12\bin\zip.dll
Event: 0.102 Loaded shared library C:\Users\Admin\.jdks\ms-21.0.12\bin\zip.dll
Event: 0.307 Attempting to load shared library C:\Users\Admin\.jdks\ms-21.0.12\bin\jimage.dll
Event: 0.307 Loaded shared library C:\Users\Admin\.jdks\ms-21.0.12\bin\jimage.dll
Event: 0.379 Attempting to load shared library C:\Users\Admin\.jdks\ms-21.0.12\bin\verify.dll
Event: 0.379 Loaded shared library C:\Users\Admin\.jdks\ms-21.0.12\bin\verify.dll
Event: 0.541 Attempting to load shared library C:\Users\Admin\.gradle\native\c067742578af261105cb4f569cf0c3c89f3d7b1fecec35dd04571415982c5e48\windows-amd64\native-platform.dll
Event: 0.542 Loaded shared library C:\Users\Admin\.gradle\native\c067742578af261105cb4f569cf0c3c89f3d7b1fecec35dd04571415982c5e48\windows-amd64\native-platform.dll
Event: 0.548 Attempting to load shared library C:\Users\Admin\.gradle\native\38dada09dfb8b06ba9b0570ebf7e218e3eb74d4ef43ca46872605cf95ebc2f47\windows-amd64\native-platform-file-events.dll
Event: 0.550 Loaded shared library C:\Users\Admin\.gradle\native\38dada09dfb8b06ba9b0570ebf7e218e3eb74d4ef43ca46872605cf95ebc2f47\windows-amd64\native-platform-file-events.dll
Event: 1.553 Attempting to load shared library C:\Users\Admin\.jdks\ms-21.0.12\bin\management.dll
Event: 1.554 Loaded shared library C:\Users\Admin\.jdks\ms-21.0.12\bin\management.dll
Event: 1.556 Attempting to load shared library C:\Users\Admin\.jdks\ms-21.0.12\bin\management_ext.dll
Event: 1.558 Loaded shared library C:\Users\Admin\.jdks\ms-21.0.12\bin\management_ext.dll
Event: 1.730 Attempting to load shared library C:\Users\Admin\.jdks\ms-21.0.12\bin\extnet.dll
Event: 1.731 Loaded shared library C:\Users\Admin\.jdks\ms-21.0.12\bin\extnet.dll
Event: 1.854 Attempting to load shared library C:\Users\Admin\.jdks\ms-21.0.12\bin\sunmscapi.dll
Event: 1.856 Loaded shared library C:\Users\Admin\.jdks\ms-21.0.12\bin\sunmscapi.dll
Event: 43.995 Attempting to load shared library C:\Users\Admin\.jdks\ms-21.0.12\bin\rmi.dll
Event: 43.997 Loaded shared library C:\Users\Admin\.jdks\ms-21.0.12\bin\rmi.dll

Deoptimization events (20 events):
Event: 372.904 Thread 0x000001bfd6f87800 DEOPT PACKING pc=0x000001bf8e373e65 sp=0x000000bcbcbf78a0
Event: 372.904 Thread 0x000001bfd6f87800 DEOPT UNPACKING pc=0x000001bf95344bc2 sp=0x000000bcbcbf6da8 mode 0
Event: 372.908 Thread 0x000001bfd6f87800 DEOPT PACKING pc=0x000001bf8e373e65 sp=0x000000bcbcbf77c0
Event: 372.908 Thread 0x000001bfd6f87800 DEOPT UNPACKING pc=0x000001bf95344bc2 sp=0x000000bcbcbf6cc8 mode 0
Event: 372.911 Thread 0x000001bfd6f87800 DEOPT PACKING pc=0x000001bf8e373e65 sp=0x000000bcbcbf77c0
Event: 372.911 Thread 0x000001bfd6f87800 DEOPT UNPACKING pc=0x000001bf95344bc2 sp=0x000000bcbcbf6cc8 mode 0
Event: 372.917 Thread 0x000001bfd6f87800 DEOPT PACKING pc=0x000001bf8e373e65 sp=0x000000bcbcbf7840
Event: 372.917 Thread 0x000001bfd6f87800 DEOPT UNPACKING pc=0x000001bf95344bc2 sp=0x000000bcbcbf6d48 mode 0
Event: 372.925 Thread 0x000001bfd6f87800 DEOPT PACKING pc=0x000001bf8e373e65 sp=0x000000bcbcbf7840
Event: 372.925 Thread 0x000001bfd6f87800 DEOPT UNPACKING pc=0x000001bf95344bc2 sp=0x000000bcbcbf6d48 mode 0
Event: 372.929 Thread 0x000001bfd6f87800 DEOPT PACKING pc=0x000001bf8e373e65 sp=0x000000bcbcbf7840
Event: 372.929 Thread 0x000001bfd6f87800 DEOPT UNPACKING pc=0x000001bf95344bc2 sp=0x000000bcbcbf6d48 mode 0
Event: 372.994 Thread 0x000001bfc38532f0 Uncommon trap: trap_request=0xffffff45 fr.pc=0x000001bf95bfda8c relative=0x00000000000007ac
Event: 372.994 Thread 0x000001bfc38532f0 Uncommon trap: reason=unstable_if action=reinterpret pc=0x000001bf95bfda8c method=java.util.concurrent.ConcurrentHashMap.replaceNode(Ljava/lang/Object;Ljava/lang/Object;Ljava/lang/Object;)Ljava/lang/Object; @ 99 c2
Event: 372.994 Thread 0x000001bfc38532f0 DEOPT PACKING pc=0x000001bf95bfda8c sp=0x000000bcc2bfa890
Event: 372.994 Thread 0x000001bfc38532f0 DEOPT UNPACKING pc=0x000001bf95344422 sp=0x000000bcc2bfa7f8 mode 2
Event: 373.263 Thread 0x000001bfc38532f0 Uncommon trap: trap_request=0xffffff45 fr.pc=0x000001bf96659994 relative=0x0000000000000874
Event: 373.263 Thread 0x000001bfc38532f0 Uncommon trap: reason=unstable_if action=reinterpret pc=0x000001bf96659994 method=java.util.function.Predicate.lambda$or$2(Ljava/util/function/Predicate;Ljava/lang/Object;)Z @ 7 c2
Event: 373.263 Thread 0x000001bfc38532f0 DEOPT PACKING pc=0x000001bf96659994 sp=0x000000bcc2bfb0b0
Event: 373.263 Thread 0x000001bfc38532f0 DEOPT UNPACKING pc=0x000001bf95344422 sp=0x000000bcc2bfb020 mode 2

Classes loaded (20 events):
Event: 361.150 Loading class java/lang/ProcessImpl$2
Event: 361.150 Loading class java/lang/ProcessImpl$2 done
Event: 361.150 Loading class java/lang/Process$PipeInputStream
Event: 361.150 Loading class java/lang/Process$PipeInputStream done
Event: 361.220 Loading class jdk/internal/event/ProcessStartEvent
Event: 361.220 Loading class jdk/internal/event/ProcessStartEvent done
Event: 363.743 Loading class java/nio/file/FileChannelLinesSpliterator
Event: 363.743 Loading class java/nio/file/FileChannelLinesSpliterator done
Event: 363.744 Loading class java/util/stream/Streams$1
Event: 363.744 Loading class java/util/stream/Streams$1 done
Event: 363.751 Loading class java/nio/file/FileChannelLinesSpliterator$1
Event: 363.751 Loading class java/nio/file/FileChannelLinesSpliterator$1 done
Event: 366.080 Loading class java/util/TreeMap$DescendingSubMap
Event: 366.080 Loading class java/util/TreeMap$DescendingSubMap done
Event: 366.080 Loading class java/util/TreeMap$DescendingSubMap$DescendingEntrySetView
Event: 366.080 Loading class java/util/TreeMap$DescendingSubMap$DescendingEntrySetView done
Event: 366.080 Loading class java/util/TreeMap$NavigableSubMap$DescendingSubMapEntryIterator
Event: 366.080 Loading class java/util/TreeMap$NavigableSubMap$DescendingSubMapEntryIterator done
Event: 366.095 Loading class com/sun/org/apache/xerces/internal/dom/DeepNodeListImpl
Event: 366.095 Loading class com/sun/org/apache/xerces/internal/dom/DeepNodeListImpl done

Classes unloaded (20 events):
Event: 38.036 Thread 0x000001bfa0f523d0 Unloading class 0x000001bfa3589c00 'java/lang/invoke/LambdaForm$DMH+0x000001bfa3589c00'
Event: 58.680 Thread 0x000001bfa0f523d0 Unloading class 0x000001bfa37a5000 'jdk/internal/reflect/GeneratedSerializationConstructorAccessor164'
Event: 58.680 Thread 0x000001bfa0f523d0 Unloading class 0x000001bfa37a4c00 'jdk/internal/reflect/GeneratedSerializationConstructorAccessor161'
Event: 58.680 Thread 0x000001bfa0f523d0 Unloading class 0x000001bfa37a4400 'jdk/internal/reflect/GeneratedSerializationConstructorAccessor162'
Event: 76.031 Thread 0x000001bfa0f523d0 Unloading class 0x000001bfa39cd400 'java/lang/invoke/LambdaForm$DMH+0x000001bfa39cd400'
Event: 76.031 Thread 0x000001bfa0f523d0 Unloading class 0x000001bfa3978400 'java/lang/invoke/LambdaForm$DMH+0x000001bfa3978400'
Event: 76.031 Thread 0x000001bfa0f523d0 Unloading class 0x000001bfa3978c00 'java/lang/invoke/LambdaForm$DMH+0x000001bfa3978c00'
Event: 76.031 Thread 0x000001bfa0f523d0 Unloading class 0x000001bfa3954800 'java/lang/invoke/LambdaForm$DMH+0x000001bfa3954800'
Event: 76.031 Thread 0x000001bfa0f523d0 Unloading class 0x000001bfa3954400 'java/lang/invoke/LambdaForm$DMH+0x000001bfa3954400'
Event: 76.031 Thread 0x000001bfa0f523d0 Unloading class 0x000001bfa38c5c00 'java/lang/invoke/LambdaForm$DMH+0x000001bfa38c5c00'
Event: 76.031 Thread 0x000001bfa0f523d0 Unloading class 0x000001bfa38c5800 'java/lang/invoke/LambdaForm$DMH+0x000001bfa38c5800'
Event: 76.031 Thread 0x000001bfa0f523d0 Unloading class 0x000001bfa38c5000 'java/lang/invoke/LambdaForm$DMH+0x000001bfa38c5000'
Event: 76.031 Thread 0x000001bfa0f523d0 Unloading class 0x000001bfa38c4c00 'java/lang/invoke/LambdaForm$DMH+0x000001bfa38c4c00'
Event: 76.031 Thread 0x000001bfa0f523d0 Unloading class 0x000001bfa38c4800 'java/lang/invoke/LambdaForm$DMH+0x000001bfa38c4800'
Event: 76.031 Thread 0x000001bfa0f523d0 Unloading class 0x000001bfa38c4000 'java/lang/invoke/LambdaForm$DMH+0x000001bfa38c4000'
Event: 76.031 Thread 0x000001bfa0f523d0 Unloading class 0x000001bfa3878400 'java/lang/invoke/LambdaForm$DMH+0x000001bfa3878400'
Event: 76.031 Thread 0x000001bfa0f523d0 Unloading class 0x000001bfa3878c00 'java/lang/invoke/LambdaForm$DMH+0x000001bfa3878c00'
Event: 76.031 Thread 0x000001bfa0f523d0 Unloading class 0x000001bfa3878800 'java/lang/invoke/LambdaForm$DMH+0x000001bfa3878800'
Event: 76.031 Thread 0x000001bfa0f523d0 Unloading class 0x000001bfa382c800 'java/lang/invoke/LambdaForm$DMH+0x000001bfa382c800'
Event: 76.031 Thread 0x000001bfa0f523d0 Unloading class 0x000001bfa382c400 'java/lang/invoke/LambdaForm$DMH+0x000001bfa382c400'

Classes redefined (0 events):
No events

Internal exceptions (20 events):
Event: 370.697 Thread 0x000001bfd57d7ab0 Exception <a 'sun/nio/fs/WindowsException'{0x00000000e5104bb8}> (0x00000000e5104bb8) 
thrown [s\src\hotspot\share\prims\jni.cpp, line 520]
Event: 370.700 Thread 0x000001bfd57d7ab0 Exception <a 'sun/nio/fs/WindowsException'{0x00000000e5128b38}> (0x00000000e5128b38) 
thrown [s\src\hotspot\share\prims\jni.cpp, line 520]
Event: 370.700 Thread 0x000001bfd57d7ab0 Exception <a 'sun/nio/fs/WindowsException'{0x00000000e5129a30}> (0x00000000e5129a30) 
thrown [s\src\hotspot\share\prims\jni.cpp, line 520]
Event: 370.700 Thread 0x000001bfd57d7ab0 Exception <a 'sun/nio/fs/WindowsException'{0x00000000e5129bc8}> (0x00000000e5129bc8) 
thrown [s\src\hotspot\share\prims\jni.cpp, line 520]
Event: 371.859 Thread 0x000001bfd57d7ab0 Exception <a 'sun/nio/fs/WindowsException'{0x00000000e05b32f0}> (0x00000000e05b32f0) 
thrown [s\src\hotspot\share\prims\jni.cpp, line 520]
Event: 371.859 Thread 0x000001bfd57d7ab0 Exception <a 'sun/nio/fs/WindowsException'{0x00000000e05b41d8}> (0x00000000e05b41d8) 
thrown [s\src\hotspot\share\prims\jni.cpp, line 520]
Event: 371.859 Thread 0x000001bfd57d7ab0 Exception <a 'sun/nio/fs/WindowsException'{0x00000000e05b4360}> (0x00000000e05b4360) 
thrown [s\src\hotspot\share\prims\jni.cpp, line 520]
Event: 371.877 Thread 0x000001bfd6f8b310 Exception <a 'sun/nio/fs/WindowsException'{0x00000000e04f64b0}> (0x00000000e04f64b0) 
thrown [s\src\hotspot\share\prims\jni.cpp, line 520]
Event: 372.308 Thread 0x000001bfc38532f0 Exception <a 'java/lang/IncompatibleClassChangeError'{0x00000000de309e68}: Found class java.lang.Object, but interface was expected> (0x00000000de309e68) 
thrown [s\src\hotspot\share\interpreter\linkResolver.cpp, line 840]
Event: 372.308 Thread 0x000001bfd6f87800 Exception <a 'java/lang/IncompatibleClassChangeError'{0x00000000de325750}: Found class java.lang.Object, but interface was expected> (0x00000000de325750) 
thrown [s\src\hotspot\share\interpreter\linkResolver.cpp, line 840]
Event: 372.378 Thread 0x000001bfd6f87800 Exception <a 'java/lang/NoSuchMethodError'{0x00000000dde00960}: 'long java.lang.invoke.DirectMethodHandle$Holder.invokeStaticInit(java.lang.Object, java.lang.Object)'> (0x00000000dde00960) 
thrown [s\src\hotspot\share\interpreter\linkResolver.cpp, line 773]
Event: 372.857 Thread 0x000001bfc38532f0 Exception <a 'java/lang/IncompatibleClassChangeError'{0x00000000db436fb0}: Found class java.lang.Object, but interface was expected> (0x00000000db436fb0) 
thrown [s\src\hotspot\share\interpreter\linkResolver.cpp, line 840]
Event: 372.857 Thread 0x000001bfc38532f0 Exception <a 'java/lang/IncompatibleClassChangeError'{0x00000000db43b648}: Found class java.lang.Object, but interface was expected> (0x00000000db43b648) 
thrown [s\src\hotspot\share\interpreter\linkResolver.cpp, line 840]
Event: 373.039 Thread 0x000001bfc38532f0 Exception <a 'java/lang/IncompatibleClassChangeError'{0x00000000ffdad6a0}: Found class java.lang.Object, but interface was expected> (0x00000000ffdad6a0) 
thrown [s\src\hotspot\share\interpreter\linkResolver.cpp, line 840]
Event: 373.039 Thread 0x000001bfd6f87800 Exception <a 'java/lang/IncompatibleClassChangeError'{0x00000000fec7b850}: Found class java.lang.Object, but interface was expected> (0x00000000fec7b850) 
thrown [s\src\hotspot\share\interpreter\linkResolver.cpp, line 840]
Event: 373.042 Thread 0x000001bfc38532f0 Exception <a 'java/lang/NoSuchMethodError'{0x00000000ffdb9070}: 'java.lang.Object java.lang.invoke.DirectMethodHandle$Holder.invokeSpecial(java.lang.Object, java.lang.Object, int, java.lang.Object, java.lang.Object, java.lang.Object)'> (0x00000000ffdb9070) 
thrown [s\src\hotspot\share\interpreter\linkResolver.cpp, line 773]
Event: 373.042 Thread 0x000001bfd6f87800 Exception <a 'java/lang/NoSuchMethodError'{0x00000000fec9b0a0}: 'java.lang.Object java.lang.invoke.DirectMethodHandle$Holder.invokeSpecial(java.lang.Object, java.lang.Object, int, java.lang.Object, java.lang.Object, java.lang.Object)'> (0x00000000fec9b0a0) 
thrown [s\src\hotspot\share\interpreter\linkResolver.cpp, line 773]
Event: 373.060 Thread 0x000001bfc38532f0 Exception <a 'java/lang/NoSuchMethodError'{0x00000000feb909a0}: 'void java.lang.invoke.DirectMethodHandle$Holder.invokeStatic(java.lang.Object, java.lang.Object, java.lang.Object, java.lang.Object, java.lang.Object, java.lang.Object, java.lang.Object, java.lang.Object, java.lang.Object, java.lang.Object)'> (0x00000000feb909a0) 
thrown [s\src\hotspot\share\interpreter\linkResolver.cpp, line 773]
Event: 373.060 Thread 0x000001bfd6f87800 Exception <a 'java/lang/NoSuchMethodError'{0x00000000feb77ca8}: 'void java.lang.invoke.DirectMethodHandle$Holder.invokeStatic(java.lang.Object, java.lang.Object, java.lang.Object, java.lang.Object, java.lang.Object, java.lang.Object, java.lang.Object, java.lang.Object, java.lang.Object, java.lang.Object)'> (0x00000000feb77ca8) 
thrown [s\src\hotspot\share\interpreter\linkResolver.cpp, line 773]
Event: 373.255 Thread 0x000001bfc38532f0 Exception <a 'java/lang/IncompatibleClassChangeError'{0x00000000fe17e8c8}: Found class java.lang.Object, but interface was expected> (0x00000000fe17e8c8) 
thrown [s\src\hotspot\share\interpreter\linkResolver.cpp, line 840]

ZGC Phase Switch (0 events):
No events

VM Operations (20 events):
Event: 366.466 Executing non-safepoint VM operation: HandshakeAllThreads (Deoptimize)
Event: 366.467 Executing non-safepoint VM operation: HandshakeAllThreads (Deoptimize) done
Event: 366.471 Executing non-safepoint VM operation: HandshakeAllThreads (Deoptimize)
Event: 366.472 Executing non-safepoint VM operation: HandshakeAllThreads (Deoptimize) done
Event: 366.475 Executing non-safepoint VM operation: HandshakeAllThreads (Deoptimize)
Event: 366.475 Executing non-safepoint VM operation: HandshakeAllThreads (Deoptimize) done
Event: 366.480 Executing non-safepoint VM operation: HandshakeAllThreads (Deoptimize)
Event: 366.481 Executing non-safepoint VM operation: HandshakeAllThreads (Deoptimize) done
Event: 367.491 Executing safepoint VM operation: Cleanup
Event: 367.491 Executing safepoint VM operation: Cleanup done
Event: 370.206 Executing safepoint VM operation: G1CollectForAllocation (G1 Evacuation Pause)
Event: 370.236 Executing safepoint VM operation: G1CollectForAllocation (G1 Evacuation Pause) done
Event: 371.243 Executing safepoint VM operation: Cleanup
Event: 371.243 Executing safepoint VM operation: Cleanup done
Event: 372.833 Executing non-safepoint VM operation: HandshakeAllThreads (Deoptimize)
Event: 372.834 Executing non-safepoint VM operation: HandshakeAllThreads (Deoptimize) done
Event: 372.834 Executing safepoint VM operation: Cleanup
Event: 372.834 Executing safepoint VM operation: Cleanup done
Event: 372.958 Executing safepoint VM operation: G1CollectForAllocation (G1 Evacuation Pause)
Event: 372.979 Executing safepoint VM operation: G1CollectForAllocation (G1 Evacuation Pause) done

Memory protections (0 events):
No events

Nmethod flushes (20 events):
Event: 361.537 Thread 0x000001bfa0f523d0 flushing  nmethod 0x000001bf90d6e190
Event: 361.537 Thread 0x000001bfa0f523d0 flushing  nmethod 0x000001bf90d6e990
Event: 361.537 Thread 0x000001bfa0f523d0 flushing  nmethod 0x000001bf90d6ef10
Event: 361.537 Thread 0x000001bfa0f523d0 flushing  nmethod 0x000001bf90d70290
Event: 361.537 Thread 0x000001bfa0f523d0 flushing  nmethod 0x000001bf90d75b90
Event: 361.537 Thread 0x000001bfa0f523d0 flushing  nmethod 0x000001bf90db0190
Event: 361.537 Thread 0x000001bfa0f523d0 flushing  nmethod 0x000001bf90db7210
Event: 361.537 Thread 0x000001bfa0f523d0 flushing  nmethod 0x000001bf90db7a10
Event: 361.537 Thread 0x000001bfa0f523d0 flushing  nmethod 0x000001bf90dbb990
Event: 361.537 Thread 0x000001bfa0f523d0 flushing  nmethod 0x000001bf90dc3510
Event: 361.537 Thread 0x000001bfa0f523d0 flushing  nmethod 0x000001bf90e64f90
Event: 361.537 Thread 0x000001bfa0f523d0 flushing  nmethod 0x000001bf90e69510
Event: 361.537 Thread 0x000001bfa0f523d0 flushing  nmethod 0x000001bf90e6a990
Event: 361.537 Thread 0x000001bfa0f523d0 flushing  nmethod 0x000001bf90e6c310
Event: 361.537 Thread 0x000001bfa0f523d0 flushing  nmethod 0x000001bf90e6e090
Event: 361.537 Thread 0x000001bfa0f523d0 flushing  nmethod 0x000001bf90e6e690
Event: 361.537 Thread 0x000001bfa0f523d0 flushing  nmethod 0x000001bf90ec5f10
Event: 361.537 Thread 0x000001bfa0f523d0 flushing  nmethod 0x000001bf90ec6e90
Event: 361.537 Thread 0x000001bfa0f523d0 flushing  nmethod 0x000001bf90ec7290
Event: 361.537 Thread 0x000001bfa0f523d0 flushing  nmethod 0x000001bf90ece990

Events (20 events):
Event: 370.707 Thread 0x000001bfd57d7ab0 Thread added: 0x000001bfde1f8da0
Event: 370.707 Thread 0x000001bfd57d7ab0 Thread added: 0x000001bfde1f9430
Event: 370.707 Thread 0x000001bfd57d7ab0 Thread added: 0x000001bfde1fa7e0
Event: 370.707 Thread 0x000001bfd57d7ab0 Thread added: 0x000001bfde1f8710
Event: 370.708 Thread 0x000001bfd57d7ab0 Thread added: 0x000001bfde1fae70
Event: 370.708 Thread 0x000001bfd57d7ab0 Thread added: 0x000001bfde1f9ac0
Event: 371.030 Thread 0x000001bfbc0abca0 Thread added: 0x000001bfdca62250
Event: 371.607 Thread 0x000001bfdca62250 Thread exited: 0x000001bfdca62250
Event: 371.813 Thread 0x000001bfc2e4e6e0 Thread exited: 0x000001bfc2e4e6e0
Event: 371.872 Thread 0x000001bfbc0a46e0 Thread added: 0x000001bfc2e4fb50
Event: 371.885 Thread 0x000001bfd6f87800 Thread added: 0x000001bfdd2567d0
Event: 371.885 Thread 0x000001bfd6f87800 Thread added: 0x000001bfc38532f0
Event: 371.885 Thread 0x000001bfd6f87800 Thread added: 0x000001bfc3853980
Event: 371.886 Thread 0x000001bfd6f87800 Thread added: 0x000001bfd57de3b0
Event: 371.886 Thread 0x000001bfd6f87800 Thread added: 0x000001bfd57dc2e0
Event: 371.886 Thread 0x000001bfd6f87800 Thread added: 0x000001bfd523bd10
Event: 371.887 Thread 0x000001bfd6f87800 Thread added: 0x000001bfd523c3a0
Event: 372.231 Thread 0x000001bfc2e4fb50 Thread exited: 0x000001bfc2e4fb50
Event: 372.889 Thread 0x000001bfbc0abca0 Thread added: 0x000001bfdc697f20
Event: 372.894 Thread 0x000001bfbc0abca0 Thread added: 0x000001bfdc6948a0


Dynamic libraries:
0x00007ff7fd210000 - 0x00007ff7fd21e000 	C:\Users\Admin\.jdks\ms-21.0.12\bin\java.exe
0x00007ffd2ed20000 - 0x00007ffd2ef87000 	C:\WINDOWS\SYSTEM32\ntdll.dll
0x00007ffd2e210000 - 0x00007ffd2e2db000 	C:\WINDOWS\System32\KERNEL32.DLL
0x00007ffd2c350000 - 0x00007ffd2c752000 	C:\WINDOWS\System32\KERNELBASE.dll
0x00007ffd2bfd0000 - 0x00007ffd2c11c000 	C:\WINDOWS\System32\ucrtbase.dll
0x00007ffd247b0000 - 0x00007ffd247ce000 	C:\Users\Admin\.jdks\ms-21.0.12\bin\VCRUNTIME140.dll
0x00007ffd187f0000 - 0x00007ffd18808000 	C:\Users\Admin\.jdks\ms-21.0.12\bin\jli.dll
0x00007ffd2e9e0000 - 0x00007ffd2ebaf000 	C:\WINDOWS\System32\USER32.dll
0x00007ffd2afd0000 - 0x00007ffd2b260000 	C:\WINDOWS\WinSxS\amd64_microsoft.windows.common-controls_6595b64144ccf1df_6.0.26100.9278_none_3e0d1ba8e3303201\COMCTL32.dll
0x00007ffd2c320000 - 0x00007ffd2c347000 	C:\WINDOWS\System32\win32u.dll
0x00007ffd2ca40000 - 0x00007ffd2cae9000 	C:\WINDOWS\System32\msvcrt.dll
0x00007ffd2cc00000 - 0x00007ffd2cc2b000 	C:\WINDOWS\System32\GDI32.dll
0x00007ffd2c1f0000 - 0x00007ffd2c319000 	C:\WINDOWS\System32\gdi32full.dll
0x00007ffd2bf20000 - 0x00007ffd2bfc3000 	C:\WINDOWS\System32\msvcp_win.dll
0x00007ffd2d840000 - 0x00007ffd2d871000 	C:\WINDOWS\System32\IMM32.DLL
0x00007ffd247a0000 - 0x00007ffd247ac000 	C:\Users\Admin\.jdks\ms-21.0.12\bin\vcruntime140_1.dll
0x00007ffcc7480000 - 0x00007ffcc7509000 	C:\Users\Admin\.jdks\ms-21.0.12\bin\msvcp140.dll
0x00007ffc91e10000 - 0x00007ffc92bbf000 	C:\Users\Admin\.jdks\ms-21.0.12\bin\server\jvm.dll
0x00007ffd2cb30000 - 0x00007ffd2cbec000 	C:\WINDOWS\System32\ADVAPI32.dll
0x00007ffd2e160000 - 0x00007ffd2e209000 	C:\WINDOWS\System32\sechost.dll
0x00007ffd2e8a0000 - 0x00007ffd2e9b8000 	C:\WINDOWS\System32\RPCRT4.dll
0x00007ffd2ebc0000 - 0x00007ffd2ec40000 	C:\WINDOWS\System32\WS2_32.dll
0x00007ffd2bd80000 - 0x00007ffd2bdde000 	C:\WINDOWS\SYSTEM32\POWRPROF.dll
0x00007ffd126c0000 - 0x00007ffd126f6000 	C:\WINDOWS\SYSTEM32\WINMM.dll
0x00007ffd29d00000 - 0x00007ffd29d0b000 	C:\WINDOWS\SYSTEM32\VERSION.dll
0x00007ffd2bd60000 - 0x00007ffd2bd75000 	C:\WINDOWS\SYSTEM32\UMPDC.dll
0x00007ffd2a300000 - 0x00007ffd2a31b000 	C:\WINDOWS\SYSTEM32\kernel.appcore.dll
0x00007ffd24680000 - 0x00007ffd2468a000 	C:\Users\Admin\.jdks\ms-21.0.12\bin\jimage.dll
0x00007ffd2b6a0000 - 0x00007ffd2b8ec000 	C:\WINDOWS\SYSTEM32\DBGHELP.DLL
0x00007ffd2e2e0000 - 0x00007ffd2e665000 	C:\WINDOWS\System32\combase.dll
0x00007ffd2e020000 - 0x00007ffd2e0f9000 	C:\WINDOWS\System32\OLEAUT32.dll
0x00007ffd2b590000 - 0x00007ffd2b5cb000 	C:\WINDOWS\SYSTEM32\dbgcore.DLL
0x00007ffd2c130000 - 0x00007ffd2c1dc000 	C:\WINDOWS\System32\bcryptPrimitives.dll
0x00007ffd2a840000 - 0x00007ffd2a850000 	C:\Users\Admin\.jdks\ms-21.0.12\bin\instrument.dll
0x00007ffd16b30000 - 0x00007ffd16b51000 	C:\Users\Admin\.jdks\ms-21.0.12\bin\java.dll
0x00007ffd2d880000 - 0x00007ffd2e018000 	C:\WINDOWS\System32\SHELL32.dll
0x00007ffd256d0000 - 0x00007ffd25f7e000 	C:\WINDOWS\SYSTEM32\windows.storage.dll
0x00007ffd2d3b0000 - 0x00007ffd2d4ab000 	C:\WINDOWS\System32\SHCORE.dll
0x00007ffd2d530000 - 0x00007ffd2d596000 	C:\WINDOWS\System32\shlwapi.dll
0x00007ffd2be40000 - 0x00007ffd2be69000 	C:\WINDOWS\SYSTEM32\profapi.dll
0x00007ffcc6da0000 - 0x00007ffcc6e76000 	C:\Users\Admin\.jdks\ms-21.0.12\bin\jsvml.dll
0x00007ffd17e60000 - 0x00007ffd17e78000 	C:\Users\Admin\.jdks\ms-21.0.12\bin\zip.dll
0x00007ffd16230000 - 0x00007ffd16241000 	C:\Users\Admin\.jdks\ms-21.0.12\bin\net.dll
0x00007ffd20dc0000 - 0x00007ffd20eea000 	C:\WINDOWS\SYSTEM32\WINHTTP.dll
0x00007ffd2a180000 - 0x00007ffd2a1ec000 	C:\WINDOWS\system32\mswsock.dll
0x00007ffd13e70000 - 0x00007ffd13e86000 	C:\Users\Admin\.jdks\ms-21.0.12\bin\nio.dll
0x00007ffd19310000 - 0x00007ffd19320000 	C:\Users\Admin\.jdks\ms-21.0.12\bin\verify.dll
0x00007ffcfa450000 - 0x00007ffcfa477000 	C:\Users\Admin\.gradle\native\c067742578af261105cb4f569cf0c3c89f3d7b1fecec35dd04571415982c5e48\windows-amd64\native-platform.dll
0x00007ffcb55a0000 - 0x00007ffcb56e4000 	C:\Users\Admin\.gradle\native\38dada09dfb8b06ba9b0570ebf7e218e3eb74d4ef43ca46872605cf95ebc2f47\windows-amd64\native-platform-file-events.dll
0x00007ffd12310000 - 0x00007ffd1231a000 	C:\Users\Admin\.jdks\ms-21.0.12\bin\management.dll
0x00007ffd12300000 - 0x00007ffd1230c000 	C:\Users\Admin\.jdks\ms-21.0.12\bin\management_ext.dll
0x00007ffd2d0c0000 - 0x00007ffd2d0c8000 	C:\WINDOWS\System32\PSAPI.DLL
0x00007ffd2ba20000 - 0x00007ffd2ba3b000 	C:\WINDOWS\SYSTEM32\CRYPTSP.dll
0x00007ffd29b50000 - 0x00007ffd29b89000 	C:\WINDOWS\system32\rsaenh.dll
0x00007ffd2a230000 - 0x00007ffd2a264000 	C:\WINDOWS\SYSTEM32\USERENV.dll
0x00007ffd2be10000 - 0x00007ffd2be3a000 	C:\WINDOWS\SYSTEM32\bcrypt.dll
0x00007ffd2a490000 - 0x00007ffd2a49c000 	C:\WINDOWS\SYSTEM32\CRYPTBASE.dll
0x00007ffd295c0000 - 0x00007ffd295f3000 	C:\WINDOWS\SYSTEM32\IPHLPAPI.DLL
0x00007ffd2caf0000 - 0x00007ffd2cafa000 	C:\WINDOWS\System32\NSI.dll
0x00007ffd12250000 - 0x00007ffd12259000 	C:\Users\Admin\.jdks\ms-21.0.12\bin\extnet.dll
0x00007ffd2a830000 - 0x00007ffd2a83e000 	C:\Users\Admin\.jdks\ms-21.0.12\bin\sunmscapi.dll
0x00007ffd2c820000 - 0x00007ffd2c99e000 	C:\WINDOWS\System32\CRYPT32.dll
0x00007ffd2af90000 - 0x00007ffd2afc0000 	C:\WINDOWS\SYSTEM32\ncrypt.dll
0x00007ffd2ae80000 - 0x00007ffd2aebf000 	C:\WINDOWS\SYSTEM32\NTASN1.dll
0x00007ffcf8b40000 - 0x00007ffcf8b48000 	C:\WINDOWS\system32\wshunix.dll
0x00007ffca3c70000 - 0x00007ffca3c88000 	C:\WINDOWS\system32\napinsp.dll
0x00007ffd29650000 - 0x00007ffd297a8000 	C:\WINDOWS\SYSTEM32\DNSAPI.dll
0x00007ffd29f80000 - 0x00007ffd29f8d000 	C:\WINDOWS\SYSTEM32\DSPARSE.dll
0x00007ffca3c50000 - 0x00007ffca3c63000 	C:\WINDOWS\System32\winrnr.dll
0x00007ffca4450000 - 0x00007ffca4477000 	C:\WINDOWS\system32\nlansp_c.dll
0x00007ffd21b00000 - 0x00007ffd21b16000 	C:\WINDOWS\system32\wshbth.dll
0x00007ffd20f60000 - 0x00007ffd20f6b000 	C:\Windows\System32\rasadhlp.dll
0x00007ffd1e8d0000 - 0x00007ffd1e956000 	C:\WINDOWS\System32\fwpuclnt.dll
0x00007ffd19420000 - 0x00007ffd19427000 	C:\Users\Admin\.jdks\ms-21.0.12\bin\rmi.dll
0x00007ffd2b660000 - 0x00007ffd2b696000 	C:\WINDOWS\SYSTEM32\ntmarta.dll

JVMTI agents:
C:\Users\Admin\.gradle\wrapper\dists\gradle-8.7-bin\bhs2wmbdwecv87pi65oeuq5iu\gradle-8.7\lib\agents\gradle-instrumentation-agent-8.7.jar path:C:\Users\Admin\.jdks\ms-21.0.12\bin\instrument.dll, loaded, initialized, instrumentlib options:none

dbghelp: loaded successfully - version: 4.0.5 - missing functions: none
symbol engine: initialized successfully - sym options: 0x614 - pdb path: .;C:\Users\Admin\.jdks\ms-21.0.12\bin;C:\WINDOWS\SYSTEM32;C:\WINDOWS\WinSxS\amd64_microsoft.windows.common-controls_6595b64144ccf1df_6.0.26100.9278_none_3e0d1ba8e3303201;C:\Users\Admin\.jdks\ms-21.0.12\bin\server;C:\Users\Admin\.gradle\native\c067742578af261105cb4f569cf0c3c89f3d7b1fecec35dd04571415982c5e48\windows-amd64;C:\Users\Admin\.gradle\native\38dada09dfb8b06ba9b0570ebf7e218e3eb74d4ef43ca46872605cf95ebc2f47\windows-amd64

VM Arguments:
jvm_args: -XX:MaxMetaspaceSize=512m --add-opens=java.base/java.util=ALL-UNNAMED --add-opens=java.base/java.lang=ALL-UNNAMED --add-opens=java.base/java.lang.invoke=ALL-UNNAMED --add-opens=java.prefs/java.util.prefs=ALL-UNNAMED --add-opens=java.base/java.nio.charset=ALL-UNNAMED --add-opens=java.base/java.net=ALL-UNNAMED --add-opens=java.base/java.util.concurrent.atomic=ALL-UNNAMED -Xmx1024m -Dfile.encoding=UTF-8 -Duser.country=IN -Duser.language=en -Duser.variant -javaagent:C:\Users\Admin\.gradle\wrapper\dists\gradle-8.7-bin\bhs2wmbdwecv87pi65oeuq5iu\gradle-8.7\lib\agents\gradle-instrumentation-agent-8.7.jar 
java_command: org.gradle.launcher.daemon.bootstrap.GradleDaemon 8.7
java_class_path (initial): C:\Users\Admin\.gradle\wrapper\dists\gradle-8.7-bin\bhs2wmbdwecv87pi65oeuq5iu\gradle-8.7\lib\gradle-launcher-8.7.jar
Launcher Type: SUN_STANDARD

[Global flags]
     intx CICompilerCount                          = 4                                         {product} {ergonomic}
   size_t CompressedClassSpaceSize                 = 436207616                                 {product} {ergonomic}
     uint ConcGCThreads                            = 2                                         {product} {ergonomic}
     uint G1ConcRefinementThreads                  = 8                                         {product} {ergonomic}
   size_t G1HeapRegionSize                         = 1048576                                   {product} {ergonomic}
    uintx GCDrainStackTargetSize                   = 64                                        {product} {ergonomic}
   size_t InitialHeapSize                          = 400556032                                 {product} {ergonomic}
   size_t MarkStackSize                            = 4194304                                   {product} {ergonomic}
   size_t MaxHeapSize                              = 1073741824                                {product} {command line}
   size_t MaxMetaspaceSize                         = 536870912                                 {product} {command line}
   size_t MaxNewSize                               = 643825664                                 {product} {ergonomic}
   size_t MinHeapDeltaBytes                        = 1048576                                   {product} {ergonomic}
   size_t MinHeapSize                              = 8388608                                   {product} {ergonomic}
    uintx NonNMethodCodeHeapSize                   = 5839372                                {pd product} {ergonomic}
    uintx NonProfiledCodeHeapSize                  = 122909434                              {pd product} {ergonomic}
    uintx ProfiledCodeHeapSize                     = 122909434                              {pd product} {ergonomic}
    uintx ReservedCodeCacheSize                    = 251658240                              {pd product} {ergonomic}
     bool SegmentedCodeCache                       = true                                      {product} {ergonomic}
   size_t SoftMaxHeapSize                          = 1073741824                             {manageable} {ergonomic}
     bool UseCompressedOops                        = true                           {product lp64_product} {ergonomic}
     bool UseG1GC                                  = true                                      {product} {ergonomic}
     bool UseLargePagesIndividualAllocation        = false                                  {pd product} {ergonomic}

Logging:
Log output configuration:
 #0: stdout all=warning uptime,level,tags foldmultilines=false
 #1: stderr all=off uptime,level,tags foldmultilines=false

Release file:
IMPLEMENTOR="Microsoft" 
IMPLEMENTOR_VERSION="Microsoft-14653896" 
JAVA_RUNTIME_VERSION="21.0.12+8-LTS" 
JAVA_VERSION="21.0.12" 
JAVA_VERSION_DATE="2026-07-21" 
LIBC="default" 
MODULES="java.base java.compiler java.datatransfer java.xml java.prefs java.desktop java.instrument java.logging java.management java.security.sasl java.naming java.rmi java.management.rmi java.net.http java.scripting java.security.jgss java.transaction.xa java.sql java.sql.rowset java.xml.crypto java.se java.smartcardio jdk.accessibility jdk.internal.jvmstat jdk.attach jdk.charsets jdk.internal.opt jdk.zipfs jdk.compiler jdk.crypto.ec jdk.crypto.cryptoki jdk.crypto.mscapi jdk.dynalink jdk.internal.ed jdk.editpad jdk.hotspot.agent jdk.httpserver jdk.incubator.vector jdk.internal.le jdk.internal.vm.ci jdk.internal.vm.compiler jdk.internal.vm.compiler.management jdk.jartool jdk.javadoc jdk.jcmd jdk.management jdk.management.agent jdk.jconsole jdk.jdeps jdk.jdwp.agent jdk.jdi jdk.jfr jdk.jlink jdk.jpackage jdk.jshell jdk.jsobject jdk.jstatd jdk.localedata jdk.management.jfr jdk.naming.dns jdk.naming.rmi jdk.net jdk.nio.mapmode jdk.random jdk.sctp jdk.security.auth jdk.security.jgss jdk.unsupported jdk.unsupported.desktop jdk.xml.dom" 
OS_ARCH="x86_64" 
OS_NAME="Windows" 
SOURCE=".:git:ffd52e07a1a6" 

Environment Variables:
JAVA_HOME=C:\Program Files\Eclipse Adoptium\jdk-17.0.20.101-hotspot\
PATH=C:\Program Files\Eclipse Adoptium\jdk-17.0.20.101-hotspot\bin;C:\WINDOWS\system32;C:\WINDOWS;C:\WINDOWS\System32\Wbem;C:\WINDOWS\System32\WindowsPowerShell\v1.0\;C:\WINDOWS\System32\OpenSSH\;C:\Program Files\Intel\WiFi\bin\;C:\Program Files\Common Files\Intel\WirelessCommon\;C:\Program Files\Git\cmd;C:\WINDOWS\system32;C:\WINDOWS;C:\WINDOWS\System32\Wbem;C:\WINDOWS\System32\WindowsPowerShell\v1.0\;C:\WINDOWS\System32\OpenSSH\;C:\Program Files\Intel\WiFi\bin\;C:\Program Files\Common Files\Intel\WirelessCommon\;C:\Program Files\Git\cmd;C:\Users\Admin\AppData\Local\Microsoft\WindowsApps;C:\Users\Admin\AppData\Local\Microsoft\WinGet\Packages\Bazel.Bazelisk_Microsoft.Winget.Source_8wekyb3d8bbwe;;C:\Bazel;C:\Users\Admin\AppData\Local\Python\bin
USERNAME=Admin
OS=Windows_NT
PROCESSOR_IDENTIFIER=Intel64 Family 6 Model 142 Stepping 12, GenuineIntel
TMP=C:\Users\Admin\AppData\Local\Temp
TEMP=C:\Users\Admin\AppData\Local\Temp




Periodic native trim disabled

---------------  S Y S T E M  ---------------

OS:
 Windows 11 , 64 bit Build 26100 (10.0.26100.9444)
OS uptime: 3 days 2:52 hours

CPU: total 8 (initial active 8) (4 cores per cpu, 2 threads per core) family 6 model 142 stepping 12 microcode 0xde, cx8, cmov, fxsr, ht, mmx, 3dnowpref, sse, sse2, sse3, ssse3, sse4.1, sse4.2, popcnt, lzcnt, tsc, tscinvbit, avx, avx2, aes, erms, clmul, bmi1, bmi2, adx, fma, vzeroupper, clflush, clflushopt, rdtscp, f16c
Processor Information for the first 8 processors :
  Max Mhz: 1992, Current Mhz: 1792, Mhz Limit: 1792

Memory: 4k page, system-wide physical 24427M (4398M free)
TotalPageFile size 25963M (AvailPageFile size 6451M)
current process WorkingSet (physical memory assigned to process): 1331M, peak: 1335M
current process commit charge ("private bytes"): 1364M, peak: 1367M

vm_info: OpenJDK 64-Bit Server VM (21.0.12+8-LTS) for windows-amd64 JRE (21.0.12+8-LTS), built on 2026-07-14T17:50:36Z by "MicrosoftCorporation" with MS VC++ 17.14 (VS2022)

END.
