#
# A fatal error has been detected by the Java Runtime Environment:
#
#  EXCEPTION_ACCESS_VIOLATION (0xc0000005) at pc=0x00007ffefaedd5c4, pid=14996, tid=19148
#
# JRE version: OpenJDK Runtime Environment Microsoft-14653896 (21.0.12+8) (build 21.0.12+8-LTS)
# Java VM: OpenJDK 64-Bit Server VM Microsoft-14653896 (21.0.12+8-LTS, mixed mode, sharing, tiered, compressed oops, compressed class ptrs, g1 gc, windows-amd64)
# Problematic frame:
# V  [jvm.dll+0x23d5c4]
#
# No core dump will be written. Minidumps are not enabled by default on client versions of Windows
#
# If you would like to submit a bug report, please visit:
#   https://github.com/microsoft/openjdk/issues
#

---------------  S U M M A R Y ------------

Command Line: -XX:MaxMetaspaceSize=512m --add-opens=java.base/java.util=ALL-UNNAMED --add-opens=java.base/java.lang=ALL-UNNAMED --add-opens=java.base/java.lang.invoke=ALL-UNNAMED --add-opens=java.prefs/java.util.prefs=ALL-UNNAMED --add-opens=java.base/java.nio.charset=ALL-UNNAMED --add-opens=java.base/java.net=ALL-UNNAMED --add-opens=java.base/java.util.concurrent.atomic=ALL-UNNAMED -Xmx1024m -Dfile.encoding=UTF-8 -Duser.country=IN -Duser.language=en -Duser.variant -javaagent:C:\Users\Admin\.gradle\wrapper\dists\gradle-8.7-bin\bhs2wmbdwecv87pi65oeuq5iu\gradle-8.7\lib\agents\gradle-instrumentation-agent-8.7.jar org.gradle.launcher.daemon.bootstrap.GradleDaemon 8.7

Host: Intel(R) Core(TM) i7-8565U CPU @ 1.80GHz, 8 cores, 23G,  Windows 11 , 64 bit Build 26100 (10.0.26100.9444)
Time: Mon Oct  5 15:36:22 2026 India Standard Time elapsed time: 41.854227 seconds (0d 0h 0m 41s)

---------------  T H R E A D  ---------------

Current thread (0x000001cc38d7b840):  JavaThread "Daemon worker"        [_thread_in_vm, id=19148, stack(0x00000072e0900000,0x00000072e0a00000) (1024K)]

Stack: [0x00000072e0900000,0x00000072e0a00000],  sp=0x00000072e09f6130,  free space=984k
Native frames: (J=compiled Java code, j=interpreted, Vv=VM code, C=native code)
V  [jvm.dll+0x23d5c4]  (no source info available)
V  [jvm.dll+0x23cade]  (no source info available)
V  [jvm.dll+0x2970c2]  (no source info available)
V  [jvm.dll+0x297972]  (no source info available)
V  [jvm.dll+0x3d0837]  (no source info available)
V  [jvm.dll+0x837787]  (no source info available)
V  [jvm.dll+0x83938c]  (no source info available)
V  [jvm.dll+0x83af5f]  (no source info available)
V  [jvm.dll+0x483bc7]  (no source info available)
V  [jvm.dll+0x489c18]  (no source info available)
C  [java.dll+0x1818]  (no source info available)

Java frames: (J=compiled Java code, j=interpreted, Vv=VM code)
J 743  java.lang.ClassLoader.defineClass1(Ljava/lang/ClassLoader;Ljava/lang/String;[BIILjava/security/ProtectionDomain;Ljava/lang/String;)Ljava/lang/Class; java.base@21.0.12 (0 bytes) @ 0x000001cc1018c511 [0x000001cc1018c440+0x00000000000000d1]
J 10764 c2 java.net.URLClassLoader$1.run()Ljava/lang/Object; java.base@21.0.12 (5 bytes) @ 0x000001cc1071ac18 [0x000001cc10719620+0x00000000000015f8]
J 17925 c2 org.gradle.internal.classloader.VisitableURLClassLoader$InstrumentingVisitableURLClassLoader.findClass(Ljava/lang/String;)Ljava/lang/Class; (36 bytes) @ 0x000001cc10c753c0 [0x000001cc10c74f40+0x0000000000000480]
J 5132 c2 java.lang.ClassLoader.loadClass(Ljava/lang/String;Z)Ljava/lang/Class; java.base@21.0.12 (121 bytes) @ 0x000001cc1044895c [0x000001cc10446060+0x00000000000028fc]
J 3379 c2 java.lang.ClassLoader.loadClass(Ljava/lang/String;)Ljava/lang/Class; java.base@21.0.12 (7 bytes) @ 0x000001cc1033566c [0x000001cc10335620+0x000000000000004c]
v  ~StubRoutines::call_stub 0x000001cc0fba100d
j  com.android.build.gradle.internal.attribution.BuildAnalyzerService$Companion.saveAttributionData(Ljava/io/File;Lkotlin/jvm/functions/Function0;)V+17
j  com.android.build.gradle.internal.attribution.BuildAnalyzerService$Companion.access$saveAttributionData(Lcom/android/build/gradle/internal/attribution/BuildAnalyzerService$Companion;Ljava/io/File;Lkotlin/jvm/functions/Function0;)V+3
j  com.android.build.gradle.internal.attribution.BuildAnalyzerService.close()V+328
j  org.gradle.api.services.internal.RegisteredBuildServiceProvider.lambda$maybeStop$1(Lorg/gradle/api/services/BuildService;)V+11
j  org.gradle.api.services.internal.RegisteredBuildServiceProvider$$Lambda+0x000001cc1a30edf8.accept(Ljava/lang/Object;)V+8
j  org.gradle.internal.Try$Success.ifSuccessful(Ljava/util/function/Consumer;)V+5
j  org.gradle.api.services.internal.RegisteredBuildServiceProvider.maybeStop()V+21
j  org.gradle.api.services.internal.DefaultBuildServicesRegistry.lambda$discardAll$8(ZLjava/util/List;Lorg/gradle/api/services/BuildServiceRegistration;)V+23
j  org.gradle.api.services.internal.DefaultBuildServicesRegistry$$Lambda+0x000001cc1a30ebc0.accept(Ljava/lang/Object;)V+12
j  org.gradle.internal.build.ExecutionResult.forEach(Ljava/lang/Iterable;Ljava/util/function/Consumer;)Lorg/gradle/internal/build/ExecutionResult;+29
j  org.gradle.api.services.internal.DefaultBuildServicesRegistry.lambda$discardAll$9(ZLorg/gradle/api/NamedDomainObjectSet;)Ljava/lang/Object;+16
j  org.gradle.api.services.internal.DefaultBuildServicesRegistry$$Lambda+0x000001cc1a30e978.apply(Ljava/lang/Object;)Ljava/lang/Object;+12
j  org.gradle.api.services.internal.DefaultBuildServicesRegistry.withRegistrations(Ljava/util/function/Function;)Ljava/lang/Object;+14
j  org.gradle.api.services.internal.DefaultBuildServicesRegistry.discardAll(Z)V+8
j  org.gradle.api.services.internal.DefaultBuildServicesRegistry.access$100(Lorg/gradle/api/services/internal/DefaultBuildServicesRegistry;Z)V+2
j  org.gradle.api.services.internal.DefaultBuildServicesRegistry$ServiceCleanupListener.buildFinished(Lorg/gradle/BuildResult;)V+5
J 5137 c1 java.lang.invoke.LambdaForm$DMH+0x000001cc190a0000.invokeInterface(Ljava/lang/Object;Ljava/lang/Object;Ljava/lang/Object;)V java.base@21.0.12 (28 bytes) @ 0x000001cc08f23174 [0x000001cc08f22b00+0x0000000000000674]
J 15100 c1 java.lang.invoke.LambdaForm$MH+0x000001cc190d1400.invoke(Ljava/lang/Object;Ljava/lang/Object;Ljava/lang/Object;)Ljava/lang/Object; java.base@21.0.12 (57 bytes) @ 0x000001cc09e2f004 [0x000001cc09e2e820+0x00000000000007e4]
J 17401 c2 jdk.internal.reflect.DirectMethodHandleAccessor.invoke(Ljava/lang/Object;[Ljava/lang/Object;)Ljava/lang/Object; java.base@21.0.12 (92 bytes) @ 0x000001cc10bc95f4 [0x000001cc10bc94c0+0x0000000000000134]
J 2435 c1 org.gradle.internal.dispatch.ReflectionDispatch.dispatch(Lorg/gradle/internal/dispatch/MethodInvocation;)V (42 bytes) @ 0x000001cc08b1da24 [0x000001cc08b1d160+0x00000000000008c4]
J 2434 c1 org.gradle.internal.dispatch.ReflectionDispatch.dispatch(Ljava/lang/Object;)V (9 bytes) @ 0x000001cc08b1ccbc [0x000001cc08b1cb40+0x000000000000017c]
j  org.gradle.internal.event.DefaultListenerManager$ListenerDetails.dispatch(Lorg/gradle/internal/dispatch/MethodInvocation;)V+15
j  org.gradle.internal.event.DefaultListenerManager$ListenerDetails.dispatch(Ljava/lang/Object;)V+5
J 11752 c1 org.gradle.internal.event.AbstractBroadcastDispatch.dispatch(Lorg/gradle/internal/dispatch/MethodInvocation;Ljava/util/Iterator;)V (191 bytes) @ 0x000001cc09a18cfc [0x000001cc09a18920+0x00000000000003dc]
J 9177 c2 org.gradle.internal.event.AbstractBroadcastDispatch.dispatch(Lorg/gradle/internal/dispatch/MethodInvocation;Lorg/gradle/internal/dispatch/Dispatch;)V (74 bytes) @ 0x000001cc1064d03c [0x000001cc1064cbe0+0x000000000000045c]
J 2671 c1 org.gradle.internal.event.BroadcastDispatch$SingletonDispatch.dispatch(Ljava/lang/Object;)V (9 bytes) @ 0x000001cc08b8897c [0x000001cc08b88740+0x000000000000023c]
J 11752 c1 org.gradle.internal.event.AbstractBroadcastDispatch.dispatch(Lorg/gradle/internal/dispatch/MethodInvocation;Ljava/util/Iterator;)V (191 bytes) @ 0x000001cc09a18cfc [0x000001cc09a18920+0x00000000000003dc]
J 4765 c1 org.gradle.internal.event.AbstractBroadcastDispatch.dispatch(Lorg/gradle/internal/dispatch/MethodInvocation;Ljava/util/List;)V (65 bytes) @ 0x000001cc08e73bfc [0x000001cc08e739a0+0x000000000000025c]
J 13241 c1 org.gradle.internal.event.BroadcastDispatch$CompositeDispatch.dispatch(Ljava/lang/Object;)V (9 bytes) @ 0x000001cc09c6e5fc [0x000001cc09c6e3c0+0x000000000000023c]
J 7560 c1 org.gradle.internal.event.ListenerBroadcast.dispatch(Ljava/lang/Object;)V (9 bytes) @ 0x000001cc09361294 [0x000001cc09360fe0+0x00000000000002b4]
J 7885 c1 org.gradle.internal.dispatch.ProxyDispatchAdapter$DispatchingInvocationHandler.invoke(Ljava/lang/Object;Ljava/lang/reflect/Method;[Ljava/lang/Object;)Ljava/lang/Object; (184 bytes) @ 0x000001cc0941b26c [0x000001cc09419bc0+0x00000000000016ac]
j  jdk.proxy1.$Proxy38.buildFinished(Lorg/gradle/BuildResult;)V+16 jdk.proxy1
j  org.gradle.internal.build.DefaultBuildLifecycleController.lambda$finishBuild$11(Lorg/gradle/BuildResult;)V+5
j  org.gradle.internal.build.DefaultBuildLifecycleController$$Lambda+0x000001cc1a30d3a0.run()V+8
j  org.gradle.internal.build.ExecutionResult.maybeFailing(Ljava/lang/Runnable;)Lorg/gradle/internal/build/ExecutionResult;+1
j  org.gradle.internal.build.DefaultBuildLifecycleController.lambda$finishBuild$12(Ljava/lang/Throwable;Lorg/gradle/internal/build/ExecutionResult;)Lorg/gradle/internal/build/ExecutionResult;+68
j  org.gradle.internal.build.DefaultBuildLifecycleController$$Lambda+0x000001cc1a30cf30.apply(Ljava/lang/Object;)Ljava/lang/Object;+12
j  org.gradle.internal.model.StateTransitionController.doTransitionWithFailures(Lorg/gradle/internal/model/StateTransitionController$State;Ljava/util/function/Function;Lorg/gradle/internal/model/StateTransitionController$CurrentState;)Lorg/gradle/internal/build/ExecutionResult;+18
j  org.gradle.internal.model.StateTransitionController.lambda$transition$13(Ljava/util/List;Lorg/gradle/internal/model/StateTransitionController$State;Ljava/util/function/Function;)Lorg/gradle/internal/build/ExecutionResult;+19
j  org.gradle.internal.model.StateTransitionController$$Lambda+0x000001cc1a30d178.create()Ljava/lang/Object;+16
j  org.gradle.internal.work.DefaultSynchronizer.withLock(Lorg/gradle/internal/Factory;)Ljava/lang/Object;+6
j  org.gradle.internal.model.StateTransitionController.transition(Ljava/util/List;Lorg/gradle/internal/model/StateTransitionController$State;Ljava/util/function/Function;)Lorg/gradle/internal/build/ExecutionResult;+13
j  org.gradle.internal.build.DefaultBuildLifecycleController.finishBuild(Ljava/lang/Throwable;)Lorg/gradle/internal/build/ExecutionResult;+17
j  org.gradle.internal.buildtree.DefaultBuildTreeFinishExecutor.finishBuildTree(Ljava/util/List;)Ljava/lang/RuntimeException;+40
j  org.gradle.composite.internal.OperationFiringBuildTreeFinishExecutor$1.call(Lorg/gradle/internal/operations/BuildOperationContext;)Ljava/lang/RuntimeException;+11
j  org.gradle.composite.internal.OperationFiringBuildTreeFinishExecutor$1.call(Lorg/gradle/internal/operations/BuildOperationContext;)Ljava/lang/Object;+2
J 9709 c1 org.gradle.internal.operations.DefaultBuildOperationRunner$CallableBuildOperationWorker.execute(Lorg/gradle/internal/operations/BuildOperation;Lorg/gradle/internal/operations/BuildOperationContext;)V (10 bytes) @ 0x000001cc086d6fcc [0x000001cc086d6d60+0x000000000000026c]
J 15861 c2 org.gradle.internal.operations.DefaultBuildOperationRunner$2.execute(Lorg/gradle/internal/operations/BuildOperationDescriptor;Lorg/gradle/internal/operations/BuildOperationState;Lorg/gradle/internal/operations/BuildOperationState;Lorg/gradle/internal/operations/DefaultBuildOperationRunner$ReadableBuildOperationContext;Lorg/gradle/internal/operations/DefaultBuildOperationRunner$BuildOperationExecutionListener;)Ljava/lang/Object; (12 bytes) @ 0x000001cc10ada138 [0x000001cc10ad8d60+0x00000000000013d8]
J 16330 c2 org.gradle.internal.operations.DefaultBuildOperationRunner.execute(Lorg/gradle/internal/operations/BuildOperation;Lorg/gradle/internal/operations/BuildOperationWorker;Lorg/gradle/internal/operations/BuildOperationState;)V (23 bytes) @ 0x000001cc10b05b40 [0x000001cc10b052e0+0x0000000000000860]
J 9708 c1 org.gradle.internal.operations.DefaultBuildOperationRunner.call(Lorg/gradle/internal/operations/CallableBuildOperation;)Ljava/lang/Object; (24 bytes) @ 0x000001cc08677e74 [0x000001cc086779a0+0x00000000000004d4]
J 9707 c1 org.gradle.internal.operations.DefaultBuildOperationExecutor.call(Lorg/gradle/internal/operations/CallableBuildOperation;)Ljava/lang/Object; (11 bytes) @ 0x000001cc086959cc [0x000001cc086958c0+0x000000000000010c]
j  org.gradle.composite.internal.OperationFiringBuildTreeFinishExecutor.finishBuildTree(Ljava/util/List;)Ljava/lang/RuntimeException;+13
j  org.gradle.internal.buildtree.DefaultBuildTreeLifecycleController.lambda$runBuild$4(Ljava/util/function/Supplier;)Ljava/lang/Object;+27
j  org.gradle.internal.buildtree.DefaultBuildTreeLifecycleController$$Lambda+0x000001cc19399ca8.get()Ljava/lang/Object;+8
j  org.gradle.internal.model.StateTransitionController.lambda$transition$6(Ljava/util/function/Supplier;)Lorg/gradle/internal/build/ExecutionResult;+1
j  org.gradle.internal.model.StateTransitionController$$Lambda+0x000001cc1939a0f8.get()Ljava/lang/Object;+4
j  org.gradle.internal.model.StateTransitionController.doTransition(Lorg/gradle/internal/model/StateTransitionController$State;Lorg/gradle/internal/model/StateTransitionController$State;Ljava/util/function/Supplier;)Lorg/gradle/internal/build/ExecutionResult;+24
j  org.gradle.internal.model.StateTransitionController.lambda$transition$7(Lorg/gradle/internal/model/StateTransitionController$State;Lorg/gradle/internal/model/StateTransitionController$State;Ljava/util/function/Supplier;)Ljava/lang/Object;+9
j  org.gradle.internal.model.StateTransitionController$$Lambda+0x000001cc19399ed0.create()Ljava/lang/Object;+16
j  org.gradle.internal.work.DefaultSynchronizer.withLock(Lorg/gradle/internal/Factory;)Ljava/lang/Object;+6
j  org.gradle.internal.model.StateTransitionController.transition(Lorg/gradle/internal/model/StateTransitionController$State;Lorg/gradle/internal/model/StateTransitionController$State;Ljava/util/function/Supplier;)Ljava/lang/Object;+13
j  org.gradle.internal.buildtree.DefaultBuildTreeLifecycleController.runBuild(Ljava/util/function/Supplier;)Ljava/lang/Object;+17
j  org.gradle.internal.buildtree.DefaultBuildTreeLifecycleController.scheduleAndRunTasks(Lorg/gradle/execution/EntryTaskSelector;)V+8
j  org.gradle.internal.buildtree.DefaultBuildTreeLifecycleController.scheduleAndRunTasks()V+2
j  org.gradle.tooling.internal.provider.runner.BuildModelActionRunner.run(Lorg/gradle/internal/invocation/BuildAction;Lorg/gradle/internal/buildtree/BuildTreeLifecycleController;)Lorg/gradle/internal/buildtree/BuildActionRunner$Result;+65
j  org.gradle.launcher.exec.ChainingBuildActionRunner.run(Lorg/gradle/internal/invocation/BuildAction;Lorg/gradle/internal/buildtree/BuildTreeLifecycleController;)Lorg/gradle/internal/buildtree/BuildActionRunner$Result;+34
j  org.gradle.internal.buildtree.ProblemReportingBuildActionRunner.run(Lorg/gradle/internal/invocation/BuildAction;Lorg/gradle/internal/buildtree/BuildTreeLifecycleController;)Lorg/gradle/internal/buildtree/BuildActionRunner$Result;+12
j  org.gradle.launcher.exec.BuildOutcomeReportingBuildActionRunner.run(Lorg/gradle/internal/invocation/BuildAction;Lorg/gradle/internal/buildtree/BuildTreeLifecycleController;)Lorg/gradle/internal/buildtree/BuildActionRunner$Result;+69
j  org.gradle.tooling.internal.provider.FileSystemWatchingBuildActionRunner.run(Lorg/gradle/internal/invocation/BuildAction;Lorg/gradle/internal/buildtree/BuildTreeLifecycleController;)Lorg/gradle/internal/buildtree/BuildActionRunner$Result;+335
j  org.gradle.launcher.exec.BuildCompletionNotifyingBuildActionRunner.run(Lorg/gradle/internal/invocation/BuildAction;Lorg/gradle/internal/buildtree/BuildTreeLifecycleController;)Lorg/gradle/internal/buildtree/BuildActionRunner$Result;+6
j  org.gradle.launcher.exec.RootBuildLifecycleBuildActionExecutor.lambda$execute$0(Lorg/gradle/internal/invocation/BuildAction;Lorg/gradle/internal/buildtree/BuildTreeLifecycleController;)Lorg/gradle/internal/buildtree/BuildActionRunner$Result;+6
j  org.gradle.launcher.exec.RootBuildLifecycleBuildActionExecutor$$Lambda+0x000001cc19386628.apply(Ljava/lang/Object;)Ljava/lang/Object;+12
j  org.gradle.composite.internal.DefaultRootBuildState.run(Ljava/util/function/Function;)Ljava/lang/Object;+87
j  org.gradle.launcher.exec.RootBuildLifecycleBuildActionExecutor.execute(Lorg/gradle/internal/invocation/BuildAction;Lorg/gradle/internal/buildtree/BuildTreeContext;)Lorg/gradle/internal/buildtree/BuildActionRunner$Result;+28
j  org.gradle.internal.buildtree.InitDeprecationLoggingActionExecutor.execute(Lorg/gradle/internal/invocation/BuildAction;Lorg/gradle/internal/buildtree/BuildTreeContext;)Lorg/gradle/internal/buildtree/BuildActionRunner$Result;+83
j  org.gradle.internal.buildtree.InitProblems.execute(Lorg/gradle/internal/invocation/BuildAction;Lorg/gradle/internal/buildtree/BuildTreeContext;)Lorg/gradle/internal/buildtree/BuildActionRunner$Result;+13
j  org.gradle.internal.buildtree.DefaultBuildTreeContext.execute(Lorg/gradle/internal/invocation/BuildAction;)Lorg/gradle/internal/buildtree/BuildActionRunner$Result;+64
j  org.gradle.launcher.exec.BuildTreeLifecycleBuildActionExecutor.lambda$execute$0(Lorg/gradle/internal/invocation/BuildAction;Lorg/gradle/internal/buildtree/BuildTreeContext;)Lorg/gradle/internal/buildtree/BuildActionRunner$Result;+2
j  org.gradle.launcher.exec.BuildTreeLifecycleBuildActionExecutor$$Lambda+0x000001cc192a70b8.apply(Ljava/lang/Object;)Ljava/lang/Object;+8
j  org.gradle.internal.buildtree.BuildTreeState.run(Ljava/util/function/Function;)Ljava/lang/Object;+45
j  org.gradle.launcher.exec.BuildTreeLifecycleBuildActionExecutor.execute(Lorg/gradle/internal/invocation/BuildAction;Lorg/gradle/internal/session/BuildSessionContext;)Lorg/gradle/internal/buildtree/BuildActionRunner$Result;+74
j  org.gradle.launcher.exec.RunAsBuildOperationBuildActionExecutor$3.call(Lorg/gradle/internal/operations/BuildOperationContext;)Lorg/gradle/internal/buildtree/BuildActionRunner$Result;+25
j  org.gradle.launcher.exec.RunAsBuildOperationBuildActionExecutor$3.call(Lorg/gradle/internal/operations/BuildOperationContext;)Ljava/lang/Object;+2
j  org.gradle.internal.operations.DefaultBuildOperationRunner$CallableBuildOperationWorker.execute(Lorg/gradle/internal/operations/CallableBuildOperation;Lorg/gradle/internal/operations/BuildOperationContext;)V+3
j  org.gradle.internal.operations.DefaultBuildOperationRunner$CallableBuildOperationWorker.execute(Lorg/gradle/internal/operations/BuildOperation;Lorg/gradle/internal/operations/BuildOperationContext;)V+6
j  org.gradle.internal.operations.DefaultBuildOperationRunner$2.execute(Lorg/gradle/internal/operations/BuildOperationDescriptor;Lorg/gradle/internal/operations/BuildOperationState;Lorg/gradle/internal/operations/BuildOperationState;Lorg/gradle/internal/operations/DefaultBuildOperationRunner$ReadableBuildOperationContext;Lorg/gradle/internal/operations/DefaultBuildOperationRunner$BuildOperationExecutionListener;)Lorg/gradle/internal/operations/BuildOperation;+22
j  org.gradle.internal.operations.DefaultBuildOperationRunner$2.execute(Lorg/gradle/internal/operations/BuildOperationDescriptor;Lorg/gradle/internal/operations/BuildOperationState;Lorg/gradle/internal/operations/BuildOperationState;Lorg/gradle/internal/operations/DefaultBuildOperationRunner$ReadableBuildOperationContext;Lorg/gradle/internal/operations/DefaultBuildOperationRunner$BuildOperationExecutionListener;)Ljava/lang/Object;+8
j  org.gradle.internal.operations.DefaultBuildOperationRunner.execute(Lorg/gradle/internal/operations/BuildOperationDescriptor$Builder;Lorg/gradle/internal/operations/BuildOperationState;Lorg/gradle/internal/operations/DefaultBuildOperationRunner$BuildOperationExecution;)Ljava/lang/Object;+141
j  org.gradle.internal.operations.DefaultBuildOperationRunner.execute(Lorg/gradle/internal/operations/BuildOperation;Lorg/gradle/internal/operations/BuildOperationWorker;Lorg/gradle/internal/operations/BuildOperationState;)V+18
j  org.gradle.internal.operations.DefaultBuildOperationRunner.call(Lorg/gradle/internal/operations/CallableBuildOperation;)Ljava/lang/Object;+16
j  org.gradle.internal.operations.DefaultBuildOperationExecutor.call(Lorg/gradle/internal/operations/CallableBuildOperation;)Ljava/lang/Object;+5
j  org.gradle.launcher.exec.RunAsBuildOperationBuildActionExecutor.execute(Lorg/gradle/internal/invocation/BuildAction;Lorg/gradle/internal/session/BuildSessionContext;)Lorg/gradle/internal/buildtree/BuildActionRunner$Result;+23
j  org.gradle.launcher.exec.RunAsWorkerThreadBuildActionExecutor.lambda$execute$0(Lorg/gradle/internal/invocation/BuildAction;Lorg/gradle/internal/session/BuildSessionContext;)Lorg/gradle/internal/buildtree/BuildActionRunner$Result;+6
j  org.gradle.launcher.exec.RunAsWorkerThreadBuildActionExecutor$$Lambda+0x000001cc1927c000.create()Ljava/lang/Object;+12
j  org.gradle.internal.work.DefaultWorkerLeaseService.withLocks(Ljava/util/Collection;Lorg/gradle/internal/Factory;)Ljava/lang/Object;+28
j  org.gradle.internal.work.DefaultWorkerLeaseService.runAsWorkerThread(Lorg/gradle/internal/Factory;)Ljava/lang/Object;+33
j  org.gradle.launcher.exec.RunAsWorkerThreadBuildActionExecutor.execute(Lorg/gradle/internal/invocation/BuildAction;Lorg/gradle/internal/session/BuildSessionContext;)Lorg/gradle/internal/buildtree/BuildActionRunner$Result;+12
j  org.gradle.tooling.internal.provider.continuous.ContinuousBuildActionExecutor.execute(Lorg/gradle/internal/invocation/BuildAction;Lorg/gradle/internal/session/BuildSessionContext;)Lorg/gradle/internal/buildtree/BuildActionRunner$Result;+58
j  org.gradle.tooling.internal.provider.SubscribableBuildActionExecutor.execute(Lorg/gradle/internal/invocation/BuildAction;Lorg/gradle/internal/session/BuildSessionContext;)Lorg/gradle/internal/buildtree/BuildActionRunner$Result;+30
j  org.gradle.internal.session.DefaultBuildSessionContext.execute(Lorg/gradle/internal/invocation/BuildAction;)Lorg/gradle/internal/buildtree/BuildActionRunner$Result;+64
j  org.gradle.tooling.internal.provider.BuildSessionLifecycleBuildActionExecuter$ActionImpl.apply(Lorg/gradle/internal/session/BuildSessionContext;)Lorg/gradle/launcher/exec/BuildActionResult;+6
j  org.gradle.tooling.internal.provider.BuildSessionLifecycleBuildActionExecuter$ActionImpl.apply(Ljava/lang/Object;)Ljava/lang/Object;+5
j  org.gradle.internal.session.BuildSessionState.run(Ljava/util/function/Function;)Ljava/lang/Object;+5
j  org.gradle.tooling.internal.provider.BuildSessionLifecycleBuildActionExecuter.execute(Lorg/gradle/internal/invocation/BuildAction;Lorg/gradle/launcher/exec/BuildActionParameters;Lorg/gradle/initialization/BuildRequestContext;)Lorg/gradle/launcher/exec/BuildActionResult;+95
j  org.gradle.tooling.internal.provider.BuildSessionLifecycleBuildActionExecuter.execute(Lorg/gradle/internal/invocation/BuildAction;Ljava/lang/Object;Ljava/lang/Object;)Lorg/gradle/launcher/exec/BuildActionResult;+10
j  org.gradle.tooling.internal.provider.StartParamsValidatingActionExecuter.execute(Lorg/gradle/internal/invocation/BuildAction;Lorg/gradle/launcher/exec/BuildActionParameters;Lorg/gradle/initialization/BuildRequestContext;)Lorg/gradle/launcher/exec/BuildActionResult;+203
j  org.gradle.tooling.internal.provider.StartParamsValidatingActionExecuter.execute(Lorg/gradle/internal/invocation/BuildAction;Ljava/lang/Object;Ljava/lang/Object;)Lorg/gradle/launcher/exec/BuildActionResult;+10
j  org.gradle.tooling.internal.provider.SessionFailureReportingActionExecuter.execute(Lorg/gradle/internal/invocation/BuildAction;Lorg/gradle/launcher/exec/BuildActionParameters;Lorg/gradle/initialization/BuildRequestContext;)Lorg/gradle/launcher/exec/BuildActionResult;+7
j  org.gradle.tooling.internal.provider.SessionFailureReportingActionExecuter.execute(Lorg/gradle/internal/invocation/BuildAction;Ljava/lang/Object;Ljava/lang/Object;)Lorg/gradle/launcher/exec/BuildActionResult;+10
j  org.gradle.tooling.internal.provider.SetupLoggingActionExecuter.execute(Lorg/gradle/internal/invocation/BuildAction;Lorg/gradle/launcher/exec/BuildActionParameters;Lorg/gradle/initialization/BuildRequestContext;)Lorg/gradle/launcher/exec/BuildActionResult;+50
j  org.gradle.tooling.internal.provider.SetupLoggingActionExecuter.execute(Lorg/gradle/internal/invocation/BuildAction;Ljava/lang/Object;Ljava/lang/Object;)Lorg/gradle/launcher/exec/BuildActionResult;+10
j  org.gradle.launcher.daemon.server.exec.ExecuteBuild.doBuild(Lorg/gradle/launcher/daemon/server/api/DaemonCommandExecution;Lorg/gradle/launcher/daemon/protocol/Build;)V+117
j  org.gradle.launcher.daemon.server.exec.BuildCommandOnly.execute(Lorg/gradle/launcher/daemon/server/api/DaemonCommandExecution;)V+49
j  org.gradle.launcher.daemon.server.api.DaemonCommandExecution.proceed()Z+23
j  org.gradle.launcher.daemon.server.exec.WatchForDisconnection.execute(Lorg/gradle/launcher/daemon/server/api/DaemonCommandExecution;)V+19
j  org.gradle.launcher.daemon.server.api.DaemonCommandExecution.proceed()Z+23
j  org.gradle.launcher.daemon.server.exec.ResetDeprecationLogger.execute(Lorg/gradle/launcher/daemon/server/api/DaemonCommandExecution;)V+7
j  org.gradle.launcher.daemon.server.api.DaemonCommandExecution.proceed()Z+23
j  org.gradle.launcher.daemon.server.exec.RequestStopIfSingleUsedDaemon.execute(Lorg/gradle/launcher/daemon/server/api/DaemonCommandExecution;)V+33
j  org.gradle.launcher.daemon.server.api.DaemonCommandExecution.proceed()Z+23
j  org.gradle.launcher.daemon.server.exec.ForwardClientInput$2.create()Ljava/lang/Void;+4
j  org.gradle.launcher.daemon.server.exec.ForwardClientInput$2.create()Ljava/lang/Object;+1
j  org.gradle.util.internal.Swapper.swap(Ljava/lang/Object;Lorg/gradle/internal/Factory;)Ljava/lang/Object;+21
j  org.gradle.launcher.daemon.server.exec.ForwardClientInput.execute(Lorg/gradle/launcher/daemon/server/api/DaemonCommandExecution;)V+63
j  org.gradle.launcher.daemon.server.api.DaemonCommandExecution.proceed()Z+23
j  org.gradle.launcher.daemon.server.exec.LogAndCheckHealth.execute(Lorg/gradle/launcher/daemon/server/api/DaemonCommandExecution;)V+51
j  org.gradle.launcher.daemon.server.api.DaemonCommandExecution.proceed()Z+23
j  org.gradle.launcher.daemon.server.exec.LogToClient.doBuild(Lorg/gradle/launcher/daemon/server/api/DaemonCommandExecution;Lorg/gradle/launcher/daemon/protocol/Build;)V+87
j  org.gradle.launcher.daemon.server.exec.BuildCommandOnly.execute(Lorg/gradle/launcher/daemon/server/api/DaemonCommandExecution;)V+49
j  org.gradle.launcher.daemon.server.api.DaemonCommandExecution.proceed()Z+23
j  org.gradle.launcher.daemon.server.exec.EstablishBuildEnvironment.doBuild(Lorg/gradle/launcher/daemon/server/api/DaemonCommandExecution;Lorg/gradle/launcher/daemon/protocol/Build;)V+356
j  org.gradle.launcher.daemon.server.exec.BuildCommandOnly.execute(Lorg/gradle/launcher/daemon/server/api/DaemonCommandExecution;)V+49
j  org.gradle.launcher.daemon.server.api.DaemonCommandExecution.proceed()Z+23
j  org.gradle.launcher.daemon.server.exec.StartBuildOrRespondWithBusy$1.run()V+44
j  org.gradle.launcher.daemon.server.DaemonStateCoordinator$1.run()V+4
j  org.gradle.internal.concurrent.ExecutorPolicy$CatchAndRecordFailures.onExecute(Ljava/lang/Runnable;)V+1
j  org.gradle.internal.concurrent.AbstractManagedExecutor$1.run()V+25
j  java.util.concurrent.ThreadPoolExecutor.runWorker(Ljava/util/concurrent/ThreadPoolExecutor$Worker;)V+92 java.base@21.0.12
j  java.util.concurrent.ThreadPoolExecutor$Worker.run()V+5 java.base@21.0.12
j  java.lang.Thread.runWith(Ljava/lang/Object;Ljava/lang/Runnable;)V+5 java.base@21.0.12
j  java.lang.Thread.run()V+19 java.base@21.0.12
v  ~StubRoutines::call_stub 0x000001cc0fba100d

siginfo: EXCEPTION_ACCESS_VIOLATION (0xc0000005), reading address 0x00007f01fb738058


Registers:
RAX=0x00007f01fb737e60, RBX=0x00000072e09f6190, RCX=0x000001cc0a6aa910, RDX=0x000001cc0a6aa910
RSP=0x00000072e09f6130, RBP=0x000001cc37473d28, RSI=0x000001cc3746d7a0, RDI=0x000001cc7a1f0030
R8 =0x000001cc0a6aa910, R9 =0x000001cc0a6aa910, R10=0x000001cc7a1f0030, R11=0x000001cc08670000
R12=0x0000000000000070, R13=0x0000000000000020, R14=0x00000000000083b0, R15=0x000001cc38d8f590
RIP=0x00007ffefaedd5c4, EFLAGS=0x0000000000010202

XMM[0]=0x000001cc00000002 0x000001cc77e456b0
XMM[1]=0x6f6974634124656c 0x694664657a696e6f
XMM[2]=0x656c626169726156 0x6c61636f4c120001
XMM[3]=0x6c6946656372756f 0x530a000173657373
XMM[4]=0x01000a0009000100 0x0100000000000400
XMM[5]=0x78456e6f69746341 0x24656c694664657a
XMM[6]=0x2c9be6c9cbbaa6c0 0x5d1a7c0f24b70db8
XMM[7]=0x41c308fb9d740c5a 0x3d00578aa4dad775
XMM[8]=0xf5f5c538dd734601 0xbfe230411d85547e
XMM[9]=0xe8c92576e8c92576 0xe8c9257601ef3a14
XMM[10]=0x0000000000000000 0x000000001926149e
XMM[11]=0x3b249ba43b249ba4 0x3b249ba43d13d5b8
XMM[12]=0x0000000000000000 0x0000000001ef3a14
XMM[13]=0x0000000000000000 0x0000000090a9e928
XMM[14]=0x0000000000000000 0x469042a1c1f17c66
XMM[15]=0x0000000000000000 0x000000007b6139c5
  MXCSR=0x00001fa5


Register to memory mapping:

RAX=0x00007f01fb737e60 is an unknown value
RBX=0x00000072e09f6190 is pointing into the stack for thread: 0x000001cc38d7b840
RCX=0x000001cc0a6aa910 points into unknown readable memory: 0x00007f01fb737e60 | 60 7e 73 fb 01 7f 00 00
RDX=0x000001cc0a6aa910 points into unknown readable memory: 0x00007f01fb737e60 | 60 7e 73 fb 01 7f 00 00
RSP=0x00000072e09f6130 is pointing into the stack for thread: 0x000001cc38d7b840
RBP=0x000001cc37473d28 points into unknown readable memory: 0x0848ab03c69940fa | fa 40 99 c6 03 ab 48 08
RSI=0x000001cc3746d7a0 points into unknown readable memory: 0x000001cc3746d7c0 | c0 d7 46 37 cc 01 00 00
RDI=0x000001cc7a1f0030 points into unknown readable memory: 0x000001cc08670000 | 00 00 67 08 cc 01 00 00
R8 =0x000001cc0a6aa910 points into unknown readable memory: 0x00007f01fb737e60 | 60 7e 73 fb 01 7f 00 00
R9 =0x000001cc0a6aa910 points into unknown readable memory: 0x00007f01fb737e60 | 60 7e 73 fb 01 7f 00 00
R10=0x000001cc7a1f0030 points into unknown readable memory: 0x000001cc08670000 | 00 00 67 08 cc 01 00 00
R11=0x000001cc08670000 points into unknown readable memory: 0x000000000000000f | 0f 00 00 00 00 00 00 00
R12=0x0000000000000070 is an unknown value
R13=0x0000000000000020 is an unknown value
R14=0x00000000000083b0 is an unknown value
R15=0x000001cc38d8f590 points into unknown readable memory: 0x000001cc38cfc510 | 10 c5 cf 38 cc 01 00 00

Top of Stack: (sp=0x00000072e09f6130)
0x00000072e09f6130:   000001cc38d7b840 00000000000083b0   @..8............
0x00000072e09f6140:   0000000000000001 000001cc3746d7a0   ..........F7....
0x00000072e09f6150:   0000000000000001 00007ffefaedcade   ................
0x00000072e09f6160:   00007ffefb96c7b0 000001cc10933290   .........2......
0x00000072e09f6170:   000001cc37473d28 00007ffefb96c7b0   (=G7............
0x00000072e09f6180:   000001cc77e456b0 000001cc00000002   .V.w............
0x00000072e09f6190:   000001cc0a6aa910 000001cc77e456b0   ..j......V.w....
0x00000072e09f61a0:   000001cc00000001 000001cc77e456b0   .........V.w....
0x00000072e09f61b0:   000001cc00000002 00007ffefaf3d601   ................
0x00000072e09f61c0:   000001cc3746bd40 00007ffefaf370c2   @.F7.....p......
0x00000072e09f61d0:   000001cc38bbcfb0 00007ffefb350593   ...8......5.....
0x00000072e09f61e0:   000001cc38d8f590 00000072e09f6290   ...8.....b..r...
0x00000072e09f61f0:   ffffffffffffff00 0000000000000072   ........r.......
0x00000072e09f6200:   00000072e09f6290 00007ffefaf37972   .b..r...ry......
0x00000072e09f6210:   00007ffefb96c830 0000000000000000   0...............
0x00000072e09f6220:   0000000000000072 ffffffffffffff00   r...............
0x00000072e09f6230:   000001cc38d7b848 000001cc3d69e140   H..8....@.i=....
0x00000072e09f6240:   000001cc4604e3d8 ffffffffffffffff   ...F............
0x00000072e09f6250:   000001cc3d69e140 00007ffefb070837   @.i=....7.......
0x00000072e09f6260:   00007ffefb96c930 00000072e09f6349   0.......Ic..r...
0x00000072e09f6270:   000001cc1a30af90 00007ffefb96c930   ..0.....0.......
0x00000072e09f6280:   000001cc38d7b840 00007ffefb4d7787   @..8.....wM.....
0x00000072e09f6290:   0000000000000072 00000000fea16318   r........c......
0x00000072e09f62a0:   000001cc1a30af90 00007ffefb374c92   ..0......L7.....
0x00000072e09f62b0:   000001cc18014a70 000001cc38d7b840   pJ......@..8....
0x00000072e09f62c0:   000001cc18014a70 0000000000000000   pJ..............
0x00000072e09f62d0:   0000000000000009 00007ffefad63d36   ........6=......
0x00000072e09f62e0:   0000000000000000 0000000000000018   ................
0x00000072e09f62f0:   000000000000000e 0041005ce09f5f00   ........._..\.A.
0x00000072e09f6300:   007900610070006f 00000000c406c480   o.p.a.y.........
0x00000072e09f6310:   00000000fea16318 00410050004f0041   .c......A.O.P.A.
0x00000072e09f6320:   00690046002d0059 00007ffefb3ae3a6   Y.-.F.i...:.....

Instructions: (pc=0x00007ffefaedd5c4)
0x00007ffefaedd4c4:   e8 f7 72 17 00 48 8b d0 48 8b cb 48 83 c4 20 5b
0x00007ffefaedd4d4:   e9 27 73 17 00 cc cc cc cc cc cc cc 48 89 5c 24
0x00007ffefaedd4e4:   08 57 48 83 ec 20 48 8b d9 0f 1f 00 8b 43 20 39
0x00007ffefaedd4f4:   43 10 0f 84 e3 00 00 00 48 8b 43 08 48 63 53 10
0x00007ffefaedd504:   48 8b 48 08 48 8b 03 48 8b 3c d1 48 85 c0 75 25
0x00007ffefaedd514:   48 8b cf e8 c4 70 17 00 48 8b d0 48 8b cf e8 d9
0x00007ffefaedd524:   72 17 00 48 89 03 48 85 c0 0f 84 ac 00 00 00 80
0x00007ffefaedd534:   78 5d 00 75 74 48 8b d0 48 8b cf e8 ec 6a 17 00
0x00007ffefaedd544:   48 8b d0 48 8b cf e8 71 72 17 00 48 8b d0 48 8b
0x00007ffefaedd554:   cf e8 a6 72 17 00 48 89 03 48 8b c8 48 85 c0 74
0x00007ffefaedd564:   43 48 8b d0 4c 8b c0 0f 1f 44 00 00 80 7a 5d 00
0x00007ffefaedd574:   49 8b c8 75 2f 48 8b cf e8 af 6a 17 00 48 8b d0
0x00007ffefaedd584:   48 8b cf e8 34 72 17 00 48 8b d0 48 8b cf e8 69
0x00007ffefaedd594:   72 17 00 48 89 03 48 8b d0 4c 8b c0 48 8b c8 48
0x00007ffefaedd5a4:   85 c0 75 c8 48 85 c9 74 32 80 7b 28 00 74 1f 33
0x00007ffefaedd5b4:   c9 38 48 5d 48 0f 45 c8 48 85 c9 74 11 48 8b 01
0x00007ffefaedd5c4:   ff 90 f8 01 00 00 84 c0 0f 85 1e ff ff ff b0 01
0x00007ffefaedd5d4:   48 8b 5c 24 30 48 83 c4 20 5f c3 8b 43 10 3b 43
0x00007ffefaedd5e4:   20 74 0a ff c0 89 43 10 e9 ff fe ff ff 48 8b 5c
0x00007ffefaedd5f4:   24 30 32 c0 48 83 c4 20 5f c3 cc cc 44 8b d1 33
0x00007ffefaedd604:   c0 48 8b 0d 54 b9 a6 00 44 8b 09 45 85 c9 74 2b
0x00007ffefaedd614:   4c 8b 59 08 0f 1f 84 00 00 00 00 00 48 63 d0 4d
0x00007ffefaedd624:   8b 04 d3 41 8b 88 38 01 00 00 83 f9 03 74 0f 41
0x00007ffefaedd634:   3b ca 74 0a ff c0 41 3b c1 75 e1 33 c0 c3 4d 85
0x00007ffefaedd644:   c0 74 f8 41 8b 80 40 01 00 00 c3 cc 40 57 48 83
0x00007ffefaedd654:   ec 20 48 8b 05 6b b9 a6 00 48 89 5c 24 30 33 db
0x00007ffefaedd664:   48 89 6c 24 38 48 8b e9 8b fb 48 85 c0 74 37 48
0x00007ffefaedd674:   63 38 48 89 74 24 40 85 ff 7e 26 90 48 8b 40 08
0x00007ffefaedd684:   48 8b d5 48 8b 0c d8 48 8b 01 ff 90 f0 01 00 00
0x00007ffefaedd694:   48 ff c3 48 3b df 7d 09 48 8b 05 25 b9 a6 00 eb
0x00007ffefaedd6a4:   db 48 8b 74 24 40 48 8b 05 a7 b9 a6 00 48 8b 6c
0x00007ffefaedd6b4:   24 38 48 8b 5c 24 30 48 85 c0 74 13 8b d7 48 8d


Stack slot to memory mapping:

stack at sp + 0 slots: 0x000001cc38d7b840 is a thread
stack at sp + 1 slots: 0x00000000000083b0 is an unknown value
stack at sp + 2 slots: 0x0000000000000001 is an unknown value
stack at sp + 3 slots: 0x000001cc3746d7a0 points into unknown readable memory: 0x000001cc3746d7c0 | c0 d7 46 37 cc 01 00 00
stack at sp + 4 slots: 0x0000000000000001 is an unknown value
stack at sp + 5 slots: 0x00007ffefaedcade jvm.dll
stack at sp + 6 slots: 0x00007ffefb96c7b0 jvm.dll
stack at sp + 7 slots: 0x000001cc10933290 is at entry_point+-624 in (nmethod*)0x000001cc10933290
Compiled method (c2) 41906 17038       4       org.gradle.api.specs.AndSpec::findUnsatisfiedSpec (49 bytes)
 total in heap  [0x000001cc10933290,0x000001cc109343a0] = 4368
 relocation     [0x000001cc109333f0,0x000001cc109334e8] = 248
 main code      [0x000001cc10933500,0x000001cc10933cf0] = 2032
 stub code      [0x000001cc10933cf0,0x000001cc10933d38] = 72
 oops           [0x000001cc10933d38,0x000001cc10933d40] = 8
 metadata       [0x000001cc10933d40,0x000001cc10933da0] = 96
 scopes data    [0x000001cc10933da0,0x000001cc10934078] = 728
 scopes pcs     [0x000001cc10934078,0x000001cc10934258] = 480
 dependencies   [0x000001cc10934258,0x000001cc10934268] = 16
 handler table  [0x000001cc10934268,0x000001cc10934358] = 240
 nul chk table  [0x000001cc10934358,0x000001cc109343a0] = 72


Compiled method (n/a) 41907  743     n 0       java.lang.ClassLoader::defineClass1 (native)
 total in heap  [0x000001cc1018c290,0x000001cc1018c828] = 1432
 relocation     [0x000001cc1018c3f0,0x000001cc1018c428] = 56
 main code      [0x000001cc1018c440,0x000001cc1018c821] = 993
 stub code      [0x000001cc1018c821,0x000001cc1018c828] = 7

[Constant Pool (empty)]

[MachCode]
[Entry Point]
  # {method} {0x000001cc18434d10} 'defineClass1' '(Ljava/lang/ClassLoader;Ljava/lang/String;[BIILjava/security/ProtectionDomain;Ljava/lang/String;)Ljava/lang/Class;' in 'java/lang/ClassLoader'
  # parm0:    rdx:rdx   = 'java/lang/ClassLoader'
  # parm1:    r8:r8     = 'java/lang/String'
  # parm2:    r9:r9     = '[B'
  # parm3:    rdi       = int
  # parm4:    rsi       = int
  # parm5:    rcx:rcx   = 'java/security/ProtectionDomain'
  # parm6:    [sp+0xa0]   = 'java/lang/String'  (sp of caller)
  0x000001cc1018c440: 448b 5208 | 49bb 0000 | 0018 cc01 | 0000 4d03 | d349 3bc2 | 0f84 0600 

  0x000001cc1018c458: ;   {runtime_call ic_miss_stub}
  0x000001cc1018c458: 0000 e921 | 23a6 ff90 
[Verified Entry Point]
  0x000001cc1018c460: 8984 2400 | 80ff ff55 | 488b ec48 | 81ec 9000 | 0000 6690 | 4181 7f20 | 1300 0000 

  0x000001cc1018c47c: ;   {runtime_call StubRoutines (final stubs)}
  0x000001cc1018c47c: 7405 e81d | a0a4 ff48 | 837d 1000 | 488d 4510 | 480f 4445 | 1048 8944 | 2440 4889 | 4c24 7048 
  0x000001cc1018c49c: 83f9 0048 | 8d44 2470 | 480f 4444 | 2470 4889 | 4424 3848 | 8974 2430 | 4889 7c24 | 284c 894c 
  0x000001cc1018c4bc: 2458 4983 | f900 488d | 4424 5848 | 0f44 4424 | 5848 8944 | 2420 4c89 | 4424 5049 | 83f8 004c 
  0x000001cc1018c4dc: 8d4c 2450 | 4c0f 444c | 2450 4889 | 5424 4848 | 83fa 004c | 8d44 2448 | 4c0f 4444 

  0x000001cc1018c4f8: ;   {oop(a 'java/lang/Class'{0x00000000c08f0168} = 'java/lang/ClassLoader')}
  0x000001cc1018c4f8: 2448 49be | 6801 8fc0 | 0000 0000 | 4c89 7424 | 784c 8d74 | 2478 498b | d6c5 f877 

  0x000001cc1018c514: ;   {internal_word}
  0x000001cc1018c514: 49ba 11c5 | 1810 cc01 | 0000 4d89 | 97a8 0300 | 0049 89a7 | a003 0000 

  0x000001cc1018c52c: ;   {external_word}
  0x000001cc1018c52c: 49ba 283e | 95fb fe7f | 0000 4180 | 3a00 0f84 | 4e00 0000 | 5241 5041 

  0x000001cc1018c544: ;   {metadata({method} {0x000001cc18434d10} 'defineClass1' '(Ljava/lang/ClassLoader;Ljava/lang/String;[BIILjava/security/ProtectionDomain;Ljava/lang/String;)Ljava/lang/Class;' in 'java/lang/ClassLoader')}
  0x000001cc1018c544: 5148 ba08 | 4d43 18cc | 0100 0049 | 8bcf 4883 | ec20 40f6 | c40f 0f84 | 1900 0000 | 4883 ec08 
  0x000001cc1018c564: ;   {runtime_call}
  0x000001cc1018c564: 48b8 00ad | 3efb fe7f | 0000 ffd0 | 4883 c408 | e90c 0000 

  0x000001cc1018c578: ;   {runtime_call}
  0x000001cc1018c578: 0048 b800 | ad3e fbfe | 7f00 00ff | d048 83c4 | 2041 5941 | 585a 498d | 8fc0 0300 | 0041 c787 
  0x000001cc1018c598: 4c04 0000 | 0400 0000 

  0x000001cc1018c5a0: ;   {runtime_call}
  0x000001cc1018c5a0: 48b8 d016 | 918b ff7f | 0000 ffd0 | c5f8 7741 | c787 4c04 | 0000 0500 | 0000 f083 | 4424 c000 
  0x000001cc1018c5c0: 493b af50 | 0400 000f | 870e 0000 | 0041 83bf | 4804 0000 | 000f 842b | 0000 00c5 | f877 4889 
  0x000001cc1018c5e0: 45f8 498b | cf4c 8be4 | 4883 ec20 | 4883 e4f0 

  0x000001cc1018c5f0: ;   {runtime_call}
  0x000001cc1018c5f0: 48b8 30f3 | 09fb fe7f | 0000 ffd0 | 498b e44d | 33e4 488b | 45f8 41c7 | 874c 0400 | 0008 0000 
  0x000001cc1018c610: 0041 83bf | c804 0000 | 020f 84d5 

  0x000001cc1018c61c: ;   {external_word}
  0x000001cc1018c61c: 0100 0049 | ba28 3e95 | fbfe 7f00 | 0041 803a | 000f 844c | 0000 0048 

  0x000001cc1018c634: ;   {metadata({method} {0x000001cc18434d10} 'defineClass1' '(Ljava/lang/ClassLoader;Ljava/lang/String;[BIILjava/security/ProtectionDomain;Ljava/lang/String;)Ljava/lang/Class;' in 'java/lang/ClassLoader')}
  0x000001cc1018c634: 8945 f848 | ba08 4d43 | 18cc 0100 | 0049 8bcf | 4883 ec20 | 40f6 c40f | 0f84 1900 | 0000 4883 
  0x000001cc1018c654: ;   {runtime_call}
  0x000001cc1018c654: ec08 48b8 | 00ad 3efb | fe7f 0000 | ffd0 4883 | c408 e90c 

  0x000001cc1018c668: ;   {runtime_call}
  0x000001cc1018c668: 0000 0048 | b800 ad3e | fbfe 7f00 | 00ff d048 | 83c4 2048 | 8b45 f849 | c787 a003 | 0000 0000 
  0x000001cc1018c688: 0000 49c7 | 87a8 0300 | 0000 0000 | 00c5 f877 | 4885 c00f | 8430 0100 | 00a8 030f | 8508 0000 
  0x000001cc1018c6a8: 0048 8b00 | e920 0100 | 00a8 010f | 8509 0000 | 0048 8b40 | fee9 0f01 | 0000 488b | 40ff 4180 
  0x000001cc1018c6c8: 7f40 000f | 8400 0100 | 0048 83f8 | 000f 84f6 | 0000 0049 | 8b4f 2848 | 83f9 000f | 8414 0000 
  0x000001cc1018c6e8: 0048 83e9 | 0849 894f | 2849 034f | 3848 8901 | e9d4 0000 | 0048 83ec | 7048 8904 | 2448 894c 
  0x000001cc1018c708: 2408 4889 | 5424 104c | 8944 2418 | 4c89 4c24 | 204c 8954 | 2428 4c89 | 5c24 30c5 | fb11 4424 
  0x000001cc1018c728: 40c5 fb11 | 4c24 48c5 | fb11 5424 | 50c5 fb11 | 5c24 58c5 | fb11 6424 | 60c5 fb11 | 6c24 6849 
  0x000001cc1018c748: 8bd7 488b | c848 83ec | 2040 f6c4 | 0f0f 8419 | 0000 0048 

  0x000001cc1018c75c: ;   {runtime_call}
  0x000001cc1018c75c: 83ec 0848 | b830 27fd | fafe 7f00 | 00ff d048 | 83c4 08e9 | 0c00 0000 

  0x000001cc1018c774: ;   {runtime_call}
  0x000001cc1018c774: 48b8 3027 | fdfa fe7f | 0000 ffd0 | 4883 c420 | c5fb 106c | 2468 c5fb | 1064 2460 | c5fb 105c 
  0x000001cc1018c794: 2458 c5fb | 1054 2450 | c5fb 104c | 2448 c5fb | 1044 2440 | 4c8b 5c24 | 304c 8b54 | 2428 4c8b 
  0x000001cc1018c7b4: 4c24 204c | 8b44 2418 | 488b 5424 | 1048 8b4c | 2408 488b | 0424 4883 | c470 c5f8 | 7749 8b8f 
  0x000001cc1018c7d4: 3004 0000 | c781 0001 | 0000 0000 | 0000 c949 | 837f 0800 | 0f85 0100 

  0x000001cc1018c7ec: ;   {runtime_call StubRoutines (initial stubs)}
  0x000001cc1018c7ec: 0000 c3e9 | 0c47 a1ff | c5f8 7748 | 8945 f84c | 8be4 4883 | ec20 4883 

  0x000001cc1018c804: ;   {runtime_call}
  0x000001cc1018c804: e4f0 48b8 | 30e4 3efb | fe7f 0000 | ffd0 498b | e44d 33e4 | 488b 45f8 | e9fe fdff | fff4 f4f4 
  0x000001cc1018c824: f4f4 f4f4 
[/MachCode]


Compiled method (c2) 41913 10764       4       java.net.URLClassLoader$1::run (5 bytes)
 total in heap  [0x000001cc10718d90,0x000001cc10724610] = 47232
 relocation     [0x000001cc10718ef0,0x000001cc10719618] = 1832
 main code      [0x000001cc10719620,0x000001cc107202d8] = 27832
 stub code      [0x000001cc107202d8,0x000001cc10720568] = 656
 oops           [0x000001cc10720568,0x000001cc107205a8] = 64
 metadata       [0x000001cc107205a8,0x000001cc107209f8] = 1104
 scopes data    [0x000001cc107209f8,0x000001cc10722de8] = 9200
 scopes pcs     [0x000001cc10722de8,0x000001cc10723bd8] = 3568
 dependencies   [0x000001cc10723bd8,0x000001cc10723c60] = 136
 handler table  [0x000001cc10723c60,0x000001cc107244e8] = 2184
 nul chk table  [0x000001cc107244e8,0x000001cc10724610] = 296

[Constant Pool (empty)]

[MachCode]
[Entry Point]
  # {method} {0x000001cc33096858} 'run' '()Ljava/lang/Object;' in 'java/net/URLClassLoader$1'
  #           [sp+0xf0]  (sp of caller)
  0x000001cc10719620: 448b 5208 | 49bb 0000 | 0018 cc01 | 0000 4d03 | d349 3bc2 

  0x000001cc10719634: ;   {runtime_call ic_miss_stub}
  0x000001cc10719634: 0f85 4651 | 4dff 6690 | 0f1f 4000 
[Verified Entry Point]
  0x000001cc10719640: 8984 2400 | 80ff ff55 | 4881 ece0 | 0000 0090 | 4181 7f20 | 1300 0000 | 0f85 6b6c | 0000 4889 
  0x000001cc10719660: 5424 4844 | 8b42 0c45 | 0fbe 5010 | 4585 d20f | 8510 4000 | 0041 8b48 | 1444 8b49 | 0c49 8bc0 
  0x000001cc10719680: 4d8b 9788 | 0300 0049 | 8b1a 4585 | c90f 8660 | 0400 0041 | 8bd1 ffca | 0f1f 8400 | 0000 0000 
  0x000001cc107196a0: 413b d10f | 83cb 3e00 | 0045 8d51 | fd48 8bf1 | 8079 102e | 0f84 a11a | 0000 660f | 1f44 0000 
  0x000001cc107196c0: 4183 fa01 | 0f8e d23e | 0000 bd01 | 0000 0041 | 8bf9 2bfd | 83c7 fd45 | 33db 443b | d541 0f4c 
  0x000001cc107196e0: fb81 ffa0 | 0f00 0041 | bba0 0f00 | 0041 0f47 | fb03 fd44 | 8be9 458b | f2c4 e1f9 | 6ec3 6690 
  0x000001cc10719700: eb11 6666 | 0f1f 8400 | 0000 0000 | 6666 6690 | 418b eb4c | 63d5 470f | be5c 1510 | 0f1f 4000 
  0x000001cc10719720: 4183 fb2e | 0f84 7500 | 0000 430f | be4c 1511 

  0x000001cc10719730: ;   {no_reloc}
  0x000001cc10719730: 83f9 2e0f | 846b 0000 | 0047 0fbe | 5c15 1290 | 4183 fb2e | 0f84 5200 | 0000 418b | cd47 0fbe 
  0x000001cc10719750: 5415 1341 | 83fa 2e0f | 844c 0000 | 0044 8d5d | 0444 3bdf | 7caa 498b | 9f58 0400 | 0083 c503 
  0x000001cc10719770: 488b 4c24 

  0x000001cc10719774: ; ImmutableOopMap {r8=NarrowOop rcx=Oop rsi=Oop rax=Oop r13=NarrowOop xmm0=Oop [72]=Oop }
                      ;*if_icmpne {reexecute=1 rethrow=0 return_oop=0}
                      ; - (reexecute) java.lang.StringLatin1::replace@28 (line 302)
                      ; - java.lang.String::replace@18 (line 2922)
                      ; - java.net.URLClassLoader$1::run@8 (line 423)
                      ; - java.net.URLClassLoader$1::run@1 (line 421)
                      ;   {poll}
  0x000001cc10719774: 4885 0366 | 0f1f 8400 | 0000 0000 | 453b de0f | 8d41 0300 | 0041 8beb | 418b cd45 | 8bd6 c4e1 
  0x000001cc10719794: f97e c3e9 | 33ff ffff | 83c5 0241 | 8bcd eb0a | 418b cdeb | 0383 c502 | ffc5 458b | d6c4 e1f9 
  0x000001cc107197b4: 7ec3 413b | e90f 8d34 | 0300 0090 | 4181 f900 | 0010 000f | 8770 3300 | 0048 895c | 2430 4489 
  0x000001cc107197d4: 5424 5889 | 5424 5489 | 4c24 5049 | 8b8f b801 | 0000 4d63 | d149 83c2 | 1749 83e2 | f84c 8bd9 
  0x000001cc107197f4: 4d03 da66 | 0f1f 8400 | 0000 0000 | 4d3b 9fc8 | 0100 000f | 8342 3300 | 004d 899f | b801 0000 
  0x000001cc10719814: 410f 0d8b | c000 0000 | 4c8b d149 | c702 0100 | 0000 410f | 0d8b 0001 

  0x000001cc1071982c: ;   {metadata({type array byte})}
  0x000001cc1071982c: 0000 41c7 | 4208 1823 | 0000 4589 | 4a0c 410f | 0d8b 4001 | 0000 410f | 0d8b 8001 | 0000 85ed 
  0x000001cc1071984c: 7f09 8b4c | 2450 e9d3 | 0000 0044 | 8bdd 41ff | cb66 6690 | 453b d90f | 83e7 3d00 | 0045 85c9 
  0x000001cc1071986c: 0f86 de3d | 0000 c4c1 | f96e c244 | 8b54 2450 | 410f be4a | 10c4 c1f9 | 7ec2 4188 | 4a10 4183 
  0x000001cc1071988c: fb01 0f8e | e03d 0000 | bfd0 0700 | 00bb 0100 | 0000 4c8b | f68b f52b | f3ff ce33 | c944 3bdb 
  0x000001cc107198ac: 0f4c f181 | fed0 0700 | 000f 47f7 | 03f3 660f | 1f44 0000 | 4c63 eb8b | 4c24 5042 | 0fbe 5429 
  0x000001cc107198cc: 10c4 c1f9 | 7ec2 4388 | 542a 1046 | 0fbe 5429 | 11c4 e1f9 | 7ec2 4688 | 542a 1183 | c302 3bde 
  0x000001cc107198ec: 7cd2 4d8b | 9758 0400 

  0x000001cc107198f4: ; ImmutableOopMap {r8=NarrowOop rcx=NarrowOop rdx=Oop rax=Oop r14=Oop xmm0=Oop [48]=Oop [72]=Oop [80]=NarrowOop }
                      ;*goto {reexecute=1 rethrow=0 return_oop=0}
                      ; - (reexecute) java.lang.StringLatin1::replace@76 (line 309)
                      ; - java.lang.String::replace@18 (line 2922)
                      ; - java.net.URLClassLoader$1::run@8 (line 423)
                      ; - java.net.URLClassLoader$1::run@1 (line 421)
                      ;   {poll}
  0x000001cc107198f4: 0041 8502 | 0f1f 8400 | 0000 0000 | 413b db7c | 9c49 8bf6 | 3bdd 7d19 | 4863 fb44 | 0fbe 5c39 
  0x000001cc10719914: 10c4 c1f9 | 7ec2 4588 | 5c3a 10ff | c33b dd7c | e7c4 c1f9 | 7ec2 413b | e90f 8d48 | 0100 0041 
  0x000001cc10719934: 3be9 0f83 | c03c 0000 | 8b5c 2454 | 413b d90f | 83b3 3c00 | 0044 8bc5 | 41ff c048 | 63dd 440f 
  0x000001cc10719954: be5c 1910 | 0f1f 8400 | 0000 0000 | 4183 fb2e | 0f84 bc16 | 0000 4588 | 5c1a 1044 | 8bdd 41ff 
  0x000001cc10719974: c345 3bd8 | 7d05 418b | ebeb d090 | 443b 5c24 | 580f 8dc6 | 0000 00ff | c5e9 9400 | 0000 41bb 
  0x000001cc10719994: 2f00 0000 | 0f1f 8400 | 0000 0000 | 4588 5c3a | 1144 0fbe | 4439 1241 | 83f8 2e0f | 8457 0000 
  0x000001cc107199b4: 0045 8844 | 3a12 440f | be5c 3913 | 4183 fb2e | 0f84 3200 | 0000 4588 | 5c3a 1383 | c504 3beb 
  0x000001cc107199d4: 0f8d 3a00 | 0000 4863 | fd44 0fbe | 4439 1041 | 83f8 2e74 | 1b45 8844 | 3a10 440f | be5c 3911 
  0x000001cc107199f4: ;   {no_reloc}
  0x000001cc107199f4: 4183 fb2e | 75a6 eb96 | 41bb 2f00 | 0000 ebc6 | 41b8 2f00 | 0000 ebdd | 41b8 2f00 | 0000 eba1 
  0x000001cc10719a14: 4d8b 9f58 

  0x000001cc10719a18: ; ImmutableOopMap {r10=Oop rcx=NarrowOop rsi=Oop rax=Oop [48]=Oop [72]=Oop }
                      ;*goto {reexecute=1 rethrow=0 return_oop=0}
                      ; - (reexecute) java.lang.StringLatin1::replace@113 (line 316)
                      ; - java.lang.String::replace@18 (line 2922)
                      ; - java.net.URLClassLoader$1::run@8 (line 423)
                      ; - java.net.URLClassLoader$1::run@1 (line 421)
                      ;   {poll}
  0x000001cc10719a18: 0400 0041 | 8503 6690 | 3b6c 2458 | 7d2e 418b | d92b dd83 | c3fd 448b | 4424 5845 | 33db 443b 
  0x000001cc10719a38: c541 0f4c | db81 fba0 | 0f00 0041 | bba0 0f00 | 0041 0f47 | db03 ddeb | 8941 8beb | 413b e97d 
  0x000001cc10719a58: 2266 6690 | 4c63 dd46 | 0fbe 4419 | 1041 83f8 | 2e0f 842d | 1600 0047 | 8844 1a10 | ffc5 413b 
  0x000001cc10719a78: e97c e14d | 8b87 b801 | 0000 4d8b | d849 83c3 | 184d 3b9f | c801 0000 | 0f83 2431 | 0000 4d89 
  0x000001cc10719a98: 9fb8 0100 | 0041 0f0d | 8bc0 0000 | 0049 c700 | 0100 0000 

  0x000001cc10719aac: ;   {metadata('java/lang/String')}
  0x000001cc10719aac: 41c7 4008 | 78e8 0000 | 4589 600c | 4d89 6010 | 4d8b da45 | 8958 1448 | 8b5c 2430 | eb2f 418b 
  0x000001cc10719acc: cd45 8bd6 | c4e1 f97e | c345 3bd9 | 7d19 6690 | 420f be6c | 1910 83fd | 2e0f 84dd | 3300 0041 
  0x000001cc10719aec: ffc3 453b | d97c e94c | 8bd1 4c8b | c045 8b5a | 0c66 6690 | 4585 db0f | 8628 1500 | 0041 0fbe 
  0x000001cc10719b0c: 4810 c442 | 72f7 cb49 | 63c1 83f9 | 010f 8431 | 4000 0090 | 4585 c90f | 8ce7 3f00 | 0048 8d70 
  0x000001cc10719b2c: 068b ee85 | ed0f 8cfd | 3f00 0048 | 8bfe 48c1 | ff20 8bff | c4e2 41f7 | fd85 ff0f | 8c2b 4000 
  0x000001cc10719b4c: 0081 ff00 | 0010 000f | 874e 3a00 | 0048 63d7 | 0f1f 4000 | 81ff 0000 | 1000 0f87 | 592e 0000 
  0x000001cc10719b6c: 4d8b afb8 | 0100 0048 | 83c2 1748 | 83e2 f849 | 8bed 4803 | ea49 3baf | c801 0000 | 0f83 372e 
  0x000001cc10719b8c: 0000 4989 | afb8 0100 | 000f 0d8d | c000 0000 | 49c7 4500 | 0100 0000 | 0f0d 8d00 

  0x000001cc10719ba8: ;   {metadata({type array byte})}
  0x000001cc10719ba8: 0100 0041 | c745 0818 | 2300 0041 | 897d 0c0f | 0d8d 4001 | 0000 0f0d | 8d80 0100 | 0041 8d71 
  0x000001cc10719bc8: 063b fe0f | 82de 3900 | 004d 63c1 | 4585 c90f | 8f20 1400 | 0043 c644 | 0510 2e43 | c644 0511 
  0x000001cc10719be8: 6343 c644 | 0512 6c43 | c644 0513 | 6143 c644 | 0514 7343 | c644 0515 | 7349 8bd5 | 4883 c210 
  0x000001cc10719c08: 4d8b ca49 | 83c1 1085 | c90f 8563 | 1600 0066 | 0f1f 8400 | 0000 0000 | 413b fb0f | 82af 3900 
  0x000001cc10719c28: 0045 85db | 761e 4d63 | c349 8bc9 | c5f8 7749 | bac0 44bd | 0fcc 0100 | 0041 ffd2 

  0x000001cc10719c44: ;   {other}
  0x000001cc10719c44: 0f1f 8400 | 0000 0000 | 4d8b 87b8 | 0100 004d | 8bd0 4983 | c218 660f | 1f44 0000 | 4d3b 97c8 
  0x000001cc10719c64: 0100 000f | 83dd 2d00 | 004d 8997 | b801 0000 | 410f 0d8a | c000 0000 | 49c7 0001 

  0x000001cc10719c80: ;   {metadata('java/lang/String')}
  0x000001cc10719c80: 0000 0041 | c740 0878 | e800 0045 | 8960 0c4d | 8960 104d | 8bd5 4589 | 5014 4c8b | 5424 4845 
  0x000001cc10719ca0: 8b52 1045 | 8b5a 5445 | 85db 0f84 | a738 0000 | 4889 5c24 | 7049 8bd3 | 4533 c990 

  0x000001cc10719cbc: ;   {optimized virtual_call}
  0x000001cc10719cbc: c5f8 77e8 

  0x000001cc10719cc0: ; ImmutableOopMap {[72]=Oop [112]=Oop }
                      ;*invokevirtual getResource {reexecute=0 rethrow=0 return_oop=1}
                      ; - java.net.URLClassLoader$1::run@26 (line 424)
                      ; - java.net.URLClassLoader$1::run@1 (line 421)
  0x000001cc10719cc0: 9cd1 d1ff 

  0x000001cc10719cc4: ;   {other}
  0x000001cc10719cc4: 0f1f 8400 | 340f 0003 | 488b f848 | 85c0 0f84 | 0a13 0000 | 4c8b 5424 | 4845 8b5a | 1044 895c 
  0x000001cc10719ce4: 2478 458b | 520c 4489 | 5424 7c45 | 85db 0f84 | b039 0000 | c5f8 7749 | bac0 e437 | fbfe 7f00 
  0x000001cc10719d04: 0041 ffd2 

  0x000001cc10719d08: ;   {other}
  0x000001cc10719d08: 0f1f 8400 | 0000 0000 | 4889 4424 | 3844 8b54 | 247c 418b | 4a14 6690 

  0x000001cc10719d20: ; implicit exception: dispatches to 0x000001cc1071efd8
  0x000001cc10719d20: 448b 590c | 450f be4a | 10c4 c232 | f7eb 448b | d541 ffca | 4585 c90f | 85bf 3e00 | 0041 8bc3 
  0x000001cc10719d40: ffc8 413b | c241 0f4f | c248 8bd9 | 448b 5424 | 784d 8bc2 | 448b 5424 | 7c4d 8bca | 0f1f 4000 
  0x000001cc10719d60: 85c0 0f8c | 1d21 0000 | 33d2 660f | 1f44 0000 | 413b c30f | 831c 3100 | 000f 1f80 | 0000 0000 
  0x000001cc10719d80: 807c 0110 | 2e74 154d | 8b97 5804 

  0x000001cc10719d8c: ; ImmutableOopMap {r8=Oop r9=Oop rcx=NarrowOop rbx=Oop rdi=Oop [72]=Oop [112]=Oop [120]=NarrowOop [124]=NarrowOop }
                      ;*goto {reexecute=1 rethrow=0 return_oop=0}
                      ; - (reexecute) java.lang.StringLatin1::lastIndexOf@35 (line 289)
                      ; - java.lang.String::lastIndexOf@13 (line 2562)
                      ; - java.lang.String::lastIndexOf@8 (line 2524)
                      ; - java.net.URLClassLoader::defineClass@7 (line 486)
                      ; - java.net.URLClassLoader$1::run@43 (line 427)
                      ; - java.net.URLClassLoader$1::run@1 (line 421)
  0x000001cc10719d8c: 0000 ffc8 

  0x000001cc10719d90: ;   {poll}
  0x000001cc10719d90: 4185 0285 | c07d d9b8 | ffff ffff | 448b 5708 

  0x000001cc10719da0: ;   {metadata('jdk/internal/loader/URLClassPath$JarLoader$2')}
  0x000001cc10719da0: 4181 fa08 | 2521 000f | 8586 1500 | 0048 8bf7 | 448b 5620 

  0x000001cc10719db4: ; implicit exception: dispatches to 0x000001cc1071f0c4
  0x000001cc10719db4: 458b 521c | 0f1f 8400 | 0000 0000 | 83f8 ff0f | 849f 0500 | 0085 c00f | 8cd3 3e00 | 003b c50f 
  0x000001cc10719dd4: 8f53 4000 | 000f 1f80 | 0000 0000 | 3bc5 0f84 | bf12 0000 | 85c0 0f84 | 9c20 0000 | 498b b7b8 
  0x000001cc10719df4: 0100 0048 | 8bee 4883 | c518 6690 | 493b afc8 | 0100 000f | 83a4 2e00 | 0049 89af | b801 0000 
  0x000001cc10719e14: 0f0d 8dc0 | 0000 0048 | c706 0100 

  0x000001cc10719e20: ;   {metadata('java/lang/String')}
  0x000001cc10719e20: 0000 c746 | 0878 e800 | 0044 8966 | 0c4c 8966 | 104c 8d69 | 1041 3bc3 | 0f85 e700 | 0000 4963 
  0x000001cc10719e40: eb41 81fb | 0000 1000 | 0f87 a62f | 0000 4889 | ac24 8000 | 0000 4c89 | 6c24 6848 | 8974 2460 
  0x000001cc10719e60: 4489 5424 | 444c 894c | 2458 4c89 | 4424 5048 | 895c 2420 | 418b c389 | 4c24 4048 | 8954 2430 
  0x000001cc10719e80: 4889 7c24 | 2849 8b9f | b801 0000 | 4c8d 5517 | 4983 e2f8 | 4c8b db4d | 03da 660f | 1f44 0000 
  0x000001cc10719ea0: 4d3b 9fc8 | 0100 000f | 837e 2f00 | 004d 899f | b801 0000 | 410f 0d8b | c000 0000 | 48c7 0301 
  0x000001cc10719ec0: 0000 0041 | 0f0d 8b00 

  0x000001cc10719ec8: ;   {metadata({type array byte})}
  0x000001cc10719ec8: 0100 00c7 | 4308 1823 | 0000 8943 | 0c41 0f0d | 8b40 0100 | 0041 0f0d | 8b80 0100 | 0048 8bd3 
  0x000001cc10719ee8: 4883 c210 | 4c8b 8424 | 8000 0000 | 4983 c007 | 49c1 e803 | 488b 4c24 | 68c5 f877 | 49ba 604b 
  0x000001cc10719f08: bd0f cc01 | 0000 41ff 

  0x000001cc10719f10: ;   {other}
  0x000001cc10719f10: d20f 1f84 | 0000 0000 | 004c 8bc3 | 0f1f 4000 | e942 0100 | 003d 0000 | 1000 0f87 | e83d 0000 
  0x000001cc10719f30: 4c63 f044 | 3bd8 418b | eb0f 4fe8 | 0f1f 4000 | 443b dd0f | 821f 3f00 | 003b c50f | 8217 3f00 
  0x000001cc10719f50: 0049 83c6 | 174d 8bde | 4983 e3f8 | 0f1f 4000 | 3d00 0010 | 000f 87c9 | 2d00 004c | 899c 2488 
  0x000001cc10719f70: 0000 004c | 89b4 2480 | 0000 004c | 896c 2468 | 4889 7424 | 6044 8954 | 2444 4c89 | 4c24 584c 
  0x000001cc10719f90: 8944 2450 | 4889 5c24 | 2089 4424 | 4048 8954 | 2430 4889 | 7c24 284d | 8b87 b801 | 0000 4d8b 
  0x000001cc10719fb0: d04d 03d3 | 0f1f 8400 | 0000 0000 | 6666 6690 | 4d3b 97c8 | 0100 000f | 83a3 2d00 | 004d 8997 
  0x000001cc10719fd0: b801 0000 | 410f 0d8a | c000 0000 | 49c7 0001 | 0000 0041 | 0f0d 8a00 

  0x000001cc10719fe8: ;   {metadata({type array byte})}
  0x000001cc10719fe8: 0100 0041 | c740 0818 | 2300 0044 | 8bd8 4189 | 400c 410f | 0d8a 4001 | 0000 410f | 0d8a 8001 
  0x000001cc1071a008: 0000 498b | d048 83c2 | 104c 8b94 | 2480 0000 | 0049 c1ea | 0366 6690 | 85ed 0f84 | fd3c 0000 
  0x000001cc1071a028: 413b eb0f | 8c74 2400 | 0049 8bd8 | 488b ac24 | 8800 0000 | 4883 c5f0 | 48c1 ed03 | 488b 4c24 
  0x000001cc1071a048: 684c 8bc5 | c5f8 7749 | ba60 4bbd | 0fcc 0100 | 0041 ffd2 

  0x000001cc1071a05c: ;   {other}
  0x000001cc1071a05c: 0f1f 8400 | 0000 0000 | 4c8b c341 | 807f 4000 | 0f85 b31e | 0000 488b | 6c24 604c | 8bd5 4d8b 
  0x000001cc1071a07c: d844 895d | 144d 8bd8 | 4d33 da49 | c1eb 144d | 85db 741a | 49c1 ea09 | 48b9 0000 | 1d7a cc01 
  0x000001cc1071a09c: 0000 4903 | ca80 3902 | 0f85 b51e | 0000 4488 | 6510 488b | 7c24 2848 | 8b54 2430 | 4c8b 4424 
  0x000001cc1071a0bc: 504c 8b4c | 2458 448b | 5424 4448 | 89ac 24a0 | 0000 0044 | 8b5f 0866 | 0f1f 8400 | 0000 0000 
  0x000001cc1071a0dc: 6666 6690 

  0x000001cc1071a0e0: ;   {metadata('jdk/internal/loader/URLClassPath$JarLoader$2')}
  0x000001cc1071a0e0: 4181 fb08 | 2521 000f | 8570 1200 | 004c 8bdf 

  0x000001cc1071a0f0: ;   {oop(a 'java/lang/Class'{0x00000000c09e69c0} = 'jdk/internal/access/SharedSecrets')}
  0x000001cc1071a0f0: 48b9 c069 | 9ec0 0000 | 0000 8b89 | d400 0000 

  0x000001cc1071a100: ; implicit exception: dispatches to 0x000001cc1071f340
  0x000001cc1071a100: 8b41 0841 | 8b6b 208b 

  0x000001cc1071a108: ;   {metadata('java/util/jar/JavaUtilJarAccessImpl')}
  0x000001cc1071a108: 6d18 81f8 | 785c 3100 | 0f85 5238 | 0000 8b5d | 0889 9c24 | a800 0000 | 488b f548 | 8d9c 24c0 
  0x000001cc1071a128: 0000 0048 | 8b06 a802 | 0f85 2300 | 0000 4883 | c801 4889 | 03f0 480f | b11e 0f84 | 3700 0000 
  0x000001cc1071a148: 482b c448 | 2507 f0ff | ff48 8903 | e924 0000 | 0048 8bc8 | 4833 c0f0 | 4c0f b179 | 3e48 c703 
  0x000001cc1071a168: 0300 0000 | 7411 4c3b | f875 1548 | ff81 8600 | 0000 4833 | c075 0949 | ff87 5005 | 0000 33c0 
  0x000001cc1071a188: 0f85 1638 | 0000 443b | 6530 7514 | 0fb6 5d12 | 0f1f 8400 | 0000 0000 | 85db 0f85 | 1e10 0000 
  0x000001cc1071a1a8: 443b 6530 | 0f85 0322 | 0000 488d | 8424 c000 | 0000 4883 | 3800 0f84 | 7800 0000 | 488b 0ef6 
  0x000001cc1071a1c8: c102 0f84 | 6200 0000 | 4883 b986 | 0000 0000 | 7409 48ff | 8986 0000 | 00eb 4b48 | 8b81 9600 
  0x000001cc1071a1e8: 0000 480b | 818e 0000 | 0075 0a48 | c741 3e00 | 0000 00eb | 3d48 83b9 | 9e00 0000 | 0074 2248 
  0x000001cc1071a208: ;   {no_reloc}
  0x000001cc1071a208: 33c0 48c7 | 413e 0000 | 0000 f083 | 0424 0048 | 83b9 9e00 | 0000 0075 | 0df0 4c0f | b179 3e75 
  0x000001cc1071a228: 0583 c801 | eb0c a800 | eb08 488b | 08f0 480f | b10e 7509 | 49ff 8f50 | 0500 0033 | c90f 852b 
  0x000001cc1071a248: 3800 0041 | 8b5b 208b | 6b18 8b4d | 0866 6666 | 0f1f 8400 | 0000 0000 

  0x000001cc1071a260: ;   {metadata('java/util/jar/JarFile')}
  0x000001cc1071a260: 81f9 0814 | 1900 0f85 | 6938 0000 | 4c89 5c24 | 5844 8954 | 2450 4c89 | 4c24 304c | 8944 2428 
  0x000001cc1071a280: 4889 5424 | 2048 897c | 2440 488b | d566 6690 

  0x000001cc1071a290: ;   {optimized virtual_call}
  0x000001cc1071a290: c5f8 77e8 

  0x000001cc1071a294: ; ImmutableOopMap {[40]=Oop [48]=Oop [64]=Oop [72]=Oop [80]=NarrowOop [88]=Oop [112]=Oop [120]=NarrowOop [124]=NarrowOop [160]=Oop }
                      ;*invokevirtual getManifestFromReference {reexecute=0 rethrow=0 return_oop=1}
                      ; - java.util.jar.JarFile::getManifest@1 (line 405)
                      ; - jdk.internal.loader.URLClassPath$JarLoader$2::getManifest@22 (line 853)
                      ; - java.net.URLClassLoader::defineClass@34 (line 491)
                      ; - java.net.URLClassLoader$1::run@43 (line 427)
                      ; - java.net.URLClassLoader$1::run@1 (line 421)
  0x000001cc1071a294: e841 e8ff 

  0x000001cc1071a298: ;   {other}
  0x000001cc1071a298: 0f1f 8400 | 0815 0005 | 488b 7c24 | 404c 8b44 | 2428 4c8b | 4c24 3044 | 8b54 2450 | 4889 4424 
  0x000001cc1071a2b8: 5844 8954 | 2450 4c89 | 4c24 404c | 8944 2428 | 4889 7c24 | 3049 8bd0 | 4c8b 8424 | a000 0000 
  0x000001cc1071a2d8: 8b6c 2450 

  0x000001cc1071a2dc: ;   {optimized virtual_call}
  0x000001cc1071a2dc: c5f8 77e8 

  0x000001cc1071a2e0: ; ImmutableOopMap {rbp=NarrowOop [40]=Oop [48]=Oop [64]=Oop [72]=Oop [80]=NarrowOop [88]=Oop [112]=Oop [120]=NarrowOop [124]=NarrowOop [160]=Oop }
                      ;*invokevirtual getDefinedPackage {reexecute=0 rethrow=0 return_oop=1}
                      ; - java.net.URLClassLoader::getAndVerifyPackage@2 (line 457)
                      ; - java.net.URLClassLoader::defineClass@46 (line 492)
                      ; - java.net.URLClassLoader$1::run@43 (line 427)
                      ; - java.net.URLClassLoader$1::run@1 (line 421)
  0x000001cc1071a2e0: 3c9a e8ff 

  0x000001cc1071a2e4: ;   {other}
  0x000001cc1071a2e4: 0f1f 8400 | 5415 0006 | 4885 c00f | 84bf 0d00 | 0044 8b50 | 1045 8b5a | 1c66 6690 | 4585 db0f 
  0x000001cc1071a304: 851f 3c00 | 0044 8b58 | 1441 8b6b | 2485 ed0f | 856f 3d00 | 004c 8b54 | 2458 6690 | 4d85 d274 
  0x000001cc1071a324: 2f48 8b54 | 2428 4c8b | 8424 a000 | 0000 4d8b | ca48 8944 | 2420 6690 

  0x000001cc1071a33c: ;   {optimized virtual_call}
  0x000001cc1071a33c: c5f8 77e8 

  0x000001cc1071a340: ; ImmutableOopMap {[32]=Oop [40]=Oop [48]=Oop [64]=Oop [72]=Oop [80]=NarrowOop [88]=Oop [112]=Oop [120]=NarrowOop [124]=NarrowOop [160]=Oop }
                      ;*invokevirtual isSealed {reexecute=0 rethrow=0 return_oop=0}
                      ; - java.net.URLClassLoader::getAndVerifyPackage@68 (line 469)
                      ; - java.net.URLClassLoader::defineClass@46 (line 492)
                      ; - java.net.URLClassLoader$1::run@43 (line 427)
                      ; - java.net.URLClassLoader$1::run@1 (line 421)
  0x000001cc1071a340: fc24 d7ff 

  0x000001cc1071a344: ;   {other}
  0x000001cc1071a344: 0f1f 8400 | b415 0007 | 85c0 0f85 | a43d 0000 | 488b 7c24 | 304c 8b44 | 2428 4c8b | 4c24 4044 
  0x000001cc1071a364: 8b54 2450 | 488d 9c24 | c000 0000 | 488b 07a8 | 020f 8523 | 0000 0048 | 83c8 0148 | 8903 f048 
  0x000001cc1071a384: 0fb1 1f0f | 8437 0000 | 0048 2bc4 | 4825 07f0 | ffff 4889 | 03e9 2400 | 0000 4c8b | d848 33c0 
  0x000001cc1071a3a4: f04d 0fb1 | 7b3e 48c7 | 0303 0000 | 0074 114c | 3bf8 7515 | 49ff 8386 | 0000 0048 | 33c0 7509 
  0x000001cc1071a3c4: 49ff 8750 | 0500 0033 | c00f 8569 | 3300 008b | 4f08 6666 | 0f1f 8400 | 0000 0000 | 443b 670c 
  0x000001cc1071a3e4: 0f85 b800 

  0x000001cc1071a3e8: ;   {metadata('jdk/internal/loader/URLClassPath$JarLoader$2')}
  0x000001cc1071a3e8: 0000 81f9 | 0825 2100 | 0f85 a817 | 0000 488b | df44 8b5b | 2066 6690 

  0x000001cc1071a400: ; implicit exception: dispatches to 0x000001cc1071f2b8
  0x000001cc1071a400: 458b 5b18 | 8b6b 1c45 | 85db 0f84 | bb37 0000 | 894c 2444 | 4489 5424 | 404c 894c | 2428 4c89 
  0x000001cc1071a420: 4424 2048 | 897c 2430 | 498b d34c | 8bc5 488b | eb66 6690 

  0x000001cc1071a434: ;   {optimized virtual_call}
  0x000001cc1071a434: c5f8 77e8 

  0x000001cc1071a438: ; ImmutableOopMap {rbp=Oop [32]=Oop [40]=Oop [48]=Oop [64]=NarrowOop [72]=Oop [112]=Oop [120]=NarrowOop [124]=NarrowOop }
                      ;*invokevirtual getInputStream {reexecute=0 rethrow=0 return_oop=1}
                      ; - jdk.internal.loader.URLClassPath$JarLoader$2::getInputStream@11 (line 848)
                      ; - jdk.internal.loader.Resource::cachedInputStream@9 (line 77)
                      ; - jdk.internal.loader.Resource::getByteBuffer@1 (line 163)
                      ; - java.net.URLClassLoader::defineClass@132 (line 511)
                      ; - java.net.URLClassLoader$1::run@43 (line 427)
                      ; - java.net.URLClassLoader$1::run@1 (line 421)
  0x000001cc1071a438: 04b2 c8ff 

  0x000001cc1071a43c: ;   {other}
  0x000001cc1071a43c: 0f1f 8400 | ac16 0008 | 488b d841 | 807f 4000 | 0f85 b71b | 0000 488b | 7c24 304c | 8bd7 4c8b 
  0x000001cc1071a45c: c344 8947 | 0c4c 8bdb | 4d33 da49 | c1eb 144d | 85db 741f | 4885 db74 | 1a49 c1ea | 0948 b900 
  0x000001cc1071a47c: 001d 7acc | 0100 0049 | 03ca 8039 | 020f 85b6 | 1b00 004c | 8b44 2420 | 4c8b 4c24 | 2844 8b54 
  0x000001cc1071a49c: 2440 8b4c | 2444 8b6f | 0c48 8d84 | 24c0 0000 | 0048 8338 | 000f 8479 | 0000 004c | 8b1f 41f6 
  0x000001cc1071a4bc: c302 0f84 | 6200 0000 | 4983 bb86 | 0000 0000 | 7409 49ff | 8b86 0000 | 00eb 4b49 | 8b83 9600 
  0x000001cc1071a4dc: 0000 490b | 838e 0000 | 0075 0a49 | c743 3e00 | 0000 00eb | 3d49 83bb | 9e00 0000 | 0074 2248 
  0x000001cc1071a4fc: 33c0 49c7 | 433e 0000 | 0000 f083 | 0424 0049 | 83bb 9e00 | 0000 0075 | 0df0 4d0f | b17b 3e75 
  0x000001cc1071a51c: 0583 c801 | eb0c a800 | eb08 4c8b | 18f0 4c0f | b11f 750a | 49ff 8f50 | 0500 0045 

  0x000001cc1071a538: ;   {no_reloc}
  0x000001cc1071a538: 33db 660f | 1f44 0000 | 0f85 5f32 | 0000 448b 

  0x000001cc1071a548: ;   {metadata('sun/nio/ByteBuffered')}
  0x000001cc1071a548: 5d08 48b8 | 5034 3618 | cc01 0000 | 48be 0000 | 0018 cc01 | 0000 4903 | f34c 8b5e | 204c 3bd8 
  0x000001cc1071a568: 0f84 5b31 | 0000 448b | f144 8954 | 2450 4c89 | 4c24 304c | 8944 2428 | 4889 7c24 | 4048 33ff 
  0x000001cc1071a588: 4c8b 9ea0 | 0000 0049 | 8bd3 48c1 | e230 0f89 | 2100 0000 | f348 0fb8 | d248 8b5e | 2848 3b04 
  0x000001cc1071a5a8: d374 1549 | 0fba e310 | 730b 49c1 

  0x000001cc1071a5b4: ;   {runtime_call StubRoutines (compiler stubs)}
  0x000001cc1071a5b4: cb0f e89c | c14f ffeb | 0348 ffc7 | 4885 ff0f | 84fb 3000 

  0x000001cc1071a5c8: ;   {metadata('jdk/internal/loader/URLClassPath$JarLoader$2')}
  0x000001cc1071a5c8: 0041 81fe | 0825 2100 | 0f85 c60d | 0000 488b | 5424 4048 | 8bea 6690 

  0x000001cc1071a5e0: ;   {optimized virtual_call}
  0x000001cc1071a5e0: c5f8 77e8 

  0x000001cc1071a5e4: ; ImmutableOopMap {rbp=Oop [40]=Oop [48]=Oop [64]=Oop [72]=Oop [80]=NarrowOop [120]=NarrowOop [124]=NarrowOop }
                      ;*invokevirtual getBytes {reexecute=0 rethrow=0 return_oop=1}
                      ; - java.net.URLClassLoader::defineClass@179 (line 519)
                      ; - java.net.URLClassLoader$1::run@43 (line 427)
                      ; - java.net.URLClassLoader$1::run@1 (line 421)
  0x000001cc1071a5e4: f803 eeff 

  0x000001cc1071a5e8: ;   {other}
  0x000001cc1071a5e8: 0f1f 8400 | 5818 0009 | 4889 8424 | 8000 0000 

  0x000001cc1071a5f8: ;   {oop(""{0x00000000c0744910})}
  0x000001cc1071a5f8: 49b9 1049 | 74c0 0000 | 0000 48b9 | 0000 1d7a | cc01 0000 | 4c8b 5c24 | 4045 8b53 | 0866 6666 
  0x000001cc1071a618: 0f1f 8400 | 0000 0000 

  0x000001cc1071a620: ;   {metadata('jdk/internal/loader/URLClassPath$JarLoader$2')}
  0x000001cc1071a620: 4181 fa08 | 2521 000f | 855c 1500 | 004d 8bd3 | 418b 6a1c 

  0x000001cc1071a634: ; implicit exception: dispatches to 0x000001cc1071f0f4
  0x000001cc1071a634: 448b 5508 | 0f1f 8400 | 0000 0000 

  0x000001cc1071a640: ;   {metadata('java/util/jar/JarFile$JarFileEntry')}
  0x000001cc1071a640: 4181 faa8 | 3331 000f | 85af 3200 | 0048 8bdd | 8b6b 6444 | 0fb6 4512 | 443b 6530 | 750b 6690 
  0x000001cc1071a660: 4585 c00f | 85fc 0a00 | 0044 8b53 | 5c45 85d2 | 0f85 6222 | 0000 448b | 5364 418b | 6a30 6690 
  0x000001cc1071a680: 85ed 0f85 | 9d21 0000 | 4533 d249 | 8b9f b801 | 0000 4c8b | c349 83c0 | 280f 1f80 | 0000 0000 
  0x000001cc1071a6a0: 4d3b 87c8 | 0100 000f | 8343 2500 | 004d 8987 | b801 0000 | 410f 0d88 | c000 0000 | 48c7 0301 
  0x000001cc1071a6c0: ;   {metadata('java/security/CodeSource')}
  0x000001cc1071a6c0: 0000 00c7 | 4308 285c | 0000 4489 | 630c 4c89 | 6310 4c89 | 6318 4c89 | 6320 448b | 4424 5044 
  0x000001cc1071a6e0: 8943 0c45 | 85c0 0f84 | a536 0000 | 488b eb4c | 8954 2458 | 4889 4c24 | 504c 894c | 2420 4c89 
  0x000001cc1071a700: 5c24 4049 | 8bd0 6690 

  0x000001cc1071a708: ;   {static_call}
  0x000001cc1071a708: c5f8 77e8 

  0x000001cc1071a70c: ; ImmutableOopMap {rbp=Oop [32]=Oop [40]=Oop [48]=Oop [64]=Oop [72]=Oop [88]=Oop [120]=NarrowOop [124]=NarrowOop [128]=Oop }
                      ;*invokestatic urlNoFragString {reexecute=0 rethrow=0 return_oop=1}
                      ; - java.security.CodeSource::<init>@30 (line 123)
                      ; - java.net.URLClassLoader::defineClass@198 (line 522)
                      ; - java.net.URLClassLoader$1::run@43 (line 427)
                      ; - java.net.URLClassLoader$1::run@1 (line 421)
  0x000001cc1071a70c: 901f f1ff 

  0x000001cc1071a710: ;   {other}
  0x000001cc1071a710: 0f1f 8400 | 8019 000a | 488b d80f | 1f44 0000 | 4180 7f40 | 000f 8570 | 1700 004c | 8bd3 4489 
  0x000001cc1071a730: 5520 4c8b | d34c 8bdd | 4d33 d349 | c1ea 1490 | 4d85 d274 | 2448 85db | 741f 49c1 | eb09 48b9 
  0x000001cc1071a750: 0000 1d7a | cc01 0000 | 4903 cb0f | 1f44 0000 | 8039 020f | 8566 1700 | 004c 8b44 | 2458 4d85 
  0x000001cc1071a770: c00f 8579 | 1e00 0048 | 896c 2460 | c5f8 7749 | bac0 e437 | fbfe 7f00 | 0041 ffd2 

  0x000001cc1071a78c: ;   {other}
  0x000001cc1071a78c: 0f1f 8400 | 0000 0000 | 482b 4424 | 3848 8944 

  0x000001cc1071a79c: ;   {oop(a 'jdk/internal/perf/PerfCounter'{0x00000000c09dbec0})}
  0x000001cc1071a79c: 2438 49bb | c0be 9dc0 | 0000 0000 | 488d 9c24 | c000 0000 | 498b 03a8 | 020f 8523 | 0000 0048 
  0x000001cc1071a7bc: 83c8 0148 | 8903 f049 | 0fb1 1b0f | 8437 0000 | 0048 2bc4 | 4825 07f0 | ffff 4889 | 03e9 2400 
  0x000001cc1071a7dc: 0000 4c8b | d048 33c0 | f04d 0fb1 | 7a3e 48c7 | 0303 0000 | 0074 114c | 3bf8 7515 | 49ff 8286 
  0x000001cc1071a7fc: 0000 0048 | 33c0 7509 | 49ff 8750 | 0500 0033 | c00f 85e9 

  0x000001cc1071a810: ;   {oop(a 'jdk/internal/perf/PerfCounter'{0x00000000c09dbec0})}
  0x000001cc1071a810: 2f00 0049 | bac0 be9d | c000 0000 | 0045 8b42 | 1041 8b68 | 2485 ed0f | 8597 3500 | 0041 8b68 
  0x000001cc1071a830: 1c85 ed0f | 8cec 2f00 | 000f 1f80 | 0000 0000 | 85ed 0f84 | ac2e 0000 | 4d8b 5010 | 4c8b 5c24 
  0x000001cc1071a850: 384d 011a 

  0x000001cc1071a854: ;   {oop(a 'jdk/internal/perf/PerfCounter'{0x00000000c09dbec0})}
  0x000001cc1071a854: 49bb c0be | 9dc0 0000 | 0000 488d | 8424 c000 | 0000 4883 | 3800 0f84 | 7900 0000 | 4d8b 1341 
  0x000001cc1071a874: f6c2 020f | 8462 0000 | 0049 83ba | 8600 0000 | 0074 0949 | ff8a 8600 | 0000 eb4b | 498b 8296 
  0x000001cc1071a894: 0000 0049 | 0b82 8e00 | 0000 750a | 49c7 423e | 0000 0000 | eb3d 4983 | ba9e 0000 | 0000 7422 
  0x000001cc1071a8b4: 4833 c049 | c742 3e00 | 0000 00f0 | 8304 2400 | 4983 ba9e | 0000 0000 | 750d f04d | 0fb1 7a3e 
  0x000001cc1071a8d4: 7505 83c8 | 01eb 0ca8 | 00eb 084c | 8b10 f04d | 0fb1 1375 | 0a49 ff8f | 5005 0000 | 4533 d20f 
  0x000001cc1071a8f4: 855b 2f00 | 004c 8b8c | 2480 0000 | 0045 8b41 | 0c49 8b8f | b801 0000 | 4c8b d149 | 83c2 1066 
  0x000001cc1071a914: 0f1f 8400 | 0000 0000 | 6666 6690 | 4d3b 97c8 | 0100 000f | 834e 2300 | 004d 8997 | b801 0000 
  0x000001cc1071a934: 410f 0d8a | c000 0000 | 48c7 0101 

  0x000001cc1071a940: ;   {metadata('java/security/SecureClassLoader$CodeSourceKey')}
  0x000001cc1071a940: 0000 00c7 | 4108 b8b4 | 1100 4489 | 610c 4c8b | 5424 604d | 8bda 4489 | 590c 498b | bfb8 0100 
  0x000001cc1071a960: 008b 5c24 | 788b 6b50 | 4c8b d749 | 83c2 104d | 3b97 c801 | 0000 0f83 | ba22 0000 | 4d89 97b8 
  0x000001cc1071a980: 0100 0041 | 0f0d 8ac0 | 0000 0048 | c707 0100 

  0x000001cc1071a990: ;   {metadata('java/security/SecureClassLoader$1')}
  0x000001cc1071a990: 0000 c747 | 0850 ba11 | 0044 8967 | 0c89 5f0c 

  0x000001cc1071a9a0: ; implicit exception: dispatches to 0x000001cc1071f054
  0x000001cc1071a9a0: 448b 5d08 

  0x000001cc1071a9a4: ;   {metadata('java/util/concurrent/ConcurrentHashMap')}
  0x000001cc1071a9a4: 4181 fb80 | 2706 000f | 85d5 2e00 | 0044 8944 | 2458 4c89 | 4c24 3889 | 5c24 6048 | 8bd5 4c8b 
  0x000001cc1071a9c4: c14c 8bcf 

  0x000001cc1071a9c8: ;   {optimized virtual_call}
  0x000001cc1071a9c8: c5f8 77e8 

  0x000001cc1071a9cc: ; ImmutableOopMap {[32]=Oop [40]=Oop [48]=Oop [56]=Oop [64]=Oop [72]=Oop [96]=NarrowOop [124]=NarrowOop }
                      ;*invokeinterface computeIfAbsent {reexecute=0 rethrow=0 return_oop=1}
                      ; - java.security.SecureClassLoader::getProtectionDomain@28 (line 222)
                      ; - java.security.SecureClassLoader::defineClass@9 (line 150)
                      ; - java.net.URLClassLoader::defineClass@220 (line 524)
                      ; - java.net.URLClassLoader$1::run@43 (line 427)
                      ; - java.net.URLClassLoader$1::run@1 (line 421)
  0x000001cc1071a9cc: 3082 2800 

  0x000001cc1071a9d0: ;   {other}
  0x000001cc1071a9d0: 0f1f 8400 | 401c 000b 

  0x000001cc1071a9d8: ; implicit exception: dispatches to 0x000001cc1071f074
  0x000001cc1071a9d8: 448b 5008 | 0f1f 4000 

  0x000001cc1071a9e0: ;   {metadata('java/security/ProtectionDomain')}
  0x000001cc1071a9e0: 4181 fae8 | 5800 000f | 851b 4500 | 0044 8b4c | 247c 418b | 7114 448b | 460c 4c8b | d866 6690 
  0x000001cc1071aa00: 4585 c00f | 86bf 2e00 | 0041 0fbe | 4910 85c9 | 0f85 4232 | 0000 c442 | 72f7 e845 | 3be8 458b 
  0x000001cc1071aa20: d545 0f4f | d048 8bce | 4c8d 7610 | 4585 d20f | 8ed4 0000 | 0045 3bc2 | 0f82 ee2e | 0000 498b 
  0x000001cc1071aa40: fe41 8bd2 | b82f 0000 | 0048 8bdf | 83fa 100f | 8c79 0000 | 0083 fa20 | 0f8c 3600 | 0000 c5f9 
  0x000001cc1071aa60: 6ec0 c4e2 | 7d78 c0c5 | f5ef c98b | ca83 e1e0 | 83e2 1fc5 | fe6f 13c5 | ed74 d0c4 | e27d 17ca 
  0x000001cc1071aa80: 0f83 6900 | 0000 4883 | c320 83e9 | 2075 e4e9 | 0d00 0000 | c5f9 6ec0 | c5f1 efc9 | c4e2 7900 
  0x000001cc1071aaa0: c183 fa10 | 0f8c 2400 | 0000 8bca | 83e1 f083 | e20f c5fa | 6f13 c5e9 | 74d0 c4e2 | 7917 ca0f 
  0x000001cc1071aac0: 832a 0000 | 0048 83c3 | 1083 e910 | 75e4 85d2 | 0f84 1200 | 0000 0fb6 | 0b3b c174 

  0x000001cc1071aadc: ;   {no_reloc}
  0x000001cc1071aadc: 1c48 83c3 | 0183 ea01 | 7402 ebee | bbff ffff | ffeb 0dc5 | fdd7 ca0f | bcc1 4803 | d848 2bdf 
  0x000001cc1071aafc: 0f1f 4000 | 83fb ff0f | 85d7 3100 | 0041 0fb6 | 2e83 fd5b | 0f84 de32 | 0000 4183 | c5fb 660f 
  0x000001cc1071ab1c: 1f44 0000 | 4585 ed0f | 8c5f 0000 | 0045 0fbe | 1641 83fa | 6a0f 8551 | 0000 0066 | 0f1f 8400 
  0x000001cc1071ab3c: 0000 0000 | 4183 f804 | 0f86 ad36 | 0000 807e | 1161 7538 | 807e 1276 | 7532 807e | 1361 752c 
  0x000001cc1071ab5c: 0f1f 4000 | 807e 142e | 7522 ba37 | 0100 004c | 8b54 2438 | 4c89 5424 | 3066 6690 

  0x000001cc1071ab78: ;   {runtime_call UncommonTrapBlob}
  0x000001cc1071ab78: c5f8 77e8 

  0x000001cc1071ab7c: ; ImmutableOopMap {[48]=Oop [64]=Oop [72]=Oop [96]=NarrowOop [124]=NarrowOop }
                      ;*new {reexecute=0 rethrow=0 return_oop=0}
                      ; - java.lang.ClassLoader::preDefineClass@56 (line 908)
                      ; - java.lang.ClassLoader::defineClass@4 (line 1025)
                      ; - java.security.SecureClassLoader::defineClass@12 (line 150)
                      ; - java.net.URLClassLoader::defineClass@220 (line 524)
                      ; - java.net.URLClassLoader$1::run@43 (line 427)
                      ; - java.net.URLClassLoader$1::run@1 (line 421)
  0x000001cc1071ab7c: 0098 4dff 

  0x000001cc1071ab80: ;   {other}
  0x000001cc1071ab80: 0f1f 8400 | f01d 000c | 458b 4310 | 498b eb4d | 8bc8 488b | 5424 284c | 8b44 2430 

  0x000001cc1071ab9c: ;   {optimized virtual_call}
  0x000001cc1071ab9c: c5f8 77e8 

  0x000001cc1071aba0: ; ImmutableOopMap {rbp=Oop [32]=Oop [40]=Oop [48]=Oop [56]=Oop [64]=Oop [72]=Oop [96]=NarrowOop [124]=NarrowOop }
                      ;*invokevirtual checkCerts {reexecute=0 rethrow=0 return_oop=0}
                      ; - java.lang.ClassLoader::preDefineClass@113 (line 917)
                      ; - java.lang.ClassLoader::defineClass@4 (line 1025)
                      ; - java.security.SecureClassLoader::defineClass@12 (line 150)
                      ; - java.net.URLClassLoader::defineClass@220 (line 524)
                      ; - java.net.URLClassLoader$1::run@43 (line 427)
                      ; - java.net.URLClassLoader$1::run@1 (line 421)
  0x000001cc1071aba0: 9c9d f1ff 

  0x000001cc1071aba4: ;   {other}
  0x000001cc1071aba4: 0f1f 8400 | 141e 000d | 4c8b dd45 | 8b43 1041 | 8b68 0c85 | ed0f 842a | 2000 0044 | 8b55 3845 
  0x000001cc1071abc4: 85d2 0f84 | 582b 0000 | 4c89 5c24 | 6849 8bd2 | 4c8b c590 

  0x000001cc1071abd8: ;   {optimized virtual_call}
  0x000001cc1071abd8: c5f8 77e8 

  0x000001cc1071abdc: ; ImmutableOopMap {[32]=Oop [40]=Oop [48]=Oop [56]=Oop [64]=Oop [72]=Oop [96]=NarrowOop [104]=Oop }
                      ;*invokevirtual toExternalForm {reexecute=0 rethrow=0 return_oop=1}
                      ; - java.net.URL::toExternalForm@5 (line 1203)
                      ; - java.net.URL::toString@1 (line 1189)
                      ; - java.lang.ClassLoader::defineClassSourceLocation@22 (line 927)
                      ; - java.lang.ClassLoader::defineClass@12 (line 1026)
                      ; - java.security.SecureClassLoader::defineClass@12 (line 150)
                      ; - java.net.URLClassLoader::defineClass@220 (line 524)
                      ; - java.net.URLClassLoader$1::run@43 (line 427)
                      ; - java.net.URLClassLoader$1::run@1 (line 421)
  0x000001cc1071abdc: 4068 c3ff 

  0x000001cc1071abe0: ;   {other}
  0x000001cc1071abe0: 0f1f 8400 | 501e 000e | 4c8b 5c24 | 684c 895c | 2468 488b | 5424 284c | 8b44 2430 | 4c8b 4c24 
  0x000001cc1071ac00: 3833 ff8b | 7424 5849 | 8bcb 4889 | 0424 6690 

  0x000001cc1071ac10: ;   {static_call}
  0x000001cc1071ac10: c5f8 77e8 

  0x000001cc1071ac14: ; ImmutableOopMap {[32]=Oop [40]=Oop [64]=Oop [72]=Oop [96]=NarrowOop [104]=Oop }
                      ;*invokestatic defineClass1 {reexecute=0 rethrow=0 return_oop=1}
                      ; - java.lang.ClassLoader::defineClass@27 (line 1027)
                      ; - java.security.SecureClassLoader::defineClass@12 (line 150)
                      ; - java.net.URLClassLoader::defineClass@220 (line 524)
                      ; - java.net.URLClassLoader$1::run@43 (line 427)
                      ; - java.net.URLClassLoader$1::run@1 (line 421)
  0x000001cc1071ac14: 4818 a7ff 

  0x000001cc1071ac18: ;   {other}
  0x000001cc1071ac18: 0f1f 8400 | 881e 000f | 488b d844 | 8b50 3c45 | 85d2 0f85 | 6003 0000 | 4c8b 5010 

  0x000001cc1071ac34: ; implicit exception: dispatches to 0x000001cc1071f378
  0x000001cc1071ac34: 458b 4208 | 0f1f 8400 | 0000 0000 | 4585 c00f | 8c77 3400 | 0044 8b58 | 2c45 85db | 0f84 c704 
  0x000001cc1071ac54: 0000 498b | c38b 4814 | 0f1f 4000 

  0x000001cc1071ac60: ; implicit exception: dispatches to 0x000001cc1071f3c0
  0x000001cc1071ac60: 448b 410c | 0fbe 7810 | c442 42f7 | c845 8bd1 | 41ff ca85 | ff0f 85b5 | 3500 004c | 8bd9 4c89 
  0x000001cc1071ac80: 9c24 a800 | 0000 458b | d841 ffcb | 453b da45 | 0f4f da45 | 85db 7c2d | 0f1f 8400 | 0000 0000 
  0x000001cc1071aca0: 453b d80f | 83e2 2300 | 0042 807c | 1910 2e74 | 1a49 8b97 | 5804 0000 

  0x000001cc1071acb8: ; ImmutableOopMap {rcx=NarrowOop rbx=Oop rax=Oop [32]=Oop [40]=Oop [64]=Oop [72]=Oop [96]=NarrowOop [104]=Oop [168]=Oop }
                      ;*goto {reexecute=1 rethrow=0 return_oop=0}
                      ; - (reexecute) java.lang.StringLatin1::lastIndexOf@35 (line 289)
                      ; - java.lang.String::lastIndexOf@13 (line 2562)
                      ; - java.lang.String::lastIndexOf@8 (line 2524)
                      ; - java.lang.Class::getPackageName@47 (line 1170)
                      ; - java.lang.ClassLoader::postDefineClass@2 (line 934)
                      ; - java.lang.ClassLoader::defineClass@37 (line 1028)
                      ; - java.security.SecureClassLoader::defineClass@12 (line 150)
                      ; - java.net.URLClassLoader::defineClass@220 (line 524)
                      ; - java.net.URLClassLoader$1::run@43 (line 427)
                      ; - java.net.URLClassLoader$1::run@1 (line 421)
                      ;   {poll}
  0x000001cc1071acb8: 41ff cb85 | 0266 6690 | 4585 db7d | db41 bbff | ffff ff41 | 83fb ff0f | 8469 0200 | 0045 85db 
  0x000001cc1071acd8: 0f8c c735 | 0000 6690 | 453b d90f | 8f7f 3600 | 0045 3bd9 | 0f84 6104 | 0000 4585 | db0f 84b5 
  0x000001cc1071acf8: 1200 0049 | 8bb7 b801 | 0000 4c8b | d649 83c2 | 184d 3b97 | c801 0000 | 0f83 3a21 | 0000 4d89 
  0x000001cc1071ad18: 97b8 0100 | 0041 0f0d | 8ac0 0000 | 0048 c706 | 0100 0000 

  0x000001cc1071ad2c: ;   {metadata('java/lang/String')}
  0x000001cc1071ad2c: c746 0878 | e800 0044 | 8966 0c4c | 8966 104c | 8d51 1090 | 453b d80f | 859c 0000 | 004d 63c8 
  0x000001cc1071ad4c: 4181 f800 | 0010 000f | 8711 2200 | 0049 8bbf | b801 0000 | 4d8d 5917 | 4983 e3f8 | 488b d749 
  0x000001cc1071ad6c: 03d3 493b | 97c8 0100 | 000f 83ef | 2100 0049 | 8997 b801 | 0000 0f0d | 8ac0 0000 | 0048 c707 
  0x000001cc1071ad8c: 0100 0000 | 0f0d 8a00 

  0x000001cc1071ad94: ;   {metadata({type array byte})}
  0x000001cc1071ad94: 0100 00c7 | 4708 1823 | 0000 4489 | 470c 0f0d | 8a40 0100 | 000f 0d8a | 8001 0000 | 488b d748 
  0x000001cc1071adb4: 83c2 1049 | 83c1 0749 | c1e9 0349 | 8bca 4d8b | c1c5 f877 | 49ba 604b | bd0f cc01 | 0000 41ff 
  0x000001cc1071add4: ;   {other}
  0x000001cc1071add4: d20f 1f84 | 0000 0000 | 004c 8bef | e9ea 0000 | 0041 81fb | 0000 1000 | 0f87 0235 | 0000 4d63 
  0x000001cc1071adf4: cb45 3bc3 | 418b e841 | 0f4f eb90 | 443b c50f | 82b3 3500 | 0044 3bdd | 0f82 aa35 | 0000 4983 
  0x000001cc1071ae14: c117 498b | f948 83e7 | f866 6690 | 4181 fb00 | 0010 000f | 87a3 2000 | 004d 8baf | b801 0000 
  0x000001cc1071ae34: 4d8b c54c | 03c7 660f | 1f44 0000 | 4d3b 87c8 | 0100 000f | 8383 2000 | 004d 8987 | b801 0000 
  0x000001cc1071ae54: 410f 0d88 | c000 0000 | 49c7 4500 | 0100 0000 | 410f 0d88 | 0001 0000 

  0x000001cc1071ae6c: ;   {metadata({type array byte})}
  0x000001cc1071ae6c: 41c7 4508 | 1823 0000 | 4589 5d0c | 410f 0d88 | 4001 0000 | 410f 0d88 | 8001 0000 | 498b d548 
  0x000001cc1071ae8c: 83c2 1049 | c1e9 0385 | ed0f 8461 | 3400 000f | 1f44 0000 | 413b eb0f | 8cdc 1800 | 0048 83c7 
  0x000001cc1071aeac: f048 c1ef | 0349 8bca | 4c8b c7c5 | f877 49ba | 604b bd0f | cc01 0000 

  0x000001cc1071aec4: ;   {other}
  0x000001cc1071aec4: 41ff d20f | 1f84 0000 | 0000 0041 | 807f 4000 | 0f85 2318 | 0000 4c8b | d64d 8bdd | 4489 5e14 
  0x000001cc1071aee4: 4d8b dd4d | 33da 49c1 | eb14 4d85 | db74 1a49 | c1ea 0948 | b900 001d | 7acc 0100 | 0049 03ca 
  0x000001cc1071af04: 8039 020f | 8523 1800 | 0044 8866 | 1048 8bd6 | 4889 5c24 | 3048 8b6c | 2428 4889 | 5c24 2090 
  0x000001cc1071af24: ;   {optimized virtual_call}
  0x000001cc1071af24: c5f8 77e8 

  0x000001cc1071af28: ; ImmutableOopMap {rbp=Oop [32]=Oop [40]=Oop [48]=Oop [64]=Oop [72]=Oop [96]=NarrowOop [104]=Oop }
                      ;*invokevirtual intern {reexecute=0 rethrow=0 return_oop=1}
                      ; - java.lang.Class::getPackageName@65 (line 1171)
                      ; - java.lang.ClassLoader::postDefineClass@2 (line 934)
                      ; - java.lang.ClassLoader::defineClass@37 (line 1028)
                      ; - java.security.SecureClassLoader::defineClass@12 (line 150)
                      ; - java.net.URLClassLoader::defineClass@220 (line 524)
                      ; - java.net.URLClassLoader$1::run@43 (line 427)
                      ; - java.net.URLClassLoader$1::run@1 (line 421)
  0x000001cc1071af28: 34db a3ff 

  0x000001cc1071af2c: ;   {other}
  0x000001cc1071af2c: 0f1f 8400 | 9c21 0011 | 4889 4424 | 2048 8b5c | 2430 6690 | 4180 7f40 | 000f 851a | 1600 004c 
  0x000001cc1071af4c: 8bd3 488b | 7c24 204c | 8bdf 4489 | 5b3c 4c8b | df4d 33da | 49c1 eb14 | 4d85 db74 | 2048 85ff 
  0x000001cc1071af6c: 741b 49c1 | ea09 48b9 | 0000 1d7a | cc01 0000 | 4903 ca90 | 8039 020f | 8516 1600 | 004c 8b44 
  0x000001cc1071af8c: 2420 eb03 | 4d8b c244 | 8b5b 3048 | 895c 2430 | 4d8b cb48 | 8b54 2428 

  0x000001cc1071afa4: ;   {optimized virtual_call}
  0x000001cc1071afa4: c5f8 77e8 

  0x000001cc1071afa8: ; ImmutableOopMap {[40]=Oop [48]=Oop [64]=Oop [72]=Oop [96]=NarrowOop [104]=Oop }
                      ;*invokevirtual getNamedPackage {reexecute=0 rethrow=0 return_oop=1}
                      ; - java.lang.ClassLoader::postDefineClass@9 (line 934)
                      ; - java.lang.ClassLoader::defineClass@37 (line 1028)
                      ; - java.security.SecureClassLoader::defineClass@12 (line 150)
                      ; - java.net.URLClassLoader::defineClass@220 (line 524)
                      ; - java.net.URLClassLoader$1::run@43 (line 427)
                      ; - java.net.URLClassLoader$1::run@1 (line 421)
  0x000001cc1071afa8: 34a7 c6ff 

  0x000001cc1071afac: ;   {other}
  0x000001cc1071afac: 0f1f 8400 | 1c22 0012 | 4c8b 5424 | 6845 8b5a | 1066 6690 

  0x000001cc1071afc0: ; implicit exception: dispatches to 0x000001cc1071f31c
  0x000001cc1071afc0: 458b 4314 | 4585 c00f | 85ca 1000 | 0045 8b43 | 1045 85c0 | 0f85 6411 | 0000 488b | 4424 3090 
  0x000001cc1071afe0: eb02 33c0 | c5f8 7748 | 81c4 e000 

  0x000001cc1071afec: ;   {poll_return}
  0x000001cc1071afec: 0000 5d49 | 3ba7 5004 | 0000 0f87 | b752 0000 | c343 c644 | 0515 7343 | c644 0514 | 7343 c644 
  0x000001cc1071b00c: 0513 6143 | c644 0512 | 6c43 c644 | 0511 6343 | c644 0510 | 2ee9 dbeb | ffff 41bb | 2f00 0000 
  0x000001cc1071b02c: e939 e9ff | ff49 8b87 | b801 0000 | 4c8b d049 | 83c2 1890 | 4d3b 97c8 | 0100 000f | 83ec 1e00 
  0x000001cc1071b04c: 004d 8997 | b801 0000 | 410f 0d8a | c000 0000 | 48c7 0001 

  0x000001cc1071b060: ;   {metadata('java/lang/String')}
  0x000001cc1071b060: 0000 00c7 | 4008 78e8 | 0000 4489 | 600c 4489 

  0x000001cc1071b070: ;   {oop([B{0x00000000c09d8d80})}
  0x000001cc1071b070: 6010 c740 | 1480 8d9d 

  0x000001cc1071b078: ;   {oop(".class"{0x00000000c09d8d68})}
  0x000001cc1071b078: c049 ba68 | 8d9d c000 | 0000 0045 | 8b5a 0c44 | 8958 0c45 | 0fb6 5a11 | 4488 5811 | 4c8b c0e9 
  0x000001cc1071b098: feeb ffff | 41b8 2f00 | 0000 e9c8 | e9ff ff4c | 898c 24a0 | 0000 00e9 | 1bf0 ffff | 448b dd4d 
  0x000001cc1071b0b8: ;   {metadata('java/lang/IllegalArgumentException')}
  0x000001cc1071b0b8: 8bc3 48bd | c09a 0618 | cc01 0000 | 4c8b 5424 | 584d 85d2 | 0f84 ed0e | 0000 4c89 | 4424 584c 
  0x000001cc1071b0d8: 8954 2420 | 488b 5424 | 284c 8b84 | 24a0 0000 | 004d 8bca | 488b 7c24 | 5866 6690 

  0x000001cc1071b0f4: ;   {optimized virtual_call}
  0x000001cc1071b0f4: c5f8 77e8 

  0x000001cc1071b0f8: ; ImmutableOopMap {[32]=Oop [40]=Oop [48]=Oop [64]=Oop [72]=Oop [80]=NarrowOop [88]=Oop [112]=Oop [120]=NarrowOop [124]=NarrowOop [160]=Oop }
                      ;*invokevirtual definePackage {reexecute=0 rethrow=0 return_oop=1}
                      ; - java.net.URLClassLoader::defineClass@64 (line 495)
                      ; - java.net.URLClassLoader$1::run@43 (line 427)
                      ; - java.net.URLClassLoader$1::run@1 (line 421)
  0x000001cc1071b0f8: 24af 3df8 

  0x000001cc1071b0fc: ;   {other}
  0x000001cc1071b0fc: 0f1f 8400 | 6c23 0013 | 488b 7c24 | 304c 8b44 | 2428 4c8b | 4c24 4044 | 8b54 2450 | e94b f2ff 
  0x000001cc1071b11c: ff48 8944 | 2430 488b | d048 8b6c | 2428 6690 

  0x000001cc1071b12c: ;   {optimized virtual_call}
  0x000001cc1071b12c: c5f8 77e8 

  0x000001cc1071b130: ; ImmutableOopMap {rbp=Oop [32]=Oop [40]=Oop [48]=Oop [64]=Oop [72]=Oop [96]=NarrowOop [104]=Oop }
                      ;*invokevirtual initClassName {reexecute=0 rethrow=0 return_oop=1}
                      ; - java.lang.Class::getName@14 (line 950)
                      ; - java.lang.Class::getPackageName@40 (line 1169)
                      ; - java.lang.ClassLoader::postDefineClass@2 (line 934)
                      ; - java.lang.ClassLoader::defineClass@37 (line 1028)
                      ; - java.security.SecureClassLoader::defineClass@12 (line 150)
                      ; - java.net.URLClassLoader::defineClass@220 (line 524)
                      ; - java.net.URLClassLoader$1::run@43 (line 427)
                      ; - java.net.URLClassLoader$1::run@1 (line 421)
  0x000001cc1071b130: ac4b a5ff 

  0x000001cc1071b134: ;   {other}
  0x000001cc1071b134: 0f1f 8400 | a423 0014 | 0f1f 4000 | 4885 c00f | 847c 3400 | 0048 8b5c | 2430 e906 | fbff ff48 
  0x000001cc1071b154: 8bf0 e9b6 | fdff ff33 | ed66 6690 | e951 e6ff | ff48 895c | 2460 4889 | 4c24 584c | 894c 2420 
  0x000001cc1071b174: 4c8b d54c | 8954 2468 | 498b d241 | b801 0000 | 0066 6690 

  0x000001cc1071b188: ;   {optimized virtual_call}
  0x000001cc1071b188: c5f8 77e8 

  0x000001cc1071b18c: ; ImmutableOopMap {rbp=NarrowOop [32]=Oop [40]=Oop [48]=Oop [64]=Oop [72]=Oop [80]=NarrowOop [96]=Oop [104]=Oop [120]=NarrowOop [124]=NarrowOop [128]=Oop }
                      ;*invokevirtual getManifestName {reexecute=0 rethrow=0 return_oop=1}
                      ; - java.util.zip.ZipFile$1::getManifestName@2 (line 1129)
                      ; - java.util.jar.JarFile::maybeInstantiateVerifier@20 (line 722)
                      ; - java.util.jar.JarFile$JarFileEntry::getCodeSigners@4 (line 670)
                      ; - jdk.internal.loader.URLClassPath$JarLoader$2::getCodeSigners@4 (line 858)
                      ; - java.net.URLClassLoader::defineClass@185 (line 521)
                      ; - java.net.URLClassLoader$1::run@43 (line 427)
                      ; - java.net.URLClassLoader$1::run@1 (line 421)
  0x000001cc1071b18c: f038 4dff 

  0x000001cc1071b190: ;   {other}
  0x000001cc1071b190: 0f1f 8400 | 0024 0015 | 0f1f 8400 | 0000 0000 | 4885 c00f | 85dc 1800 | 0044 8865 | 124c 8b5c 
  0x000001cc1071b1b0: 2440 4c8b | 4c24 2048 | 8b4c 2458 | 488b 5c24 | 60e9 a3f4 | ffff 4889 | b424 8000 | 0000 4c89 
  0x000001cc1071b1d0: 5c24 6844 | 8954 2460 | 4c89 4c24 | 584c 8944 | 2430 448b | 5c24 7c44 | 895c 2454 | 448b 5424 
  0x000001cc1071b1f0: 7844 8954 | 2450 4889 | 5424 2848 | 897c 2440 | 4c8b 5424 | 704c 8954 | 2420 488b | d641 b801 
  0x000001cc1071b210: 0000 0090 

  0x000001cc1071b214: ;   {optimized virtual_call}
  0x000001cc1071b214: c5f8 77e8 

  0x000001cc1071b218: ; ImmutableOopMap {rbp=NarrowOop [32]=Oop [48]=Oop [64]=Oop [72]=Oop [80]=NarrowOop [84]=NarrowOop [88]=Oop [96]=NarrowOop [104]=Oop [128]=Oop [160]=Oop }
                      ;*invokevirtual getManifestName {reexecute=0 rethrow=0 return_oop=1}
                      ; - java.util.zip.ZipFile$1::getManifestName@2 (line 1129)
                      ; - java.util.jar.JarFile::maybeInstantiateVerifier@20 (line 722)
                      ; - java.util.jar.JarFile::ensureInitialization@1 (line 1064)
                      ; - java.util.jar.JavaUtilJarAccessImpl::ensureInitialization@1 (line 42)
                      ; - jdk.internal.loader.URLClassPath$JarLoader$2::getManifest@10 (line 852)
                      ; - java.net.URLClassLoader::defineClass@34 (line 491)
                      ; - java.net.URLClassLoader$1::run@43 (line 427)
                      ; - java.net.URLClassLoader$1::run@1 (line 421)
  0x000001cc1071b218: e44b 12f8 

  0x000001cc1071b21c: ;   {other}
  0x000001cc1071b21c: 0f1f 8400 | 8c24 0016 | 4885 c00f | 8598 1800 | 0044 8865 | 124c 8b54 | 2420 4c89 | 5424 7048 
  0x000001cc1071b23c: 8b7c 2440 | 488b 5424 | 2844 8b5c | 2450 4489 | 5c24 7844 | 8b54 2454 | 4489 5424 | 7c4c 8b44 
  0x000001cc1071b25c: 2430 4c8b | 4c24 5844 | 8b54 2460 | 4c8b 5c24 | 6848 8bb4 | 2480 0000 | 00e9 2eef | ffff 478d 
  0x000001cc1071b27c: 041b 6690 | 4585 c00f | 8c2f 3500 | 0041 3bf8 | 0f82 2635 | 0000 498b | f148 8bfa | 418b d38b 
  0x000001cc1071b29c: ca83 e10f | 83e2 f074 | 1c48 8d34 | 1648 8d3c | 5748 f7da | c4e2 7d30 | 0416 c5fe | 7f04 5748 
  0x000001cc1071b2bc: 83c2 1075 | ef8b d183 | e107 83e2 | f874 27c4 | e279 3006 | c5fa 7f07 | 4883 c608 | 4883 c710 
  0x000001cc1071b2dc: e911 0000 | 00c4 e279 | 3004 16c5 | fa7f 0457 | 4883 c208 | 75ef 8bd1 | 83fa 047c | 19c5 f96e 
  0x000001cc1071b2fc: 06c4 e279 | 30c0 c5f9 | d607 4883 | ea04 4883 | c604 4883 | c708 85d2 | 7418 488d 

  0x000001cc1071b318: ;   {no_reloc}
  0x000001cc1071b318: 3416 488d | 3c57 48f7 | da0f b60c | 1666 890c | 5748 ffc2 | 75f3 e919 | e9ff ff66 | 0f1f 8400 
  0x000001cc1071b338: 0000 0000 | 6666 6690 

  0x000001cc1071b340: ;   {metadata('jdk/internal/loader/URLClassPath$FileLoader$1')}
  0x000001cc1071b340: 4181 fa98 | 0b59 010f | 855b 3500 | 0048 8bf7 | 448b 561c 

  0x000001cc1071b354: ; implicit exception: dispatches to 0x000001cc1071f420
  0x000001cc1071b354: 458b 520c | e95b eaff | ff66 6690 

  0x000001cc1071b360: ;   {metadata('jdk/internal/loader/URLClassPath$FileLoader$1')}
  0x000001cc1071b360: 4181 fb98 | 0b59 010f | 856f 3500 | 0033 c048 | 8954 2420 | e93b efff | ff0f 1f80 | 0000 0000 
  0x000001cc1071b380: 458b d98b | 4c24 544c | 8b8c 2498 | 0000 0044 | 8b44 2474 | 488b fde9 | 0c05 0000 | 0f1f 4000 
  0x000001cc1071b3a0: ;   {metadata('jdk/internal/loader/URLClassPath$FileLoader$1')}
  0x000001cc1071b3a0: 4181 fe98 | 0b59 010f | 8563 3500 | 004c 8b54 | 2440 488d | 9c24 c000 | 0000 498b | 02a8 020f 
  0x000001cc1071b3c0: 8523 0000 | 0048 83c8 | 0148 8903 | f049 0fb1 | 1a0f 8437 | 0000 0048 | 2bc4 4825 | 07f0 ffff 
  0x000001cc1071b3e0: 4889 03e9 | 2400 0000 | 4c8b d848 | 33c0 f04d | 0fb1 7b3e | 48c7 0303 | 0000 0074 | 114c 3bf8 
  0x000001cc1071b400: 7515 49ff | 8386 0000 | 0048 33c0 | 7509 49ff | 8750 0500 | 0033 c00f | 8523 3500 | 0045 8b42 
  0x000001cc1071b420: 0c45 85c0 | 0f85 ff02 | 0000 498b | 87b8 0100 | 004c 8bd8 | 4983 c320 | 0f1f 8400 | 0000 0000 
  0x000001cc1071b440: 4d3b 9fc8 | 0100 000f | 8357 2a00 | 004d 899f | b801 0000 | 410f 0d8b | c000 0000 | 48c7 0001 
  0x000001cc1071b460: ;   {metadata('java/io/FileInputStream')}
  0x000001cc1071b460: 0000 00c7 | 4008 401a | 0100 4489 | 600c 4c89 | 6010 4c89 | 6018 4c8b | c841 8b6a | 1849 8b87 
  0x000001cc1071b480: b801 0000 | 4c8b d849 | 83c3 104d | 3b9f c801 | 0000 0f83 | 362a 0000 | 4d89 9fb8 | 0100 0041 
  0x000001cc1071b4a0: 0f0d 8bc0 | 0000 0048 | c700 0100 

  0x000001cc1071b4ac: ;   {metadata('java/lang/Object')}
  0x000001cc1071b4ac: 0000 c740 | 0890 0e00 | 0044 8960 | 0c4d 8bd9 | 4c8b c045 | 8941 1c4c | 8bc0 4d33 | c349 c1e8 
  0x000001cc1071b4cc: 144d 85c0 | 741a 49c1 | eb09 48b9 | 0000 1d7a | cc01 0000 | 4903 cb80 | 3902 0f85 | 631d 0000 
  0x000001cc1071b4ec: 85ed 0f84 | 5a10 0000 | 448b 4510 | 488b cd4d | 8bd8 4c8b | c14c 895c | 2420 498b | e84c 894c 
  0x000001cc1071b50c: 2460 4c89 | 5424 5890 

  0x000001cc1071b514: ;   {static_call}
  0x000001cc1071b514: c5f8 77e8 

  0x000001cc1071b518: ; ImmutableOopMap {rbp=Oop [32]=Oop [40]=Oop [48]=Oop [64]=Oop [72]=Oop [80]=NarrowOop [88]=Oop [96]=Oop [112]=Oop [120]=NarrowOop [124]=NarrowOop }
                      ;*invokestatic getSecurityManager {reexecute=0 rethrow=0 return_oop=1}
                      ; - java.io.FileInputStream::<init>@28 (line 139)
                      ; - jdk.internal.loader.URLClassPath$FileLoader$1::getInputStream@8 (line 1119)
                      ; - jdk.internal.loader.Resource::cachedInputStream@9 (line 77)
                      ; - jdk.internal.loader.Resource::getBytes@1 (line 89)
                      ; - java.net.URLClassLoader::defineClass@179 (line 519)
                      ; - java.net.URLClassLoader$1::run@43 (line 427)
                      ; - java.net.URLClassLoader$1::run@1 (line 421)
  0x000001cc1071b518: 643b 4dff 

  0x000001cc1071b51c: ;   {other}
  0x000001cc1071b51c: 0f1f 8400 | 8c27 0017 | 4885 c074 | 1b48 8bd0 | 4c8b 4424 | 2066 6690 

  0x000001cc1071b534: ;   {optimized virtual_call}
  0x000001cc1071b534: c5f8 77e8 

  0x000001cc1071b538: ; ImmutableOopMap {rbp=Oop [32]=Oop [40]=Oop [48]=Oop [64]=Oop [72]=Oop [80]=NarrowOop [88]=Oop [96]=Oop [112]=Oop [120]=NarrowOop [124]=NarrowOop }
                      ;*invokevirtual checkRead {reexecute=0 rethrow=0 return_oop=0}
                      ; - java.io.FileInputStream::<init>@38 (line 141)
                      ; - jdk.internal.loader.URLClassPath$FileLoader$1::getInputStream@8 (line 1119)
                      ; - jdk.internal.loader.Resource::cachedInputStream@9 (line 77)
                      ; - jdk.internal.loader.Resource::getBytes@1 (line 89)
                      ; - java.net.URLClassLoader::defineClass@179 (line 519)
                      ; - java.net.URLClassLoader$1::run@43 (line 427)
                      ; - java.net.URLClassLoader$1::run@1 (line 421)
  0x000001cc1071b538: 4435 4dff 

  0x000001cc1071b53c: ;   {other}
  0x000001cc1071b53c: 0f1f 8400 | ac27 0018 | 4c8b 5424 | 204d 85d2 | 0f84 7934 | 0000 4c8b | dd4d 85db | 0f84 b634 
  0x000001cc1071b55c: 0000 498b | ea49 8bd3 

  0x000001cc1071b564: ;   {optimized virtual_call}
  0x000001cc1071b564: c5f8 77e8 

  0x000001cc1071b568: ; ImmutableOopMap {rbp=Oop [40]=Oop [48]=Oop [64]=Oop [72]=Oop [80]=NarrowOop [88]=Oop [96]=Oop [112]=Oop [120]=NarrowOop [124]=NarrowOop }
                      ;*invokevirtual isInvalid {reexecute=0 rethrow=0 return_oop=0}
                      ; - java.io.FileInputStream::<init>@54 (line 146)
                      ; - jdk.internal.loader.URLClassPath$FileLoader$1::getInputStream@8 (line 1119)
                      ; - jdk.internal.loader.Resource::cachedInputStream@9 (line 77)
                      ; - jdk.internal.loader.Resource::getBytes@1 (line 89)
                      ; - java.net.URLClassLoader::defineClass@179 (line 519)
                      ; - java.net.URLClassLoader$1::run@43 (line 427)
                      ; - java.net.URLClassLoader$1::run@1 (line 421)
  0x000001cc1071b568: 1435 4dff 

  0x000001cc1071b56c: ;   {other}
  0x000001cc1071b56c: 0f1f 8400 | dc27 0019 | 85c0 0f85 | e034 0000 | 498b 9fb8 | 0100 004c | 8bd3 4983 | c228 4d3b 
  0x000001cc1071b58c: 97c8 0100 | 000f 836e | 2900 004d | 8997 b801 | 0000 410f | 0d8a c000 | 0000 48c7 | 0301 0000 
  0x000001cc1071b5ac: ;   {metadata('java/io/FileDescriptor')}
  0x000001cc1071b5ac: 00c7 4308 | e824 0100 | 4c89 6318 | 4c89 6320 | c743 0cff | ffff ff48 | c743 10ff | ffff ff41 
  0x000001cc1071b5cc: 807f 4000 | 0f85 c41b | 0000 4c8b | 5424 604d | 8bda 4c8b | cb45 894a | 104c 8bc3 | 4d33 c349 
  0x000001cc1071b5ec: c1e8 144d | 85c0 741a | 49c1 eb09 | 48b9 0000 | 1d7a cc01 | 0000 4903 | cb80 3902 | 0f85 a11c 
  0x000001cc1071b60c: 0000 4c89 | 5424 2048 | 8bd3 4d8b | c266 6690 

  0x000001cc1071b61c: ;   {optimized virtual_call}
  0x000001cc1071b61c: c5f8 77e8 

  0x000001cc1071b620: ; ImmutableOopMap {rbp=Oop [32]=Oop [40]=Oop [48]=Oop [64]=Oop [72]=Oop [80]=NarrowOop [88]=Oop [112]=Oop [120]=NarrowOop [124]=NarrowOop }
                      ;*invokevirtual attach {reexecute=0 rethrow=0 return_oop=0}
                      ; - java.io.FileInputStream::<init>@86 (line 150)
                      ; - jdk.internal.loader.URLClassPath$FileLoader$1::getInputStream@8 (line 1119)
                      ; - jdk.internal.loader.Resource::cachedInputStream@9 (line 77)
                      ; - jdk.internal.loader.Resource::getBytes@1 (line 89)
                      ; - java.net.URLClassLoader::defineClass@179 (line 519)
                      ; - java.net.URLClassLoader$1::run@43 (line 427)
                      ; - java.net.URLClassLoader$1::run@1 (line 421)
  0x000001cc1071b620: 5c34 4dff 

  0x000001cc1071b624: ;   {other}
  0x000001cc1071b624: 0f1f 8400 | 9428 001a | 4180 7f40 | 000f 859b | 1b00 004c | 8b44 2420 | 4d8b d04c | 8bcd 4d8b 
  0x000001cc1071b644: d945 8958 | 144d 8bd9 | 4d33 da49 | c1eb 144d | 85db 741a | 49c1 ea09 | 48b9 0000 | 1d7a cc01 
  0x000001cc1071b664: 0000 4903 | ca80 3902 | 0f85 a31c | 0000 498b | e94c 8944 | 2460 6690 

  0x000001cc1071b67c: ;   {static_call}
  0x000001cc1071b67c: c5f8 77e8 

  0x000001cc1071b680: ; ImmutableOopMap {rbp=Oop [40]=Oop [48]=Oop [64]=Oop [72]=Oop [80]=NarrowOop [88]=Oop [96]=Oop [112]=Oop [120]=NarrowOop [124]=NarrowOop }
                      ;*invokestatic begin {reexecute=0 rethrow=0 return_oop=0}
                      ; - java.io.FileInputStream::open@0 (line 211)
                      ; - java.io.FileInputStream::<init>@96 (line 152)
                      ; - jdk.internal.loader.URLClassPath$FileLoader$1::getInputStream@8 (line 1119)
                      ; - jdk.internal.loader.Resource::cachedInputStream@9 (line 77)
                      ; - jdk.internal.loader.Resource::getBytes@1 (line 89)
                      ; - java.net.URLClassLoader::defineClass@179 (line 519)
                      ; - java.net.URLClassLoader$1::run@43 (line 427)
                      ; - java.net.URLClassLoader$1::run@1 (line 421)
  0x000001cc1071b680: fc39 4dff 

  0x000001cc1071b684: ;   {other}
  0x000001cc1071b684: 0f1f 8400 | f428 001b | 4889 4424 | 6848 8b54 | 2460 4c8b | c566 6690 

  0x000001cc1071b69c: ;   {optimized virtual_call}
  0x000001cc1071b69c: c5f8 77e8 

  0x000001cc1071b6a0: ; ImmutableOopMap {[40]=Oop [48]=Oop [64]=Oop [72]=Oop [80]=NarrowOop [88]=Oop [96]=Oop [112]=Oop [120]=NarrowOop [124]=NarrowOop }
                      ;*invokevirtual open0 {reexecute=0 rethrow=0 return_oop=0}
                      ; - java.io.FileInputStream::open@6 (line 213)
                      ; - java.io.FileInputStream::<init>@96 (line 152)
                      ; - jdk.internal.loader.URLClassPath$FileLoader$1::getInputStream@8 (line 1119)
                      ; - jdk.internal.loader.Resource::cachedInputStream@9 (line 77)
                      ; - jdk.internal.loader.Resource::getBytes@1 (line 89)
                      ; - java.net.URLClassLoader::defineClass@179 (line 519)
                      ; - java.net.URLClassLoader$1::run@43 (line 427)
                      ; - java.net.URLClassLoader$1::run@1 (line 421)
  0x000001cc1071b6a0: dc33 4dff 

  0x000001cc1071b6a4: ;   {other}
  0x000001cc1071b6a4: 0f1f 8400 | 1429 001c | 488b 5424 | 6866 6690 

  0x000001cc1071b6b4: ;   {static_call}
  0x000001cc1071b6b4: c5f8 77e8 

  0x000001cc1071b6b8: ; ImmutableOopMap {[40]=Oop [48]=Oop [64]=Oop [72]=Oop [80]=NarrowOop [88]=Oop [96]=Oop [112]=Oop [120]=NarrowOop [124]=NarrowOop }
                      ;*invokestatic end {reexecute=0 rethrow=0 return_oop=0}
                      ; - java.io.FileInputStream::open@10 (line 215)
                      ; - java.io.FileInputStream::<init>@96 (line 152)
                      ; - jdk.internal.loader.URLClassPath$FileLoader$1::getInputStream@8 (line 1119)
                      ; - jdk.internal.loader.Resource::cachedInputStream@9 (line 77)
                      ; - jdk.internal.loader.Resource::getBytes@1 (line 89)
                      ; - java.net.URLClassLoader::defineClass@179 (line 519)
                      ; - java.net.URLClassLoader$1::run@43 (line 427)
                      ; - java.net.URLClassLoader$1::run@1 (line 421)
  0x000001cc1071b6b8: c439 4dff 

  0x000001cc1071b6bc: ;   {other}
  0x000001cc1071b6bc: 0f1f 8400 | 2c29 001d | 4c8b 5424 | 6045 8b52 | 1049 8bd2 

  0x000001cc1071b6d0: ;   {static_call}
  0x000001cc1071b6d0: c5f8 77e8 

  0x000001cc1071b6d4: ; ImmutableOopMap {[40]=Oop [48]=Oop [64]=Oop [72]=Oop [80]=NarrowOop [88]=Oop [96]=Oop [112]=Oop [120]=NarrowOop [124]=NarrowOop }
                      ;*invokestatic register {reexecute=0 rethrow=0 return_oop=0}
                      ; - java.io.FileInputStream::<init>@103 (line 153)
                      ; - jdk.internal.loader.URLClassPath$FileLoader$1::getInputStream@8 (line 1119)
                      ; - jdk.internal.loader.Resource::cachedInputStream@9 (line 77)
                      ; - jdk.internal.loader.Resource::getBytes@1 (line 89)
                      ; - java.net.URLClassLoader::defineClass@179 (line 519)
                      ; - java.net.URLClassLoader$1::run@43 (line 427)
                      ; - java.net.URLClassLoader$1::run@1 (line 421)
  0x000001cc1071b6d4: a839 4dff 

  0x000001cc1071b6d8: ;   {other}
  0x000001cc1071b6d8: 0f1f 8400 | 4829 001e | 4180 7f40 | 000f 8524 | 1b00 004c | 8b54 2458 | 4d8b da4c | 8b4c 2460 
  0x000001cc1071b6f8: 4d8b c145 | 8942 0c4d | 33cb 49c1 | e914 4d85 | c974 1e49 | c1eb 0948 | b900 001d | 7acc 0100 
  0x000001cc1071b718: 0049 03cb | 0f1f 4000 | 8039 020f | 8546 1c00 | 0048 8d84 | 24c0 0000 | 0048 8338 | 000f 8479 
  0x000001cc1071b738: 0000 004d | 8b1a 41f6 | c302 0f84 | 6200 0000 | 4983 bb86 | 0000 0000 | 7409 49ff | 8b86 0000 
  0x000001cc1071b758: 00eb 4b49 | 8b83 9600 | 0000 490b | 838e 0000 | 0075 0a49 | c743 3e00 | 0000 00eb | 3d49 83bb 
  0x000001cc1071b778: 9e00 0000 | 0074 2248 | 33c0 49c7 | 433e 0000 | 0000 f083 | 0424 0049 | 83bb 9e00 | 0000 0075 
  0x000001cc1071b798: 0df0 4d0f | b17b 3e75 | 0583 c801 | eb0c a800 | eb08 4c8b | 18f0 4d0f | b11a 750a | 49ff 8f50 
  0x000001cc1071b7b8: 0500 0045 | 33db 6690 | 0f85 ce31 | 0000 488b | 7c24 700f | b66f 3a85 | ed0f 8591 

  0x000001cc1071b7d4: ;   {oop(""{0x00000000c0744910})}
  0x000001cc1071b7d4: 3300 0049 | bb10 4974 | c000 0000 | 0048 bb00 | 001d 7acc | 0100 0045 | 33c9 418b | 4a18 85c9 
  0x000001cc1071b7f4: 0f84 e22f | 0000 4489 | 4c24 7044 | 8944 2454 | 4c89 5424 | 6848 895c | 2460 4c89 | 5c24 2048 
  0x000001cc1071b814: 897c 2458 | 488b d190 

  0x000001cc1071b81c: ;   {optimized virtual_call}
  0x000001cc1071b81c: c5f8 77e8 

  0x000001cc1071b820: ; ImmutableOopMap {[32]=Oop [40]=Oop [48]=Oop [64]=Oop [72]=Oop [80]=NarrowOop [84]=NarrowOop [88]=Oop [104]=Oop [120]=NarrowOop [124]=NarrowOop }
                      ;*invokevirtual length {reexecute=0 rethrow=0 return_oop=0}
                      ; - jdk.internal.loader.URLClassPath$FileLoader$1::getContentLength@4 (line 1121)
                      ; - jdk.internal.loader.Resource::getBytes@10 (line 100)
                      ; - java.net.URLClassLoader::defineClass@179 (line 519)
                      ; - java.net.URLClassLoader$1::run@43 (line 427)
                      ; - java.net.URLClassLoader$1::run@1 (line 421)
  0x000001cc1071b820: 5c32 4dff 

  0x000001cc1071b824: ;   {other}
  0x000001cc1071b824: 0f1f 8400 | 942a 001f | 4d8b 8fb8 | 0100 004d | 8bd1 4983 | c210 448b | c066 6690 | 4d3b 97c8 
  0x000001cc1071b844: 0100 000f | 8353 2300 | 004d 8997 | b801 0000 | 410f 0d8a | c000 0000 | 49c7 0101 | 0000 0041 
  0x000001cc1071b864: 0f0d 8a00 

  0x000001cc1071b868: ;   {metadata({type array byte})}
  0x000001cc1071b868: 0100 0041 | c741 0818 | 2300 0041 | 0f0d 8a40 | 0100 0045 | 8961 0c41 | 0f0d 8a80 | 0100 0041 
  0x000001cc1071b888: 83f8 ff0f | 841f 3300 | 0045 85c0 | 7f08 498b | e9e9 9d02 | 0000 8b4c | 2454 488b | f945 33db 
  0x000001cc1071b8a8: 458b 510c | 453b da0f | 8ce8 1400 | 0041 8bf2 | 4889 bc24 | 8800 0000 | 4c89 8c24 | 8000 0000 
  0x000001cc1071b8c8: 894c 2454 | 4489 4424 | 7444 899c | 2490 0000 | 0045 2bc3 | 448d 8e00 | 0400 0045 | 3bc1 458b 
  0x000001cc1071b8e8: d045 0f4f | d144 8994 | 2494 0000 | 0045 85d2 | 0f8c 6e2f | 0000 448b | 9424 9000 | 0000 4403 
  0x000001cc1071b908: 9424 9400 | 0000 4c8b | 9c24 8000 | 0000 4983 | c310 660f | 1f44 0000 | 443b d60f | 849f 1700 
  0x000001cc1071b928: 0041 81fa | 0000 1000 | 0f87 bd2d | 0000 4c89 | 9c24 a000 | 0000 4489 | 9424 9800 | 0000 4d63 
  0x000001cc1071b948: d24d 8bc2 | 3bb4 2498 | 0000 008b | ee44 8b94 | 2498 0000 | 0041 0f4f | ea3b f50f | 8211 2e00 
  0x000001cc1071b968: ;   {no_reloc}
  0x000001cc1071b968: 0044 3bd5 | 0f82 082e | 0000 4d8d | 5017 4c89 | 9424 a800 | 0000 4983 | e2f8 4c89 | 9424 b000 
  0x000001cc1071b988: 0000 448b | 9c24 9800 | 0000 4181 | fb00 0010 | 000f 8785 | 1c00 004d | 8b97 b801 | 0000 4d8b 
  0x000001cc1071b9a8: c24d 8bda | 4c8b 9424 | b000 0000 | 4d03 da66 | 0f1f 8400 | 0000 0000 | 4d3b 9fc8 | 0100 000f 
  0x000001cc1071b9c8: 8357 1c00 | 004d 899f | b801 0000 | 410f 0d8b | c000 0000 | 4d8b d049 | c702 0100 | 0000 410f 
  0x000001cc1071b9e8: 0d8b 0001 

  0x000001cc1071b9ec: ;   {metadata({type array byte})}
  0x000001cc1071b9ec: 0000 41c7 | 4208 1823 | 0000 448b | 9424 9800 | 0000 4589 | 500c 410f | 0d8b 4001 | 0000 410f 
  0x000001cc1071ba0c: 0d8b 8001 | 0000 4d8b | d049 8bda | 4983 c210 | 4d8b ca4c | 8b94 24a8 | 0000 0049 | c1ea 0349 
  0x000001cc1071ba2c: 8bca 85ed | 0f84 d82c | 0000 6666 | 0f1f 8400 | 0000 0000 | 3bac 2498 | 0000 000f | 8c98 1500 
  0x000001cc1071ba4c: 004c 8b94 | 24b0 0000 | 0049 83c2 | f049 c1ea | 0348 8b8c | 24a0 0000 | 0049 8bd1 | 4d8b c2c5 
  0x000001cc1071ba6c: f877 49ba | 604b bd0f | cc01 0000 

  0x000001cc1071ba78: ;   {other}
  0x000001cc1071ba78: 41ff d20f | 1f84 0000 | 0000 0048 | 899c 2498 | 0000 008b | 4c24 5444 | 8b44 2474 | 488b bc24 
  0x000001cc1071ba98: 8800 0000 | 448b 9c24 | 9000 0000 | 448b 9424 | 9400 0000 

  0x000001cc1071baac: ; implicit exception: dispatches to 0x000001cc1071f3d8
                      ;   {metadata('java/util/zip/ZipFile$ZipFileInflaterInputStream')}
  0x000001cc1071baac: 8b59 0881 | fb98 a531 | 000f 85f2 | 1200 0041 | 8bda 4489 | 9c24 8000 | 0000 4489 | 4424 7489 
  0x000001cc1071bacc: 4c24 5448 | 8bef 4c8b | d749 8bd2 | 4c8b 8424 | 9800 0000 | 448b 8c24 | 8000 0000 | 8bfb 4889 
  0x000001cc1071baec: 9424 9000 | 0000 6690 

  0x000001cc1071baf4: ;   {optimized virtual_call}
  0x000001cc1071baf4: c5f8 77e8 

  0x000001cc1071baf8: ; ImmutableOopMap {rbp=Oop [32]=Oop [40]=Oop [48]=Oop [64]=Oop [72]=Oop [80]=NarrowOop [84]=NarrowOop [88]=Oop [104]=Oop [120]=NarrowOop [124]=NarrowOop [144]=Oop [152]=Oop }
                      ;*invokevirtual read {reexecute=0 rethrow=0 return_oop=0}
                      ; - jdk.internal.loader.Resource::getBytes@117 (line 126)
                      ; - java.net.URLClassLoader::defineClass@179 (line 519)
                      ; - java.net.URLClassLoader$1::run@43 (line 427)
                      ; - java.net.URLClassLoader$1::run@1 (line 421)
  0x000001cc1071baf8: 842f 4dff 

  0x000001cc1071bafc: ;   {other}
  0x000001cc1071bafc: 0f1f 8400 | 6c2d 0020 | 448b d045 | 8bc2 4585 | d20f 8c11 | 2d00 0044 | 8b8c 2480 | 0000 0045 
  0x000001cc1071bb1c: 03ca 4d8b | 9758 0400 

  0x000001cc1071bb24: ; ImmutableOopMap {rbp=Oop [32]=Oop [40]=Oop [48]=Oop [64]=Oop [72]=Oop [80]=NarrowOop [84]=NarrowOop [88]=Oop [104]=Oop [120]=NarrowOop [124]=NarrowOop [152]=Oop }
                      ;*goto {reexecute=1 rethrow=0 return_oop=0}
                      ; - (reexecute) jdk.internal.loader.Resource::getBytes@179 (line 142)
                      ; - java.net.URLClassLoader::defineClass@179 (line 519)
                      ; - java.net.URLClassLoader$1::run@43 (line 427)
                      ; - java.net.URLClassLoader$1::run@1 (line 421)
                      ;   {poll}
  0x000001cc1071bb24: 0041 8502 | 443b 4c24 | 740f 8c4d | f8ff ff48 | 8bac 2498 | 0000 0044 | 8b54 2454 

  0x000001cc1071bb40: ; implicit exception: dispatches to 0x000001cc1071f450
  0x000001cc1071bb40: 458b 5a08 

  0x000001cc1071bb44: ;   {metadata('java/util/zip/ZipFile$ZipFileInflaterInputStream')}
  0x000001cc1071bb44: 498b d241 | 81fb 98a5 | 3100 0f85 | 7114 0000 

  0x000001cc1071bb54: ;   {optimized virtual_call}
  0x000001cc1071bb54: c5f8 77e8 

  0x000001cc1071bb58: ; ImmutableOopMap {rbp=Oop [32]=Oop [40]=Oop [48]=Oop [64]=Oop [72]=Oop [80]=NarrowOop [104]=Oop [120]=NarrowOop [124]=NarrowOop }
                      ;*invokevirtual close {reexecute=0 rethrow=0 return_oop=0}
                      ; - jdk.internal.loader.Resource::getBytes@183 (line 145)
                      ; - java.net.URLClassLoader::defineClass@179 (line 519)
                      ; - java.net.URLClassLoader$1::run@43 (line 427)
                      ; - java.net.URLClassLoader$1::run@1 (line 421)
  0x000001cc1071bb58: 242f 4dff 

  0x000001cc1071bb5c: ;   {other}
  0x000001cc1071bb5c: 0f1f 8400 | cc2d 0022 | 448b 5c24 | 7045 85db | 0f85 9030 | 0000 4889 | ac24 8000 | 0000 4c8b 
  0x000001cc1071bb7c: 4c24 2048 | 8b4c 2460 | e983 eaff 

  0x000001cc1071bb88: ;   {metadata('jdk/internal/loader/URLClassPath$FileLoader$1')}
  0x000001cc1071bb88: ff41 81fa | 980b 5901 | 0f85 d22d | 0000 4533 | d2e9 edea | ffff 6690 

  0x000001cc1071bba0: ;   {metadata('jdk/internal/loader/URLClassPath$FileLoader$1')}
  0x000001cc1071bba0: 81f9 980b | 5901 0f85 | 582f 0000 | 488b df49 | 8b87 b801 | 0000 4c8b | d849 83c3 | 2066 6690 
  0x000001cc1071bbc0: 4d3b 9fc8 | 0100 000f | 83c5 2300 | 004d 899f | b801 0000 | 410f 0d8b | c000 0000 | 48c7 0001 
  0x000001cc1071bbe0: ;   {metadata('java/io/FileInputStream')}
  0x000001cc1071bbe0: 0000 00c7 | 4008 401a | 0100 4489 | 600c 4c89 | 6010 4c89 | 6018 488b | d08b 6b18 | 498b 87b8 
  0x000001cc1071bc00: 0100 004c | 8bd8 4983 | c310 4d3b | 9fc8 0100 | 000f 8308 | 2400 004d | 899f b801 | 0000 410f 
  0x000001cc1071bc20: 0d8b c000 | 0000 48c7 | 0001 0000 

  0x000001cc1071bc2c: ;   {metadata('java/lang/Object')}
  0x000001cc1071bc2c: 00c7 4008 | 900e 0000 | 4489 600c | 4889 7c24 | 304c 8944 | 2420 4c89 | 4c24 2844 | 8954 2440 
  0x000001cc1071bc4c: 894c 2444 | 4889 5c24 | 5048 8954 | 2458 4c8b | 5424 584c | 8bc0 4c8b | 5c24 5845 | 8943 1c4c 
  0x000001cc1071bc6c: 8bd8 4d33 | da49 c1eb | 144d 85db | 741a 49c1 | ea09 48b9 | 0000 1d7a | cc01 0000 | 4903 ca80 
  0x000001cc1071bc8c: 3902 0f85 | b117 0000 | 85ed 0f84 | bd08 0000 | 448b 5510 | 4c8b dd4c | 8954 2460 | 498b eb90 
  0x000001cc1071bcac: ;   {static_call}
  0x000001cc1071bcac: c5f8 77e8 

  0x000001cc1071bcb0: ; ImmutableOopMap {rbp=Oop [32]=Oop [40]=Oop [48]=Oop [64]=NarrowOop [72]=Oop [80]=Oop [88]=Oop [96]=Oop [112]=Oop [120]=NarrowOop [124]=NarrowOop }
                      ;*invokestatic getSecurityManager {reexecute=0 rethrow=0 return_oop=1}
                      ; - java.io.FileInputStream::<init>@28 (line 139)
                      ; - jdk.internal.loader.URLClassPath$FileLoader$1::getInputStream@8 (line 1119)
                      ; - jdk.internal.loader.Resource::cachedInputStream@9 (line 77)
                      ; - jdk.internal.loader.Resource::getByteBuffer@1 (line 163)
                      ; - java.net.URLClassLoader::defineClass@132 (line 511)
                      ; - java.net.URLClassLoader$1::run@43 (line 427)
                      ; - java.net.URLClassLoader$1::run@1 (line 421)
  0x000001cc1071bcb0: cc33 4dff 

  0x000001cc1071bcb4: ;   {other}
  0x000001cc1071bcb4: 0f1f 8400 | 242f 0023 | 0f1f 4000 | 4885 c074 | 1b48 8bd0 | 4c8b 4424 | 6066 6690 

  0x000001cc1071bcd0: ;   {optimized virtual_call}
  0x000001cc1071bcd0: c5f8 77e8 

  0x000001cc1071bcd4: ; ImmutableOopMap {rbp=Oop [32]=Oop [40]=Oop [48]=Oop [64]=NarrowOop [72]=Oop [80]=Oop [88]=Oop [96]=Oop [112]=Oop [120]=NarrowOop [124]=NarrowOop }
                      ;*invokevirtual checkRead {reexecute=0 rethrow=0 return_oop=0}
                      ; - java.io.FileInputStream::<init>@38 (line 141)
                      ; - jdk.internal.loader.URLClassPath$FileLoader$1::getInputStream@8 (line 1119)
                      ; - jdk.internal.loader.Resource::cachedInputStream@9 (line 77)
                      ; - jdk.internal.loader.Resource::getByteBuffer@1 (line 163)
                      ; - java.net.URLClassLoader::defineClass@132 (line 511)
                      ; - java.net.URLClassLoader$1::run@43 (line 427)
                      ; - java.net.URLClassLoader$1::run@1 (line 421)
  0x000001cc1071bcd4: a82d 4dff 

  0x000001cc1071bcd8: ;   {other}
  0x000001cc1071bcd8: 0f1f 8400 | 482f 0024 | 4c8b 5424 | 604d 85d2 | 0f84 b62d | 0000 4c8b | dd4d 85db | 0f84 da2d 
  0x000001cc1071bcf8: 0000 498b | ea49 8bd3 

  0x000001cc1071bd00: ;   {optimized virtual_call}
  0x000001cc1071bd00: c5f8 77e8 

  0x000001cc1071bd04: ; ImmutableOopMap {rbp=Oop [32]=Oop [40]=Oop [48]=Oop [64]=NarrowOop [72]=Oop [80]=Oop [88]=Oop [112]=Oop [120]=NarrowOop [124]=NarrowOop }
                      ;*invokevirtual isInvalid {reexecute=0 rethrow=0 return_oop=0}
                      ; - java.io.FileInputStream::<init>@54 (line 146)
                      ; - jdk.internal.loader.URLClassPath$FileLoader$1::getInputStream@8 (line 1119)
                      ; - jdk.internal.loader.Resource::cachedInputStream@9 (line 77)
                      ; - jdk.internal.loader.Resource::getByteBuffer@1 (line 163)
                      ; - java.net.URLClassLoader::defineClass@132 (line 511)
                      ; - java.net.URLClassLoader$1::run@43 (line 427)
                      ; - java.net.URLClassLoader$1::run@1 (line 421)
  0x000001cc1071bd04: 782d 4dff 

  0x000001cc1071bd08: ;   {other}
  0x000001cc1071bd08: 0f1f 8400 | 782f 0025 | 85c0 0f85 | 202e 0000 | 4d8b 8fb8 | 0100 004d | 8bd1 4983 | c228 4d3b 
  0x000001cc1071bd28: 97c8 0100 | 000f 8332 | 2300 004d | 8997 b801 | 0000 410f | 0d8a c000 | 0000 49c7 | 0101 0000 
  0x000001cc1071bd48: ;   {metadata('java/io/FileDescriptor')}
  0x000001cc1071bd48: 0041 c741 | 08e8 2401 | 004d 8961 | 184d 8961 | 2041 c741 | 0cff ffff | ff49 c741 | 10ff ffff 
  0x000001cc1071bd68: ff41 807f | 4000 0f85 | 5216 0000 | 4c8b 4424 | 584d 8bd0 | 4d8b d945 | 8958 104d | 8bd9 4d33 
  0x000001cc1071bd88: da49 c1eb | 144d 85db | 741a 49c1 | ea09 48b9 | 0000 1d7a | cc01 0000 | 4903 ca80 | 3902 0f85 
  0x000001cc1071bda8: eb16 0000 | 4c89 4424 | 5849 8bd1 

  0x000001cc1071bdb4: ;   {optimized virtual_call}
  0x000001cc1071bdb4: c5f8 77e8 

  0x000001cc1071bdb8: ; ImmutableOopMap {rbp=Oop [32]=Oop [40]=Oop [48]=Oop [64]=NarrowOop [72]=Oop [80]=Oop [88]=Oop [112]=Oop [120]=NarrowOop [124]=NarrowOop }
                      ;*invokevirtual attach {reexecute=0 rethrow=0 return_oop=0}
                      ; - java.io.FileInputStream::<init>@86 (line 150)
                      ; - jdk.internal.loader.URLClassPath$FileLoader$1::getInputStream@8 (line 1119)
                      ; - jdk.internal.loader.Resource::cachedInputStream@9 (line 77)
                      ; - jdk.internal.loader.Resource::getByteBuffer@1 (line 163)
                      ; - java.net.URLClassLoader::defineClass@132 (line 511)
                      ; - java.net.URLClassLoader$1::run@43 (line 427)
                      ; - java.net.URLClassLoader$1::run@1 (line 421)
  0x000001cc1071bdb8: c42c 4dff 

  0x000001cc1071bdbc: ;   {other}
  0x000001cc1071bdbc: 0f1f 8400 | 2c30 0026 | 4180 7f40 | 000f 853e | 1600 004c | 8b4c 2458 | 4d8b d148 | 8bdd 4c8b 
  0x000001cc1071bddc: c345 8941 | 144c 8bdb | 4d33 da49 | c1eb 144d | 85db 741a | 49c1 ea09 | 48b9 0000 | 1d7a cc01 
  0x000001cc1071bdfc: 0000 4903 | ca80 3902 | 0f85 ee16 | 0000 488b | eb4c 894c | 2458 6690 

  0x000001cc1071be14: ;   {static_call}
  0x000001cc1071be14: c5f8 77e8 

  0x000001cc1071be18: ; ImmutableOopMap {rbp=Oop [32]=Oop [40]=Oop [48]=Oop [64]=NarrowOop [72]=Oop [80]=Oop [88]=Oop [112]=Oop [120]=NarrowOop [124]=NarrowOop }
                      ;*invokestatic begin {reexecute=0 rethrow=0 return_oop=0}
                      ; - java.io.FileInputStream::open@0 (line 211)
                      ; - java.io.FileInputStream::<init>@96 (line 152)
                      ; - jdk.internal.loader.URLClassPath$FileLoader$1::getInputStream@8 (line 1119)
                      ; - jdk.internal.loader.Resource::cachedInputStream@9 (line 77)
                      ; - jdk.internal.loader.Resource::getByteBuffer@1 (line 163)
                      ; - java.net.URLClassLoader::defineClass@132 (line 511)
                      ; - java.net.URLClassLoader$1::run@43 (line 427)
                      ; - java.net.URLClassLoader$1::run@1 (line 421)
  0x000001cc1071be18: 6432 4dff 

  0x000001cc1071be1c: ;   {other}
  0x000001cc1071be1c: 0f1f 8400 | 8c30 0027 | 4889 4424 | 6048 8b54 | 2458 4c8b | c566 6690 

  0x000001cc1071be34: ;   {optimized virtual_call}
  0x000001cc1071be34: c5f8 77e8 

  0x000001cc1071be38: ; ImmutableOopMap {[32]=Oop [40]=Oop [48]=Oop [64]=NarrowOop [72]=Oop [80]=Oop [88]=Oop [112]=Oop [120]=NarrowOop [124]=NarrowOop }
                      ;*invokevirtual open0 {reexecute=0 rethrow=0 return_oop=0}
                      ; - java.io.FileInputStream::open@6 (line 213)
                      ; - java.io.FileInputStream::<init>@96 (line 152)
                      ; - jdk.internal.loader.URLClassPath$FileLoader$1::getInputStream@8 (line 1119)
                      ; - jdk.internal.loader.Resource::cachedInputStream@9 (line 77)
                      ; - jdk.internal.loader.Resource::getByteBuffer@1 (line 163)
                      ; - java.net.URLClassLoader::defineClass@132 (line 511)
                      ; - java.net.URLClassLoader$1::run@43 (line 427)
                      ; - java.net.URLClassLoader$1::run@1 (line 421)
  0x000001cc1071be38: 442c 4dff 

  0x000001cc1071be3c: ;   {other}
  0x000001cc1071be3c: 0f1f 8400 | ac30 0028 | 488b 5424 | 6066 6690 

  0x000001cc1071be4c: ;   {static_call}
  0x000001cc1071be4c: c5f8 77e8 

  0x000001cc1071be50: ; ImmutableOopMap {[32]=Oop [40]=Oop [48]=Oop [64]=NarrowOop [72]=Oop [80]=Oop [88]=Oop [112]=Oop [120]=NarrowOop [124]=NarrowOop }
                      ;*invokestatic end {reexecute=0 rethrow=0 return_oop=0}
                      ; - java.io.FileInputStream::open@10 (line 215)
                      ; - java.io.FileInputStream::<init>@96 (line 152)
                      ; - jdk.internal.loader.URLClassPath$FileLoader$1::getInputStream@8 (line 1119)
                      ; - jdk.internal.loader.Resource::cachedInputStream@9 (line 77)
                      ; - jdk.internal.loader.Resource::getByteBuffer@1 (line 163)
                      ; - java.net.URLClassLoader::defineClass@132 (line 511)
                      ; - java.net.URLClassLoader$1::run@43 (line 427)
                      ; - java.net.URLClassLoader$1::run@1 (line 421)
  0x000001cc1071be50: 2c32 4dff 

  0x000001cc1071be54: ;   {other}
  0x000001cc1071be54: 0f1f 8400 | c430 0029 | 4c8b 5424 | 5845 8b5a | 1049 8bd3 

  0x000001cc1071be68: ;   {static_call}
  0x000001cc1071be68: c5f8 77e8 

  0x000001cc1071be6c: ; ImmutableOopMap {[32]=Oop [40]=Oop [48]=Oop [64]=NarrowOop [72]=Oop [80]=Oop [88]=Oop [112]=Oop [120]=NarrowOop [124]=NarrowOop }
                      ;*invokestatic register {reexecute=0 rethrow=0 return_oop=0}
                      ; - java.io.FileInputStream::<init>@103 (line 153)
                      ; - jdk.internal.loader.URLClassPath$FileLoader$1::getInputStream@8 (line 1119)
                      ; - jdk.internal.loader.Resource::cachedInputStream@9 (line 77)
                      ; - jdk.internal.loader.Resource::getByteBuffer@1 (line 163)
                      ; - java.net.URLClassLoader::defineClass@132 (line 511)
                      ; - java.net.URLClassLoader$1::run@43 (line 427)
                      ; - java.net.URLClassLoader$1::run@1 (line 421)
  0x000001cc1071be6c: 1032 4dff 

  0x000001cc1071be70: ;   {other}
  0x000001cc1071be70: 0f1f 8400 | e030 002a | 488b 5c24 | 5866 6690 | e9c2 e5ff | ff33 d2e9 | 0bdf ffff 

  0x000001cc1071be8c: ;   {oop(""{0x00000000c0744910})}
  0x000001cc1071be8c: 48bd 1049 | 74c0 0000 | 0000 e92c | e2ff ff44 | 8b5d 2090 | 4585 db0f | 8482 e8ff | ff4d 8b57 
  0x000001cc1071beac: 2849 8bcb | 4d85 d20f | 847f 1d00 | 004d 8b5f | 384b 894c | 13f8 4983 | c2f8 4d89 | 5728 e95c 
  0x000001cc1071becc: e8ff ff4d | 8b57 584d | 8b5f 48f0 | 8344 24c0 | 0066 6690 | 8039 000f | 8480 e8ff | ff44 8821 
  0x000001cc1071beec: 4d85 db75 | 2049 8bd7 | c5f8 7749 | ba10 27fd | fafe 7f00 | 0041 ffd2 

  0x000001cc1071bf04: ;   {other}
  0x000001cc1071bf04: 0f1f 8400 | 0000 0000 | e958 e8ff | ff4b 894c | 1af8 4983 | c3f8 4d89 | 5f48 6690 | e944 e8ff 
  0x000001cc1071bf24: ff48 8b6c | 2460 448b | 5514 4585 | d20f 8440 | e1ff ff4d | 8b5f 2849 | 8bca 6690 | 4d85 db0f 
  0x000001cc1071bf44: 8423 2000 | 004d 8b57 | 384b 894c | 1af8 4983 | c3f8 4d89 | 5f28 e918 | e1ff ff4d | 8b57 484d 
  0x000001cc1071bf64: 8b5f 58f0 | 8344 24c0 | 0080 3900 | 0f84 34e1 | ffff 4488 | 214d 85d2 | 7520 498b | d7c5 f877 
  0x000001cc1071bf84: 49ba 1027 | fdfa fe7f | 0000 41ff 

  0x000001cc1071bf90: ;   {other}
  0x000001cc1071bf90: d20f 1f84 | 0000 0000 | 00e9 0ce1 | ffff 4b89 | 4c13 f849 | 83c2 f84d | 8957 48e9 | fae0 ffff 
  0x000001cc1071bfb0: ;   {oop(""{0x00000000c0744910})}
  0x000001cc1071bfb0: 48be 1049 | 74c0 0000 | 0000 e952 | efff ff4c | 8944 2458 | 488b 5424 | 284c 8b84 | 24a0 0000 
  0x000001cc1071bfd0: 004c 8b4c | 2420 488b | 7c24 2048 | 8b74 2420 | 488b 4c24 | 204c 890c | 244c 894c | 2408 4c89 
  0x000001cc1071bff0: 4c24 1090 

  0x000001cc1071bff4: ;   {optimized virtual_call}
  0x000001cc1071bff4: c5f8 77e8 

  0x000001cc1071bff8: ; ImmutableOopMap {[40]=Oop [48]=Oop [64]=Oop [72]=Oop [80]=NarrowOop [88]=Oop [112]=Oop [120]=NarrowOop [124]=NarrowOop [160]=Oop }
                      ;*invokevirtual definePackage {reexecute=0 rethrow=0 return_oop=1}
                      ; - java.net.URLClassLoader::defineClass@81 (line 497)
                      ; - java.net.URLClassLoader$1::run@43 (line 427)
                      ; - java.net.URLClassLoader$1::run@1 (line 421)
  0x000001cc1071bff8: 842a 4dff 

  0x000001cc1071bffc: ;   {other}
  0x000001cc1071bffc: 0f1f 8400 | 6c32 002b | e9fb f0ff | ff48 8b7c | 2430 448b | 570c 4585 | d20f 843c | e4ff ff4d 
  0x000001cc1071c01c: 8b5f 2849 | 8bca 4d85 | db0f 84ac | 2100 004d | 8b57 384b | 894c 1af8 | 4983 c3f8 | 4d89 5f28 
  0x000001cc1071c03c: 0f1f 4000 | e912 e4ff | ff4d 8b57 | 484d 8b5f | 58f0 8344 | 24c0 0080 | 3900 0f84 | 33e4 ffff 
  0x000001cc1071c05c: 4488 2190 | 4d85 d275 | 2049 8bd7 | c5f8 7749 | ba10 27fd | fafe 7f00 | 0041 ffd2 

  0x000001cc1071c078: ;   {other}
  0x000001cc1071c078: 0f1f 8400 | 0000 0000 | e90a e4ff | ff4b 894c | 13f8 4983 | c2f8 4d89 | 5748 e9f8 | e3ff ff41 
  0x000001cc1071c098: 8b58 0c45 | 8b50 0849 | 8be8 4c63 | cb49 c1e1 | 0281 fb00 | 0004 000f | 87c8 2400 | 0049 8b87 
  0x000001cc1071c0b8: b801 0000 | 4d8d 5917 | 4983 e3f8 | 488b c849 | 03cb 493b | 8fc8 0100 | 000f 83a6 | 2400 0049 
  0x000001cc1071c0d8: 898f b801 | 0000 0f0d | 89c0 0000 | 0048 c700 | 0100 0000 | 4489 5008 | 8958 0c0f | 0d89 0001 
  0x000001cc1071c0f8: 0000 0f0d | 8940 0100 | 000f 0d89 | 8001 0000 | 488b d849 | 8d48 1048 | 8bd3 4883 | c210 4983 
  0x000001cc1071c118: c107 49c1 | e903 4d8b | c1c5 f877 | 49ba 604b | bd0f cc01 | 0000 41ff 

  0x000001cc1071c130: ;   {other}
  0x000001cc1071c130: d20f 1f84 | 0000 0000 | 00e9 5902 | 0000 498b | 87b8 0100 | 004c 8bd0 | 4983 c218 | 498b db4d 
  0x000001cc1071c150: 3b97 c801 | 0000 0f83 | f124 0000 | 4d89 97b8 | 0100 0041 | 0f0d 8ac0 | 0000 0048 | c700 0100 
  0x000001cc1071c170: ;   {metadata('java/util/ArrayList')}
  0x000001cc1071c170: 0000 c740 | 08d0 890b | 0044 8960 | 0c44 8960 | 1041 8b48 

  0x000001cc1071c184: ;   {oop(a 'java/lang/Object'[0] {0x00000000c07fe108})}
  0x000001cc1071c184: 0cc7 4014 | 08e1 7fc0 | 4c8b c885 | c90f 8685 | 0000 0045 | 33d2 eb0e | 0f1f 4000 | 488b 5c24 
  0x000001cc1071c1a4: 204c 8b4c | 2438 418b | 480c 443b | d10f 834e | 2b00 0047 | 8b44 9010 | 0f1f 4000 

  0x000001cc1071c1c0: ; implicit exception: dispatches to 0x000001cc1071f4a0
  0x000001cc1071c1c0: 418b 4810 

  0x000001cc1071c1c4: ; implicit exception: dispatches to 0x000001cc1071f4b8
  0x000001cc1071c1c4: 8b49 1044 | 8954 2458 | 4c89 4c24 | 3848 895c | 2420 418b | eb4c 8bc1 | 498b d190 

  0x000001cc1071c1e0: ;   {optimized virtual_call}
  0x000001cc1071c1e0: c5f8 77e8 

  0x000001cc1071c1e4: ; ImmutableOopMap {rbp=NarrowOop [32]=Oop [40]=Oop [48]=Oop [56]=Oop [64]=Oop [72]=Oop [96]=NarrowOop }
                      ;*invokevirtual addAll {reexecute=0 rethrow=0 return_oop=0}
                      ; - java.security.CodeSource::getCertificates@57 (line 212)
                      ; - java.lang.ClassLoader::postDefineClass@24 (line 937)
                      ; - java.lang.ClassLoader::defineClass@37 (line 1028)
                      ; - java.security.SecureClassLoader::defineClass@12 (line 150)
                      ; - java.net.URLClassLoader::defineClass@220 (line 524)
                      ; - java.net.URLClassLoader$1::run@43 (line 427)
                      ; - java.net.URLClassLoader$1::run@1 (line 421)
  0x000001cc1071c1e4: 9828 4dff 

  0x000001cc1071c1e8: ;   {other}
  0x000001cc1071c1e8: 0f1f 8400 | 5834 002c | 4d8b 8f58 | 0400 0044 | 8bdd 458b | 4310 448b | 5424 5841 

  0x000001cc1071c204: ; ImmutableOopMap {r11=NarrowOop r8=NarrowOop [32]=Oop [40]=Oop [48]=Oop [56]=Oop [64]=Oop [72]=Oop [96]=NarrowOop }
                      ;*goto {reexecute=1 rethrow=0 return_oop=0}
                      ; - (reexecute) java.security.CodeSource::getCertificates@64 (line 211)
                      ; - java.lang.ClassLoader::postDefineClass@24 (line 937)
                      ; - java.lang.ClassLoader::defineClass@37 (line 1028)
                      ; - java.security.SecureClassLoader::defineClass@12 (line 150)
                      ; - java.net.URLClassLoader::defineClass@220 (line 524)
                      ; - java.net.URLClassLoader$1::run@43 (line 427)
                      ; - java.net.URLClassLoader$1::run@1 (line 421)
                      ;   {poll}
  0x000001cc1071c204: ffc2 4185 | 0141 8b48 | 0c44 3bd1 | 7c8e 488b | 5c24 204c | 8b4c 2438 | 498b 87b8 | 0100 004c 
  0x000001cc1071c224: 8bd0 4983 | c210 4d3b | 97c8 0100 | 000f 834f | 2400 004d | 8997 b801 | 0000 410f | 0d8a c000 
  0x000001cc1071c244: 0000 48c7 | 0001 0000 | 0041 0f0d | 8a00 0100 

  0x000001cc1071c254: ;   {metadata('java/security/cert/Certificate'[])}
  0x000001cc1071c254: 00c7 4008 | 2029 1000 | 410f 0d8a | 4001 0000 | 4489 600c | 410f 0d8a | 8001 0000 | 4489 5c24 
  0x000001cc1071c274: 3848 8beb | 4c89 4c24 | 204c 8bc0 | 488b 5424 | 2066 6690 

  0x000001cc1071c288: ;   {optimized virtual_call}
  0x000001cc1071c288: c5f8 77e8 

  0x000001cc1071c28c: ; ImmutableOopMap {rbp=Oop [40]=Oop [48]=Oop [56]=NarrowOop [64]=Oop [72]=Oop [96]=NarrowOop }
                      ;*invokevirtual toArray {reexecute=0 rethrow=0 return_oop=1}
                      ; - java.security.CodeSource::getCertificates@73 (line 215)
                      ; - java.lang.ClassLoader::postDefineClass@24 (line 937)
                      ; - java.lang.ClassLoader::defineClass@37 (line 1028)
                      ; - java.security.SecureClassLoader::defineClass@12 (line 150)
                      ; - java.net.URLClassLoader::defineClass@220 (line 524)
                      ; - java.net.URLClassLoader$1::run@43 (line 427)
                      ; - java.net.URLClassLoader$1::run@1 (line 421)
  0x000001cc1071c28c: f027 4dff 

  0x000001cc1071c290: ;   {other}
  0x000001cc1071c290: 0f1f 8400 | 0035 002e | 488b f844 | 8b58 0890 

  0x000001cc1071c2a0: ;   {metadata('java/security/cert/Certificate'[])}
  0x000001cc1071c2a0: 4181 fb20 | 2910 000f | 858b 2c00 | 0041 807f | 4000 0f85 | 2722 0000 | 8b5c 2438 | 4c8b d54c 
  0x000001cc1071c2c0: 8bc7 4489 | 4314 4c8b | df4d 33da | 49c1 eb14 | 4d85 db74 | 1649 c1ea | 094c 8b44 | 2450 4d03 
  0x000001cc1071c2e0: c241 8038 | 020f 8534 | 2200 008b | 4f0c 448b | 5f08 4c63 | c949 c1e1 | 020f 1f80 | 0000 0000 
  0x000001cc1071c300: 81f9 0000 | 0400 0f87 | a923 0000 | 498b 87b8 | 0100 004d | 8d51 1749 | 83e2 f84c | 8bc0 4d03 
  0x000001cc1071c320: c24d 3b87 | c801 0000 | 0f83 8723 | 0000 4d89 | 87b8 0100 | 0041 0f0d | 88c0 0000 | 0048 c700 
  0x000001cc1071c340: 0100 0000 | 4489 5808 | 8948 0c41 | 0f0d 8800 | 0100 0041 | 0f0d 8840 | 0100 0041 | 0f0d 8880 
  0x000001cc1071c360: 0100 0048 | 8bd8 488b | cf48 83c1 | 1048 8bd3 | 4883 c210 | 4983 c107 | 49c1 e903 | 4d8b c1c5 
  0x000001cc1071c380: f877 49ba | 604b bd0f | cc01 0000 

  0x000001cc1071c38c: ;   {other}
  0x000001cc1071c38c: 41ff d20f | 1f84 0000 | 0000 0048 | 8b54 2430 | 4c8b c390 

  0x000001cc1071c3a0: ;   {optimized virtual_call}
  0x000001cc1071c3a0: c5f8 77e8 

  0x000001cc1071c3a4: ; ImmutableOopMap {[48]=Oop [64]=Oop [72]=Oop }
                      ;*invokevirtual setSigners {reexecute=0 rethrow=0 return_oop=0}
                      ; - java.lang.ClassLoader::setSigners@2 (line 1318)
                      ; - java.lang.ClassLoader::postDefineClass@35 (line 939)
                      ; - java.lang.ClassLoader::defineClass@37 (line 1028)
                      ; - java.security.SecureClassLoader::defineClass@12 (line 150)
                      ; - java.net.URLClassLoader::defineClass@220 (line 524)
                      ; - java.net.URLClassLoader$1::run@43 (line 427)
                      ; - java.net.URLClassLoader$1::run@1 (line 421)
  0x000001cc1071c3a4: d826 4dff 

  0x000001cc1071c3a8: ;   {other}
  0x000001cc1071c3a8: 0f1f 8400 | 1836 002f | e925 ecff | ff0f b64d | 110f 1f80 | 0000 0000 | 85c9 0f85 | eadd ffff 
  0x000001cc1071c3c8: 4889 b424 | 8000 0000 | 4c89 5c24 | 6844 8954 | 2460 4c89 | 4c24 584c | 8944 2450 | 448b 5424 
  0x000001cc1071c3e8: 7c44 8954 | 2434 448b | 5c24 7844 | 895c 2430 | 4889 5424 | 2848 897c | 2440 4c8b | 5424 704c 
  0x000001cc1071c408: 8954 2420 

  0x000001cc1071c40c: ;   {static_call}
  0x000001cc1071c40c: c5f8 77e8 

  0x000001cc1071c410: ; ImmutableOopMap {rbp=NarrowOop [32]=Oop [48]=NarrowOop [52]=NarrowOop [64]=Oop [72]=Oop [80]=Oop [88]=Oop [96]=NarrowOop [104]=Oop [128]=Oop [160]=Oop }
                      ;*invokestatic beginInit {reexecute=0 rethrow=0 return_oop=1}
                      ; - java.util.jar.JarFile::ensureInitialization@31 (line 1069)
                      ; - java.util.jar.JavaUtilJarAccessImpl::ensureInitialization@1 (line 42)
                      ; - jdk.internal.loader.URLClassPath$JarLoader$2::getManifest@10 (line 852)
                      ; - java.net.URLClassLoader::defineClass@34 (line 491)
                      ; - java.net.URLClassLoader$1::run@43 (line 427)
                      ; - java.net.URLClassLoader$1::run@1 (line 421)
  0x000001cc1071c410: 6c2c 4dff 

  0x000001cc1071c414: ;   {other}
  0x000001cc1071c414: 0f1f 8400 | 8436 0030 | 4889 4424 | 7048 8b94 | 2480 0000 | 0066 6690 

  0x000001cc1071c42c: ;   {optimized virtual_call}
  0x000001cc1071c42c: c5f8 77e8 

  0x000001cc1071c430: ; ImmutableOopMap {rbp=NarrowOop [32]=Oop [48]=NarrowOop [52]=NarrowOop [64]=Oop [72]=Oop [80]=Oop [88]=Oop [96]=NarrowOop [104]=Oop [112]=Oop [128]=Oop [160]=Oop }
                      ;*invokevirtual initializeVerifier {reexecute=0 rethrow=0 return_oop=0}
                      ; - java.util.jar.JarFile::ensureInitialization@36 (line 1071)
                      ; - java.util.jar.JavaUtilJarAccessImpl::ensureInitialization@1 (line 42)
                      ; - jdk.internal.loader.URLClassPath$JarLoader$2::getManifest@10 (line 852)
                      ; - java.net.URLClassLoader::defineClass@34 (line 491)
                      ; - java.net.URLClassLoader$1::run@43 (line 427)
                      ; - java.net.URLClassLoader$1::run@1 (line 421)
  0x000001cc1071c430: 4c26 4dff 

  0x000001cc1071c434: ;   {other}
  0x000001cc1071c434: 0f1f 8400 | a436 0031 | c645 1101 | 488b 5424 | 7066 6690 

  0x000001cc1071c448: ;   {static_call}
  0x000001cc1071c448: c5f8 77e8 

  0x000001cc1071c44c: ; ImmutableOopMap {[32]=Oop [48]=NarrowOop [52]=NarrowOop [64]=Oop [72]=Oop [80]=Oop [88]=Oop [96]=NarrowOop [104]=Oop [128]=Oop [160]=Oop }
                      ;*invokestatic endInit {reexecute=0 rethrow=0 return_oop=0}
                      ; - java.util.jar.JarFile::ensureInitialization@45 (line 1074)
                      ; - java.util.jar.JavaUtilJarAccessImpl::ensureInitialization@1 (line 42)
                      ; - jdk.internal.loader.URLClassPath$JarLoader$2::getManifest@10 (line 852)
                      ; - java.net.URLClassLoader::defineClass@34 (line 491)
                      ; - java.net.URLClassLoader$1::run@43 (line 427)
                      ; - java.net.URLClassLoader$1::run@1 (line 421)
  0x000001cc1071c44c: 302c 4dff 

  0x000001cc1071c450: ;   {other}
  0x000001cc1071c450: 0f1f 8400 | c036 0032 | 4c8b 5424 | 204c 8954 | 2470 488b | 7c24 4048 | 8b54 2428 | 448b 5c24 
  0x000001cc1071c470: 3044 895c | 2478 448b | 5c24 3444 | 895c 247c | 4c8b 4424 | 504c 8b4c | 2458 448b | 5424 604c 
  0x000001cc1071c490: 8b5c 2468 | 488b b424 | 8000 0000 | 0f1f 4000 | e90d ddff | ff49 8bd8 | 4d8b ca4c | 63c5 4d8d 
  0x000001cc1071c4b0: 5010 4d8b | da49 83e3 | f848 8bfb | 4903 fb49 | c1ea 034d | 8bd9 4d2b | da49 8bcb | 4833 c048 
  0x000001cc1071c4d0: 83f9 087f | 1048 ffc9 | 784f 4889 | 04cf 48ff | c97d f7eb | 44c5 fdef | c0e9 0d00 | 0000 c5fe 
  0x000001cc1071c4f0: 7f07 c5fe | 7f47 2048 | 83c7 4048 | 83e9 087d | ed48 83c1 | 047c 0cc5 | fe7f 0748 | 83c7 2048 
  0x000001cc1071c510: 83e9 0448 | 83c1 047e | 1048 ffc9 | c5f9 d607 | 4883 c708 | 48ff c97d | f348 8b4c | 2468 c5f8 
  0x000001cc1071c530: 7749 bac0 | 44bd 0fcc | 0100 0041 

  0x000001cc1071c53c: ;   {other}
  0x000001cc1071c53c: ffd2 0f1f | 8400 0000 | 0000 4c8b | c3e9 19db | ffff 4533 | c045 33db | e9a8 efff | ff45 33db 
  0x000001cc1071c55c: 4533 d290 | e93e f7ff | ff44 8b5b | 3c45 85db | 0f84 d9e9 | ffff 4d8b | 5728 498b | cb0f 1f80 
  0x000001cc1071c57c: 0000 0000 | 4d85 d20f | 84f7 1c00 | 004d 8b5f | 384b 894c | 13f8 4983 | c2f8 4d89 | 5728 e9ac 
  0x000001cc1071c59c: e9ff ff4d | 8b57 484d | 8b5f 58f0 | 8344 24c0 | 0080 3900 | 0f84 d3e9 | ffff 4488 | 214d 85d2 
  0x000001cc1071c5bc: 7520 498b | d7c5 f877 | 49ba 1027 | fdfa fe7f | 0000 41ff 

  0x000001cc1071c5d0: ;   {other}
  0x000001cc1071c5d0: d20f 1f84 | 0000 0000 | 00e9 abe9 | ffff 4b89 | 4c13 f849 | 83c2 f84d | 8957 48e9 | 99e9 ffff 
  0x000001cc1071c5f0: 458b 500c | 4d63 ca49 | c1e1 020f | 1f44 0000 | 4181 fa00 | 0004 000f | 87cf 1f00 | 0045 8bda 
  0x000001cc1071c610: 4889 6c24 | 604d 8b97 | b801 0000 | 4d8b c149 | 8be9 4983 | c017 4983 | e0f8 4d8b | ca4d 03c8 
  0x000001cc1071c630: 4d3b 8fc8 | 0100 000f | 83aa 1f00 | 004d 898f | b801 0000 | 410f 0d89 | c000 0000 | 49c7 0201 
  0x000001cc1071c650: 0000 0041 | 0f0d 8900 

  0x000001cc1071c658: ;   {metadata('java/security/CodeSigner'[])}
  0x000001cc1071c658: 0100 0041 | c742 0830 | d53f 0145 | 895a 0c41 | 0f0d 8940 | 0100 0041 | 0f0d 8980 | 0100 0048 
  0x000001cc1071c678: 8b4c 2458 | 4883 c110 | 498b d248 | 83c2 1049 | 8bda 4c8d | 5507 49c1 | ea03 4d8b | c2c5 f877 
  0x000001cc1071c698: 49ba 604b | bd0f cc01 | 0000 41ff 

  0x000001cc1071c6a4: ;   {other}
  0x000001cc1071c6a4: d20f 1f84 | 0000 0000 | 0041 807f | 4000 0f85 | 881a 0000 | 4c8b 4424 | 604d 8bd0 | 4c8b cb4d 
  0x000001cc1071c6c4: 8bd9 4589 | 5810 4d8b | d94d 33da | 49c1 eb14 | 4d85 db74 | 1a49 c1ea | 0948 b900 | 001d 7acc 
  0x000001cc1071c6e4: 0100 0049 | 03ca 8039 | 020f 858c | 1a00 004c | 8944 2460 | e97f e0ff | ff44 8b5e | 1445 85db 
  0x000001cc1071c704: 0f84 d0e7 | ffff 4d8b | 5728 498b | cb4d 85d2 | 0f84 a51d | 0000 4d8b | 5f38 4b89 | 4c13 f849 
  0x000001cc1071c724: 83c2 f84d | 8957 28e9 | aae7 ffff | 4d8b 5748 | 4d8b 5f58 | f083 4424 | c000 6690 | 8039 000f 
  0x000001cc1071c744: 84c4 e7ff | ff44 8821 | 4d85 d275 | 2049 8bd7 | c5f8 7749 | ba10 27fd | fafe 7f00 | 0041 ffd2 
  0x000001cc1071c764: ;   {other}
  0x000001cc1071c764: 0f1f 8400 | 0000 0000 | e99c e7ff | ff4b 894c | 13f8 4983 | c2f8 4d89 | 5748 6690 | e988 e7ff 
  0x000001cc1071c784: ff4c 63c5 | 4d8d 5810 | 498b cb48 | 83e1 f849 | 8bfd 4803 | f949 c1eb | 034d 2bcb | 498b c948 
  0x000001cc1071c7a4: 33c0 4883 | f908 7f10 | 48ff c978 | 4f48 8904 | cf48 ffc9 | 7df7 eb44 | c5fd efc0 | e90d 0000 
  0x000001cc1071c7c4: 00c5 fe7f | 07c5 fe7f | 4720 4883 | c740 4883 | e908 7ded | 4883 c104 | 7c0c c5fe | 7f07 4883 
  0x000001cc1071c7e4: c720 4883 | e904 4883 | c104 7e10 | 48ff c9c5 | f9d6 0748 | 83c7 0848 | ffc9 7df3 | 498b cac5 
  0x000001cc1071c804: f877 49ba | c044 bd0f | cc01 0000 

  0x000001cc1071c810: ;   {other}
  0x000001cc1071c810: 41ff d20f | 1f84 0000 | 0000 000f | 1f44 0000 | e9aa e6ff | ff48 895c | 2460 4889 | 4c24 584c 
  0x000001cc1071c830: 894c 2420 | 4c89 5c24 | 4048 8bd3 

  0x000001cc1071c83c: ;   {optimized virtual_call}
  0x000001cc1071c83c: c5f8 77e8 

  0x000001cc1071c840: ; ImmutableOopMap {rbp=NarrowOop [32]=Oop [40]=Oop [48]=Oop [64]=Oop [72]=Oop [80]=NarrowOop [96]=Oop [120]=NarrowOop [124]=NarrowOop [128]=Oop }
                      ;*invokevirtual realEntry {reexecute=0 rethrow=0 return_oop=1}
                      ; - java.util.jar.JarFile$JarFileEntry::getCodeSigners@46 (line 675)
                      ; - jdk.internal.loader.URLClassPath$JarLoader$2::getCodeSigners@4 (line 858)
                      ; - java.net.URLClassLoader::defineClass@185 (line 521)
                      ; - java.net.URLClassLoader$1::run@43 (line 427)
                      ; - java.net.URLClassLoader$1::run@1 (line 421)
  0x000001cc1071c840: 3c22 4dff 

  0x000001cc1071c844: ;   {other}
  0x000001cc1071c844: 0f1f 8400 | b43a 0033 | 488b d54c | 8bc0 6690 

  0x000001cc1071c854: ;   {optimized virtual_call}
  0x000001cc1071c854: c5f8 77e8 

  0x000001cc1071c858: ; ImmutableOopMap {[32]=Oop [40]=Oop [48]=Oop [64]=Oop [72]=Oop [80]=NarrowOop [96]=Oop [120]=NarrowOop [124]=NarrowOop [128]=Oop }
                      ;*invokevirtual getCodeSigners {reexecute=0 rethrow=0 return_oop=1}
                      ; - java.util.jar.JarFile$JarFileEntry::getCodeSigners@49 (line 675)
                      ; - jdk.internal.loader.URLClassPath$JarLoader$2::getCodeSigners@4 (line 858)
                      ; - java.net.URLClassLoader::defineClass@185 (line 521)
                      ; - java.net.URLClassLoader$1::run@43 (line 427)
                      ; - java.net.URLClassLoader$1::run@1 (line 421)
  0x000001cc1071c858: 2422 4dff 

  0x000001cc1071c85c: ;   {other}
  0x000001cc1071c85c: 0f1f 8400 | cc3a 0034 | 488b d841 | 807f 4000 | 0f85 141c | 0000 4c8b | 4c24 6048 | 8bcb 4c8b 
  0x000001cc1071c87c: d145 8951 | 5c4d 8bd9 | 4c8b c14d | 33c3 49c1 | e814 4d85 | c00f 8475 | 1b00 0066 | 0f1f 8400 
  0x000001cc1071c89c: 0000 0000 | 4885 c90f | 84c9 1b00 | 0049 c1eb | 0948 b900 | 001d 7acc | 0100 0049 | 03cb 660f 
  0x000001cc1071c8bc: 1f44 0000 | 8039 020f | 8551 1b00 | 004c 8b5c | 2440 4c8b | 4c24 2048 | 8b4c 2458 | 458b 420c 
  0x000001cc1071c8dc: 498b d249 | 63f8 48c1 | e702 4181 | f800 0004 | 000f 8719 | 1d00 0048 | 8954 2458 | 418b d844 
  0x000001cc1071c8fc: 8954 2454 | 4889 4c24 | 4049 8be9 | 4c89 5c24 | 2049 8b87 | b801 0000 | 4c8b d748 | 897c 2460 
  0x000001cc1071c91c: 4983 c217 | 4983 e2f8 | 4c8b d84d | 03da 4d3b | 9fc8 0100 | 000f 83f4 | 1c00 004d | 899f b801 
  0x000001cc1071c93c: 0000 410f | 0d8b c000 | 0000 48c7 | 0001 0000 | 0041 0f0d | 8b00 0100 

  0x000001cc1071c954: ;   {metadata('java/security/CodeSigner'[])}
  0x000001cc1071c954: 00c7 4008 | 30d5 3f01 | 4489 400c | 410f 0d8b | 4001 0000 | 410f 0d8b | 8001 0000 | 4c8b d044 
  0x000001cc1071c974: 8b44 2454 | 498d 4810 | 498b d248 | 83c2 1049 | 8bda 4c8b | 5424 6049 | 83c2 0749 | c1ea 034d 
  0x000001cc1071c994: 8bc2 c5f8 | 7749 ba60 | 4bbd 0fcc | 0100 0041 

  0x000001cc1071c9a4: ;   {other}
  0x000001cc1071c9a4: ffd2 0f1f | 8400 0000 | 0000 4c8b | 5c24 204c | 8bcd 488b | 4c24 404c | 8bd3 6690 | e9c6 dcff 
  0x000001cc1071c9c4: ff89 7c24 | 4448 8944 | 2450 4489 | 4c24 4089 | 4c24 3c44 | 895c 2438 | 4c89 4424 | 304c 8954 
  0x000001cc1071c9e4: 2428 4889 | 5c24 2048 | 8b6c 2448 

  0x000001cc1071c9f0: ;   {metadata({type array byte})}
  0x000001cc1071c9f0: 48ba 1823 | 0018 cc01 | 0000 448b | 4424 4448 | 8974 2448 

  0x000001cc1071ca04: ;   {runtime_call _new_array_Java}
  0x000001cc1071ca04: c5f8 77e8 

  0x000001cc1071ca08: ; ImmutableOopMap {rbp=Oop [32]=Oop [40]=Oop [48]=Oop }
                      ;*invokevirtual allocateUninitializedArray0 {reexecute=0 rethrow=0 return_oop=1}
                      ; - jdk.internal.misc.Unsafe::allocateUninitializedArray@51 (line 1380)
                      ; - java.lang.StringConcatHelper::newArray@33 (line 511)
                      ; - java.lang.StringConcatHelper::simpleConcat@61 (line 435)
                      ; - java.lang.String::concat@11 (line 2888)
                      ; - java.net.URLClassLoader$1::run@13 (line 423)
                      ; - java.net.URLClassLoader$1::run@1 (line 421)
  0x000001cc1071ca08: 74ae 59ff 

  0x000001cc1071ca0c: ;   {other}
  0x000001cc1071ca0c: 0f1f 8400 | 7c3c 0035 | 4c8b d048 | 896c 2448 | 488b 5c24 | 204c 8b44 | 2430 448b | 5c24 388b 
  0x000001cc1071ca2c: 4c24 3c44 | 8b4c 2440 | 488b 4424 | 508b 7c24 | 444d 8bea | 4c8b 5424 | 28e9 7bd1 | ffff 4c89 
  0x000001cc1071ca4c: 6c24 2848 | 895c 2420 

  0x000001cc1071ca54: ;   {metadata('java/lang/String')}
  0x000001cc1071ca54: 48ba 78e8 | 0018 cc01 | 0000 6690 

  0x000001cc1071ca60: ;   {runtime_call _new_instance_Java}
  0x000001cc1071ca60: c5f8 77e8 

  0x000001cc1071ca64: ; ImmutableOopMap {[32]=Oop [40]=Oop [72]=Oop }
                      ;*new {reexecute=0 rethrow=0 return_oop=1}
                      ; - java.lang.StringConcatHelper::newString@6 (line 400)
                      ; - java.lang.StringConcatHelper::simpleConcat@90 (line 440)
                      ; - java.lang.String::concat@11 (line 2888)
                      ; - java.net.URLClassLoader$1::run@13 (line 423)
                      ; - java.net.URLClassLoader$1::run@1 (line 421)
  0x000001cc1071ca64: 18ab 59ff 

  0x000001cc1071ca68: ;   {other}
  0x000001cc1071ca68: 0f1f 8400 | d83c 0036 | 4c8b 6c24 | 284c 8bc0 | 488b 5c24 | 2066 6690 | e90e d2ff | ff44 8b55 
  0x000001cc1071ca88: ;   {metadata('java/util/jar/JarFile')}
  0x000001cc1071ca88: 0841 81fa | 0814 1900 | 0f85 f722 | 0000 488b | 5424 6890 

  0x000001cc1071ca9c: ;   {optimized virtual_call}
  0x000001cc1071ca9c: c5f8 77e8 

  0x000001cc1071caa0: ; ImmutableOopMap {[32]=Oop [40]=Oop [48]=Oop [64]=Oop [72]=Oop [80]=NarrowOop [96]=Oop [120]=NarrowOop [124]=NarrowOop [128]=Oop }
                      ;*invokevirtual getManifestFromReference {reexecute=0 rethrow=0 return_oop=1}
                      ; - java.util.jar.JarFile::getManifest@1 (line 405)
                      ; - java.util.jar.JarFile::maybeInstantiateVerifier@31 (line 724)
                      ; - java.util.jar.JarFile$JarFileEntry::getCodeSigners@4 (line 670)
                      ; - jdk.internal.loader.URLClassPath$JarLoader$2::getCodeSigners@4 (line 858)
                      ; - java.net.URLClassLoader::defineClass@185 (line 521)
                      ; - java.net.URLClassLoader$1::run@43 (line 427)
                      ; - java.net.URLClassLoader$1::run@1 (line 421)
  0x000001cc1071caa0: dc1f 4dff 

  0x000001cc1071caa4: ;   {other}
  0x000001cc1071caa4: 0f1f 8400 | 143d 0037 | 4c8b 5c24 | 404c 8b4c | 2420 488b | 4c24 5848 | 8b5c 2460 | e9a4 dbff 
  0x000001cc1071cac4: ff44 8b94 | 24a8 0000 

  0x000001cc1071cacc: ;   {metadata('java/util/jar/JarFile')}
  0x000001cc1071cacc: 0041 81fa | 0814 1900 | 0f85 f222 | 0000 488b | 9424 8000 | 0000 6690 

  0x000001cc1071cae4: ;   {optimized virtual_call}
  0x000001cc1071cae4: c5f8 77e8 

  0x000001cc1071cae8: ; ImmutableOopMap {rbp=NarrowOop [32]=Oop [48]=Oop [64]=Oop [72]=Oop [80]=NarrowOop [84]=NarrowOop [88]=Oop [96]=NarrowOop [104]=Oop [128]=Oop [160]=Oop }
                      ;*invokevirtual getManifestFromReference {reexecute=0 rethrow=0 return_oop=1}
                      ; - java.util.jar.JarFile::getManifest@1 (line 405)
                      ; - java.util.jar.JarFile::maybeInstantiateVerifier@31 (line 724)
                      ; - java.util.jar.JarFile::ensureInitialization@1 (line 1064)
                      ; - java.util.jar.JavaUtilJarAccessImpl::ensureInitialization@1 (line 42)
                      ; - jdk.internal.loader.URLClassPath$JarLoader$2::getManifest@10 (line 852)
                      ; - java.net.URLClassLoader::defineClass@34 (line 491)
                      ; - java.net.URLClassLoader$1::run@43 (line 427)
                      ; - java.net.URLClassLoader$1::run@1 (line 421)
  0x000001cc1071cae8: 941f 4dff 

  0x000001cc1071caec: ;   {other}
  0x000001cc1071caec: 0f1f 8400 | 5c3d 0038 | 4c8b 5424 | 204c 8954 | 2470 488b | 7c24 4048 | 8b54 2428 | 448b 5424 
  0x000001cc1071cb0c: 5044 8954 | 2478 448b | 5c24 5444 | 895c 247c | 4c8b 4424 | 304c 8b4c | 2458 448b | 5424 604c 
  0x000001cc1071cb2c: 8b5c 2468 | 488b b424 | 8000 0000 | e96b d6ff | ff89 4c24 | 5089 5424 | 5444 8954 | 2458 4889 
  0x000001cc1071cb4c: 5c24 3048 | 8974 2440 | 4c8b 5424 | 304c 8954 | 2438 4889 | 4424 3044 | 894c 242c | 4489 4424 
  0x000001cc1071cb6c: 284c 8b54 | 2448 4c89 

  0x000001cc1071cb74: ;   {metadata({type array byte})}
  0x000001cc1071cb74: 5424 2048 | ba18 2300 | 18cc 0100 | 0045 8bc1 

  0x000001cc1071cb84: ;   {runtime_call _new_array_Java}
  0x000001cc1071cb84: c5f8 77e8 

  0x000001cc1071cb88: ; ImmutableOopMap {[32]=Oop [40]=NarrowOop [48]=Oop [56]=Oop [64]=Oop [72]=Oop [80]=NarrowOop }
                      ;*invokevirtual allocateUninitializedArray0 {reexecute=0 rethrow=0 return_oop=1}
                      ; - jdk.internal.misc.Unsafe::allocateUninitializedArray@51 (line 1380)
                      ; - java.lang.StringConcatHelper::newArray@33 (line 511)
                      ; - java.lang.StringLatin1::replace@49 (line 308)
                      ; - java.lang.String::replace@18 (line 2922)
                      ; - java.net.URLClassLoader$1::run@8 (line 423)
                      ; - java.net.URLClassLoader$1::run@1 (line 421)
  0x000001cc1071cb88: f4ac 59ff 

  0x000001cc1071cb8c: ;   {other}
  0x000001cc1071cb8c: 0f1f 8400 | fc3d 0039 | 4c8b d044 | 8b44 2428 | 448b 4c24 | 2c48 8b44 | 2430 4c8b | 5c24 384c 
  0x000001cc1071cbac: 895c 2430 | 488b 7424 | 40e9 90cc 

  0x000001cc1071cbb8: ;   {metadata('java/lang/String')}
  0x000001cc1071cbb8: ffff 48ba | 78e8 0018 | cc01 0000 | 488b e84c | 8954 2438 

  0x000001cc1071cbcc: ;   {runtime_call _new_instance_Java}
  0x000001cc1071cbcc: c5f8 77e8 

  0x000001cc1071cbd0: ; ImmutableOopMap {rbp=Oop [48]=Oop [56]=Oop [72]=Oop }
                      ;*new {reexecute=0 rethrow=0 return_oop=1}
                      ; - java.lang.StringLatin1::replace@116 (line 317)
                      ; - java.lang.String::replace@18 (line 2922)
                      ; - java.net.URLClassLoader$1::run@8 (line 423)
                      ; - java.net.URLClassLoader$1::run@1 (line 421)
  0x000001cc1071cbd0: aca9 59ff 

  0x000001cc1071cbd4: ;   {other}
  0x000001cc1071cbd4: 0f1f 8400 | 443e 003a | 4c8b c04c | 8b54 2438 | e9d3 ceff | ff33 c0e9 | fddf ffff | 4c89 5424 
  0x000001cc1071cbf4: 5848 894c | 2440 4c89 | 4c24 2049 

  0x000001cc1071cc00: ;   {metadata('java/security/CodeSource')}
  0x000001cc1071cc00: 8beb 48ba | 285c 0018 | cc01 0000 

  0x000001cc1071cc0c: ;   {runtime_call _new_instance_Java}
  0x000001cc1071cc0c: c5f8 77e8 

  0x000001cc1071cc10: ; ImmutableOopMap {rbp=Oop [32]=Oop [40]=Oop [48]=Oop [72]=Oop [80]=NarrowOop [88]=Oop [120]=NarrowOop [124]=NarrowOop [128]=Oop }
                      ;*new {reexecute=0 rethrow=0 return_oop=1}
                      ; - java.net.URLClassLoader::defineClass@190 (line 522)
                      ; - java.net.URLClassLoader$1::run@43 (line 427)
                      ; - java.net.URLClassLoader$1::run@1 (line 421)
  0x000001cc1071cc10: 6ca9 59ff 

  0x000001cc1071cc14: ;   {other}
  0x000001cc1071cc14: 0f1f 8400 | 843e 003b | 4c8b dd4c | 8b4c 2420 | 488b 4c24 | 404c 8b54 | 2458 488b | d8e9 a4da 
  0x000001cc1071cc34: ffff 4889 | 4c24 6044 | 8944 243c | 4c89 4c24 

  0x000001cc1071cc44: ;   {metadata('java/security/SecureClassLoader$1')}
  0x000001cc1071cc44: 5848 ba50 | ba11 18cc | 0100 0090 

  0x000001cc1071cc50: ;   {runtime_call _new_instance_Java}
  0x000001cc1071cc50: c5f8 77e8 

  0x000001cc1071cc54: ; ImmutableOopMap {rbp=NarrowOop [32]=Oop [40]=Oop [48]=Oop [64]=Oop [72]=Oop [88]=Oop [96]=Oop [120]=NarrowOop [124]=NarrowOop }
                      ;*new {reexecute=0 rethrow=0 return_oop=1}
                      ; - java.security.SecureClassLoader::getProtectionDomain@20 (line 222)
                      ; - java.security.SecureClassLoader::defineClass@9 (line 150)
                      ; - java.net.URLClassLoader::defineClass@220 (line 524)
                      ; - java.net.URLClassLoader$1::run@43 (line 427)
                      ; - java.net.URLClassLoader$1::run@1 (line 421)
  0x000001cc1071cc54: 28a9 59ff 

  0x000001cc1071cc58: ;   {other}
  0x000001cc1071cc58: 0f1f 8400 | c83e 003c | 8b5c 2478 | 4c8b 4c24 | 5844 8b44 | 243c 488b | 4c24 6048 | 8bf8 e922 
  0x000001cc1071cc78: ddff ff44 | 8944 2438 

  0x000001cc1071cc80: ;   {metadata('java/security/SecureClassLoader$CodeSourceKey')}
  0x000001cc1071cc80: 48ba b8b4 | 1118 cc01 | 0000 6690 

  0x000001cc1071cc8c: ;   {runtime_call _new_instance_Java}
  0x000001cc1071cc8c: c5f8 77e8 

  0x000001cc1071cc90: ; ImmutableOopMap {[32]=Oop [40]=Oop [48]=Oop [64]=Oop [72]=Oop [96]=Oop [120]=NarrowOop [124]=NarrowOop [128]=Oop }
                      ;*new {reexecute=0 rethrow=0 return_oop=1}
                      ; - java.security.SecureClassLoader::getProtectionDomain@6 (line 221)
                      ; - java.security.SecureClassLoader::defineClass@9 (line 150)
                      ; - java.net.URLClassLoader::defineClass@220 (line 524)
                      ; - java.net.URLClassLoader$1::run@43 (line 427)
                      ; - java.net.URLClassLoader$1::run@1 (line 421)
  0x000001cc1071cc90: eca8 59ff 

  0x000001cc1071cc94: ;   {other}
  0x000001cc1071cc94: 0f1f 8400 | 043f 003d | 4c8b 8c24 | 8000 0000 | 448b 4424 | 3848 8bc8 | e99d dcff | ff44 8954 
  0x000001cc1071ccb4: 2454 4c89 | 4c24 684c | 8944 2460 | 4889 5c24 | 5889 4424 | 5044 895c | 2444 894c | 2440 4889 
  0x000001cc1071ccd4: 5424 2048 | 897c 2428 | 488b 6c24 

  0x000001cc1071cce0: ;   {metadata('java/lang/String')}
  0x000001cc1071cce0: 7048 ba78 | e800 18cc | 0100 0090 

  0x000001cc1071ccec: ;   {runtime_call _new_instance_Java}
  0x000001cc1071ccec: c5f8 77e8 

  0x000001cc1071ccf0: ; ImmutableOopMap {rbp=Oop [40]=Oop [64]=NarrowOop [72]=Oop [84]=NarrowOop [88]=Oop [96]=Oop [104]=Oop [120]=NarrowOop [124]=NarrowOop }
                      ;*new {reexecute=0 rethrow=0 return_oop=1}
                      ; - java.lang.StringLatin1::newString@7 (line 756)
                      ; - java.lang.String::substring@41 (line 2828)
                      ; - java.net.URLClassLoader::defineClass@28 (line 489)
                      ; - java.net.URLClassLoader$1::run@43 (line 427)
                      ; - java.net.URLClassLoader$1::run@1 (line 421)
  0x000001cc1071ccf0: 8ca8 59ff 

  0x000001cc1071ccf4: ;   {other}
  0x000001cc1071ccf4: 0f1f 8400 | 643f 003e | 488b f048 | 896c 2470 | 488b 7c24 | 2848 8b54 | 2420 8b4c | 2440 448b 
  0x000001cc1071cd14: 5c24 448b | 4424 5048 | 8b5c 2458 | 4c8b 4424 | 604c 8b4c | 2468 448b | 5424 54e9 | fdd0 ffff 
  0x000001cc1071cd34: 4889 7c24 | 2848 8954 | 2430 8944 | 2440 4889 | 5c24 204c | 8944 2450 | 4c89 4c24 | 5844 8954 
  0x000001cc1071cd54: 2444 4889 | 7424 604c | 896c 2468 | 4c89 b424 | 8000 0000 | 4c89 9c24 | 8800 0000 

  0x000001cc1071cd70: ;   {metadata({type array byte})}
  0x000001cc1071cd70: 48ba 1823 | 0018 cc01 | 0000 448b | 4424 4090 

  0x000001cc1071cd80: ;   {runtime_call _new_array_nozero_Java}
  0x000001cc1071cd80: c5f8 77e8 

  0x000001cc1071cd84: ; ImmutableOopMap {[32]=Oop [104]=Derived_oop_[32] [40]=Oop [68]=NarrowOop [72]=Oop [80]=Oop [88]=Oop [96]=Oop [112]=Oop [120]=NarrowOop [124]=NarrowOop }
                      ;*newarray {reexecute=0 rethrow=0 return_oop=1}
                      ; - java.util.Arrays::copyOfRangeByte@10 (line 3863)
                      ; - java.util.Arrays::copyOfRange@13 (line 3854)
                      ; - java.lang.StringLatin1::newString@16 (line 756)
                      ; - java.lang.String::substring@41 (line 2828)
                      ; - java.net.URLClassLoader::defineClass@28 (line 489)
                      ; - java.net.URLClassLoader$1::run@43 (line 427)
                      ; - java.net.URLClassLoader$1::run@1 (line 421)
  0x000001cc1071cd84: 7886 59ff 

  0x000001cc1071cd88: ;   {other}
  0x000001cc1071cd88: 0f1f 8400 | f83f 003f | 448b 5c24 | 404c 8bc0 | e96d d2ff | ff45 2bd3 | 4c89 8c24 | 9800 0000 
  0x000001cc1071cda8: e9ff ecff | ff44 899c | 2480 0000 | 0048 8bef | 4489 4424 | 7489 4c24 | 5448 8bd7 | 4c8b 8424 
  0x000001cc1071cdc8: 9800 0000 | 458b cb41 | 8bfa c5f8 | 7748 b8ff | ffff ffff 

  0x000001cc1071cddc: ;   {virtual_call}
  0x000001cc1071cddc: ffff ffe8 

  0x000001cc1071cde0: ; ImmutableOopMap {rbp=Oop [32]=Oop [40]=Oop [48]=Oop [64]=Oop [72]=Oop [80]=NarrowOop [84]=NarrowOop [88]=Oop [104]=Oop [120]=NarrowOop [124]=NarrowOop [152]=Oop }
                      ;*invokevirtual read {reexecute=0 rethrow=0 return_oop=0}
                      ; - jdk.internal.loader.Resource::getBytes@117 (line 126)
                      ; - java.net.URLClassLoader::defineClass@179 (line 519)
                      ; - java.net.URLClassLoader$1::run@43 (line 427)
                      ; - java.net.URLClassLoader$1::run@1 (line 421)
  0x000001cc1071cde0: 9c1f 4dff 

  0x000001cc1071cde4: ;   {other}
  0x000001cc1071cde4: 0f1f 8400 | 5440 0040 | 448b d0e9 | 13ed ffff | 4889 7c24 | 2848 8954 | 2430 894c | 2440 418b 
  0x000001cc1071ce04: c348 895c | 2420 4c89 | 4424 504c | 894c 2458 | 4489 5424 | 4448 8974 | 2460 4c89 | 6c24 6848 
  0x000001cc1071ce24: 89ac 2480 

  0x000001cc1071ce28: ;   {metadata({type array byte})}
  0x000001cc1071ce28: 0000 0048 | ba18 2300 | 18cc 0100 | 0044 8bc0 

  0x000001cc1071ce38: ;   {runtime_call _new_array_nozero_Java}
  0x000001cc1071ce38: c5f8 77e8 

  0x000001cc1071ce3c: ; ImmutableOopMap {[32]=Oop [104]=Derived_oop_[32] [40]=Oop [64]=NarrowOop [68]=NarrowOop [72]=Oop [80]=Oop [88]=Oop [96]=Oop [112]=Oop [120]=NarrowOop [124]=NarrowOop }
                      ;*invokevirtual clone {reexecute=1 rethrow=0 return_oop=1}
                      ; - (reexecute) java.util.Arrays::copyOfRange@18 (line 3856)
                      ; - java.lang.StringLatin1::newString@16 (line 756)
                      ; - java.lang.String::substring@41 (line 2828)
                      ; - java.net.URLClassLoader::defineClass@28 (line 489)
                      ; - java.net.URLClassLoader$1::run@43 (line 427)
                      ; - java.net.URLClassLoader$1::run@1 (line 421)
  0x000001cc1071ce3c: c085 59ff 

  0x000001cc1071ce40: ;   {other}
  0x000001cc1071ce40: 0f1f 8400 | b040 0041 | 488b d8e9 | 95d0 ffff | 4489 5c24 | 3044 8944 | 2424 894c | 2420 488b 
  0x000001cc1071ce60: ;   {metadata('java/lang/String')}
  0x000001cc1071ce60: eb48 ba78 | e800 18cc | 0100 0090 

  0x000001cc1071ce6c: ;   {runtime_call _new_instance_Java}
  0x000001cc1071ce6c: c5f8 77e8 

  0x000001cc1071ce70: ; ImmutableOopMap {rbp=Oop [32]=NarrowOop [40]=Oop [64]=Oop [72]=Oop [96]=NarrowOop [104]=Oop [168]=Oop }
                      ;*new {reexecute=0 rethrow=0 return_oop=1}
                      ; - java.lang.StringLatin1::newString@7 (line 756)
                      ; - java.lang.String::substring@41 (line 2828)
                      ; - java.lang.Class::getPackageName@62 (line 1171)
                      ; - java.lang.ClassLoader::postDefineClass@2 (line 934)
                      ; - java.lang.ClassLoader::defineClass@37 (line 1028)
                      ; - java.security.SecureClassLoader::defineClass@12 (line 150)
                      ; - java.net.URLClassLoader::defineClass@220 (line 524)
                      ; - java.net.URLClassLoader$1::run@43 (line 427)
                      ; - java.net.URLClassLoader$1::run@1 (line 421)
  0x000001cc1071ce70: 0ca7 59ff 

  0x000001cc1071ce74: ;   {other}
  0x000001cc1071ce74: 0f1f 8400 | e440 0042 | 488b dd8b | 4c24 2044 | 8b44 2424 | 448b 5c24 | 3048 8bf0 | e9a6 deff 
  0x000001cc1071ce94: ffba e4ff | ffff 488b | 6c24 4848 | 897c 2428 | 4c8b 5424 | 384c 8954 | 2430 894c | 2440 8944 
  0x000001cc1071ceb4: 2444 6690 

  0x000001cc1071ceb8: ;   {runtime_call UncommonTrapBlob}
  0x000001cc1071ceb8: c5f8 77e8 

  0x000001cc1071cebc: ; ImmutableOopMap {rbp=Oop [40]=Oop [64]=NarrowOop [120]=NarrowOop [124]=NarrowOop }
                      ;*baload {reexecute=0 rethrow=0 return_oop=0}
                      ; - java.lang.StringLatin1::lastIndexOf@24 (line 290)
                      ; - java.lang.String::lastIndexOf@13 (line 2562)
                      ; - java.lang.String::lastIndexOf@8 (line 2524)
                      ; - java.net.URLClassLoader::defineClass@7 (line 486)
                      ; - java.net.URLClassLoader$1::run@43 (line 427)
                      ; - java.net.URLClassLoader$1::run@1 (line 421)
  0x000001cc1071cebc: c074 4dff 

  0x000001cc1071cec0: ;   {other}
  0x000001cc1071cec0: 0f1f 8400 | 3041 0043 | 418b ebe9 | e6c8 ffff | 4889 bc24 | 8000 0000 | 4c89 4c24 | 784c 8954 
  0x000001cc1071cee0: 2470 4889 | 7424 5844 | 895c 2438 | 4889 5c24 

  0x000001cc1071cef0: ;   {metadata({type array byte})}
  0x000001cc1071cef0: 3048 ba18 | 2300 18cc | 0100 0045 | 8bc3 6690 

  0x000001cc1071cf00: ;   {runtime_call _new_array_nozero_Java}
  0x000001cc1071cf00: c5f8 77e8 

  0x000001cc1071cf04: ; ImmutableOopMap {[40]=Oop [48]=Oop [64]=Oop [72]=Oop [88]=Oop [96]=NarrowOop [104]=Oop [168]=Oop [112]=Derived_oop_[168] }
                      ;*newarray {reexecute=0 rethrow=0 return_oop=1}
                      ; - java.util.Arrays::copyOfRangeByte@10 (line 3863)
                      ; - java.util.Arrays::copyOfRange@13 (line 3854)
                      ; - java.lang.StringLatin1::newString@16 (line 756)
                      ; - java.lang.String::substring@41 (line 2828)
                      ; - java.lang.Class::getPackageName@62 (line 1171)
                      ; - java.lang.ClassLoader::postDefineClass@2 (line 934)
                      ; - java.lang.ClassLoader::defineClass@37 (line 1028)
                      ; - java.security.SecureClassLoader::defineClass@12 (line 150)
                      ; - java.net.URLClassLoader::defineClass@220 (line 524)
                      ; - java.net.URLClassLoader$1::run@43 (line 427)
                      ; - java.net.URLClassLoader$1::run@1 (line 421)
  0x000001cc1071cf04: f884 59ff 

  0x000001cc1071cf08: ;   {other}
  0x000001cc1071cf08: 0f1f 8400 | 7841 0044 | 488b 5c24 | 3044 8b5c | 2438 488b | 7424 584c | 8b54 2470 | 4c8b 4c24 
  0x000001cc1071cf28: 7848 8bbc | 2480 0000 | 004c 8be8 | e94f dfff | ff48 895c | 2420 488b 

  0x000001cc1071cf40: ;   {metadata('java/lang/String')}
  0x000001cc1071cf40: 6c24 4848 | ba78 e800 | 18cc 0100 | 0066 6690 

  0x000001cc1071cf50: ;   {runtime_call _new_instance_Java}
  0x000001cc1071cf50: c5f8 77e8 

  0x000001cc1071cf54: ; ImmutableOopMap {rbp=Oop [32]=Oop [72]=Oop }
                      ;*new {reexecute=0 rethrow=0 return_oop=1}
                      ; - java.lang.StringConcatHelper::simpleConcat@17 (line 425)
                      ; - java.lang.String::concat@11 (line 2888)
                      ; - java.net.URLClassLoader$1::run@13 (line 423)
                      ; - java.net.URLClassLoader$1::run@1 (line 421)
  0x000001cc1071cf54: 28a6 59ff 

  0x000001cc1071cf58: ;   {other}
  0x000001cc1071cf58: 0f1f 8400 | c841 0045 | 488b 5c24 | 20e9 08e1 | ffff 4c89 | 4c24 384c | 8954 2420 | 4889 7424 
  0x000001cc1071cf78: 7089 4c24 | 5848 895c 

  0x000001cc1071cf80: ;   {metadata({type array byte})}
  0x000001cc1071cf80: 2430 48ba | 1823 0018 | cc01 0000 | 488b ac24 | a800 0000 

  0x000001cc1071cf94: ;   {runtime_call _new_array_nozero_Java}
  0x000001cc1071cf94: c5f8 77e8 

  0x000001cc1071cf98: ; ImmutableOopMap {rbp=Oop [32]=Derived_oop_rbp [40]=Oop [48]=Oop [64]=Oop [72]=Oop [88]=NarrowOop [96]=NarrowOop [104]=Oop [112]=Oop }
                      ;*invokevirtual clone {reexecute=1 rethrow=0 return_oop=1}
                      ; - (reexecute) java.util.Arrays::copyOfRange@18 (line 3856)
                      ; - java.lang.StringLatin1::newString@16 (line 756)
                      ; - java.lang.String::substring@41 (line 2828)
                      ; - java.lang.Class::getPackageName@62 (line 1171)
                      ; - java.lang.ClassLoader::postDefineClass@2 (line 934)
                      ; - java.lang.ClassLoader::defineClass@37 (line 1028)
                      ; - java.security.SecureClassLoader::defineClass@12 (line 150)
                      ; - java.net.URLClassLoader::defineClass@220 (line 524)
                      ; - java.net.URLClassLoader$1::run@43 (line 427)
                      ; - java.net.URLClassLoader$1::run@1 (line 421)
  0x000001cc1071cf98: 6484 59ff 

  0x000001cc1071cf9c: ;   {other}
  0x000001cc1071cf9c: 0f1f 8400 | 0c42 0046 | 488b 5c24 | 3048 8b74 | 2470 4c8b | 5424 204c | 8b4c 2438 | 488b f80f 
  0x000001cc1071cfbc: 1f44 0000 | e9eb ddff | ff90 c5f8 | 7748 b8ff | ffff ffff 

  0x000001cc1071cfd0: ;   {virtual_call}
  0x000001cc1071cfd0: ffff ffe8 

  0x000001cc1071cfd4: ; ImmutableOopMap {rbp=Oop [32]=Oop [40]=Oop [48]=Oop [64]=Oop [72]=Oop [80]=NarrowOop [104]=Oop [120]=NarrowOop [124]=NarrowOop }
                      ;*invokevirtual close {reexecute=0 rethrow=0 return_oop=0}
                      ; - jdk.internal.loader.Resource::getBytes@183 (line 145)
                      ; - java.net.URLClassLoader::defineClass@179 (line 519)
                      ; - java.net.URLClassLoader$1::run@43 (line 427)
                      ; - java.net.URLClassLoader$1::run@1 (line 421)
  0x000001cc1071cfd4: a81d 4dff 

  0x000001cc1071cfd8: ;   {other}
  0x000001cc1071cfd8: 0f1f 8400 | 4842 0047 | e97f ebff | ff4c 63c5 | 4d8d 5010 | 4d8b da49 | 83e3 f848 | 8bfb 4903 
  0x000001cc1071cff8: fb49 c1ea | 034c 8bd9 | 4d2b da49 | 8bcb 4833 | c048 83f9 | 087f 1048 | ffc9 784f | 4889 04cf 
  0x000001cc1071d018: 48ff c97d | f7eb 44c5 | fdef c0e9 | 0d00 0000 | c5fe 7f07 | c5fe 7f47 | 2048 83c7 | 4048 83e9 
  0x000001cc1071d038: 087d ed48 | 83c1 047c | 0cc5 fe7f | 0748 83c7 | 2048 83e9 | 0448 83c1 | 047e 1048 | ffc9 c5f9 
  0x000001cc1071d058: d607 4883 | c708 48ff | c97d f348 | 8b8c 24a0 | 0000 0049 | 8bd1 c5f8 | 7749 bac0 | 44bd 0fcc 
  0x000001cc1071d078: 0100 0041 

  0x000001cc1071d07c: ;   {other}
  0x000001cc1071d07c: ffd2 0f1f | 8400 0000 | 0000 e9f8 | e9ff ffba | e4ff ffff | 488b 6c24 | 484c 8b54 | 2440 4c89 
  0x000001cc1071d09c: 5424 2048 | 895c 2430 | 4889 5c24 | 4048 8944 | 2448 894c | 2458 4489 | 5c24 5c90 

  0x000001cc1071d0b8: ;   {runtime_call UncommonTrapBlob}
  0x000001cc1071d0b8: c5f8 77e8 

  0x000001cc1071d0bc: ; ImmutableOopMap {rbp=Oop [32]=Oop [48]=Oop [64]=Oop [72]=Oop [88]=NarrowOop [96]=NarrowOop [104]=Oop }
                      ;*baload {reexecute=0 rethrow=0 return_oop=0}
                      ; - java.lang.StringLatin1::lastIndexOf@24 (line 290)
                      ; - java.lang.String::lastIndexOf@13 (line 2562)
                      ; - java.lang.String::lastIndexOf@8 (line 2524)
                      ; - java.lang.Class::getPackageName@47 (line 1170)
                      ; - java.lang.ClassLoader::postDefineClass@2 (line 934)
                      ; - java.lang.ClassLoader::defineClass@37 (line 1028)
                      ; - java.security.SecureClassLoader::defineClass@12 (line 150)
                      ; - java.net.URLClassLoader::defineClass@220 (line 524)
                      ; - java.net.URLClassLoader$1::run@43 (line 427)
                      ; - java.net.URLClassLoader$1::run@1 (line 421)
  0x000001cc1071d0bc: c072 4dff 

  0x000001cc1071d0c0: ;   {other}
  0x000001cc1071d0c0: 0f1f 8400 | 3043 0048 | 498b eb4c | 63d6 4c89 | 9424 9800 | 0000 448b | d60f 1f80 | 0000 0000 
  0x000001cc1071d0e0: 4181 fa00 | 0010 000f | 8753 1c00 | 004d 8b97 | b801 0000 | 4d8b c24c | 8b94 2498 | 0000 0049 
  0x000001cc1071d100: 83c2 1749 | 83e2 f84d | 8bd8 4d03 | da4d 3b9f | c801 0000 | 0f83 261c | 0000 4d89 | 9fb8 0100 
  0x000001cc1071d120: 0041 0f0d | 8bc0 0000 | 004d 8bd0 | 49c7 0201 | 0000 0041 | 0f0d 8b00 

  0x000001cc1071d138: ;   {metadata({type array byte})}
  0x000001cc1071d138: 0100 0041 | c742 0818 | 2300 0044 | 8bd6 4589 | 500c 410f | 0d8b 4001 | 0000 410f | 0d8b 8001 
  0x000001cc1071d158: 0000 4d8b | d049 8bda | 498b d248 | 83c2 104c | 8b94 2498 | 0000 0049 | 83c2 0749 | c1ea 0348 
  0x000001cc1071d178: 8bcd 4d8b | c2c5 f877 | 49ba 604b | bd0f cc01 | 0000 41ff 

  0x000001cc1071d18c: ;   {other}
  0x000001cc1071d18c: d20f 1f84 | 0000 0000 | 00e9 e9e8 | ffff 4c8b | 5424 6045 | 8b5a 1045 | 85db 0f84 | 2fe4 ffff 
  0x000001cc1071d1ac: 4d8b 4728 | 498b cb4d | 85c0 0f84 | 801a 0000 | 4d8b 5f38 | 4b89 4c03 | f849 83c0 | f84d 8947 
  0x000001cc1071d1cc: 28e9 09e4 | ffff 4c8b | 4424 2045 | 8b58 140f | 1f44 0000 | 4585 db0f | 8453 e4ff | ff4d 8b57 
  0x000001cc1071d1ec: 2849 8bcb | 4d85 d20f | 846f 1a00 | 004d 8b5f | 384b 894c | 13f8 4983 | c2f8 4d89 | 5728 e92d 
  0x000001cc1071d20c: e4ff ff4c | 8b54 2458 | 458b 420c | 0f1f 8400 | 0000 0000 | 4585 c00f | 84c7 e4ff | ff4d 8b5f 
  0x000001cc1071d22c: 2849 8bc8 | 4d85 db0f | 8455 1a00 | 004d 8b47 | 384b 894c | 18f8 4983 | c3f8 4d89 | 5f28 e9a1 
  0x000001cc1071d24c: e4ff ff4d | 8b5f 584d | 8b47 48f0 | 8344 24c0 | 0066 6690 | 8039 000f | 8483 e2ff | ff44 8821 
  0x000001cc1071d26c: 4d85 c075 | 2c49 8bf9 | 498b da49 | 8bd7 c5f8 | 7749 ba10 | 27fd fafe | 7f00 0041 

  0x000001cc1071d288: ;   {other}
  0x000001cc1071d288: ffd2 0f1f | 8400 0000 | 0000 4c8b | d34c 8bcf | e94f e2ff | ff4b 894c | 03f8 4983 | c0f8 4d89 
  0x000001cc1071d2a8: 4748 e93d | e2ff ff4d | 8b5f 484d | 8b47 58f0 | 8344 24c0 | 0066 6690 | 8039 0074 | 3844 8821 
  0x000001cc1071d2c8: 4d85 db74 | 0f4b 894c | 18f8 4983 | c3f8 4d89 | 5f48 eb21 | 498b da49 | 8bd7 c5f8 | 7749 ba10 
  0x000001cc1071d2e8: 27fd fafe | 7f00 0041 

  0x000001cc1071d2f0: ;   {other}
  0x000001cc1071d2f0: ffd2 0f1f | 8400 0000 | 0000 4c8b | d345 8b42 | 1045 85c0 | 0f84 5c1b | 0000 4d8b | d849 8bdb 
  0x000001cc1071d310: e9f9 e2ff | ff4d 8b57 | 484d 8b5f | 58f0 8344 | 24c0 0080 | 3900 0f84 | 46e3 ffff | 4488 214d 
  0x000001cc1071d330: 85d2 7529 | 498b d849 | 8bd7 c5f8 | 7749 ba10 | 27fd fafe | 7f00 0041 

  0x000001cc1071d348: ;   {other}
  0x000001cc1071d348: ffd2 0f1f | 8400 0000 | 0000 4c8b | c34c 8bcd | e915 e3ff | ff4b 894c | 13f8 4983 | c2f8 4d89 
  0x000001cc1071d368: 5748 e903 | e3ff ff4d | 8b5f 484d | 8b47 58f0 | 8344 24c0 | 0066 6690 | 8039 0074 | 3844 8821 
  0x000001cc1071d388: 4d85 db74 | 0f4b 894c | 18f8 4983 | c3f8 4d89 | 5f48 eb21 | 498b da49 | 8bd7 c5f8 | 7749 ba10 
  0x000001cc1071d3a8: 27fd fafe | 7f00 0041 

  0x000001cc1071d3b0: ;   {other}
  0x000001cc1071d3b0: ffd2 0f1f | 8400 0000 | 0000 4c8b | d345 8b42 | 0ce9 63e3 | ffff 4c8b | 4424 5845 | 8b58 1045 
  0x000001cc1071d3d0: 85db 0f84 | a1e9 ffff | 4d8b 5728 | 498b cb90 | 4d85 d20f | 84cb 1800 | 0049 8bf9 | 488b 5c24 
  0x000001cc1071d3f0: 584d 8b5f | 384b 894c | 13f8 4983 | c2f8 4d89 | 5728 4c8b | c34c 8bcf | e96c e9ff | ff4c 8b4c 
  0x000001cc1071d410: 2458 458b | 5114 4585 | d20f 84b5 | e9ff ff4d | 8b5f 2849 | 8bca 4d85 | db0f 84ad | 1800 004d 
  0x000001cc1071d430: 8b57 384b | 894c 1af8 | 4983 c3f8 | 4d89 5f28 | e98f e9ff | ff4d 8b57 | 584d 8b5f | 48f0 8344 
  0x000001cc1071d450: 24c0 0080 | 3900 0f84 | 38e8 ffff | 4488 2190 | 4d85 db75 | 2049 8bd7 | c5f8 7749 | ba10 27fd 
  0x000001cc1071d470: fafe 7f00 | 0041 ffd2 

  0x000001cc1071d478: ;   {other}
  0x000001cc1071d478: 0f1f 8400 | 0000 0000 | e90f e8ff | ff4b 894c | 1af8 4983 | c3f8 4d89 | 5f48 e9fd | e7ff ff4d 
  0x000001cc1071d498: 8b57 484d | 8b5f 58f0 | 8344 24c0 | 0080 3900 | 7439 4488 | 214d 85d2 | 7410 4b89 | 4c13 f849 
  0x000001cc1071d4b8: 83c2 f84d | 8957 4890 | eb21 498b | d849 8bd7 | c5f8 7749 | ba10 27fd | fafe 7f00 | 0041 ffd2 
  0x000001cc1071d4d8: ;   {other}
  0x000001cc1071d4d8: 0f1f 8400 | 0000 0000 | 4c8b c345 | 8b50 1045 | 85d2 0f84 | c019 0000 | 4d8b cae9 | b4e8 ffff 
  0x000001cc1071d4f8: 4d8b 5748 | 4d8b 5f58 | f083 4424 | c000 8039 | 000f 84fb | e8ff ff44 | 8821 4d85 | d275 2e49 
  0x000001cc1071d518: 8bd9 498b | d7c5 f877 | 49ba 1027 | fdfa fe7f | 0000 41ff 

  0x000001cc1071d52c: ;   {other}
  0x000001cc1071d52c: d20f 1f84 | 0000 0000 | 004c 8bcb | 488b dd0f | 1f44 0000 | e9c5 e8ff | ff4b 894c | 13f8 4983 
  0x000001cc1071d54c: c2f8 4d89 | 5748 e9b3 | e8ff ffba | f6ff ffff | 4c89 4424 | 2066 6690 

  0x000001cc1071d564: ;   {runtime_call UncommonTrapBlob}
  0x000001cc1071d564: c5f8 77e8 

  0x000001cc1071d568: ; ImmutableOopMap {[32]=Oop [72]=Oop }
                      ;*invokevirtual getResource {reexecute=0 rethrow=0 return_oop=0}
                      ; - java.net.URLClassLoader$1::run@26 (line 424)
                      ; - java.net.URLClassLoader$1::run@1 (line 421)
  0x000001cc1071d568: 146e 4dff 

  0x000001cc1071d56c: ;   {other}
  0x000001cc1071d56c: 0f1f 8400 | dc47 0049 | ba76 ffff | ff48 8b6c | 2448 894c | 2420 4489 | 4c24 2844 | 8944 242c 
  0x000001cc1071d58c: ;   {runtime_call UncommonTrapBlob}
  0x000001cc1071d58c: c5f8 77e8 

  0x000001cc1071d590: ; ImmutableOopMap {rbp=Oop [32]=NarrowOop [44]=NarrowOop }
                      ;*if_icmpge {reexecute=1 rethrow=0 return_oop=0}
                      ; - (reexecute) java.lang.StringLatin1::replace@19 (line 301)
                      ; - java.lang.String::replace@18 (line 2922)
                      ; - java.net.URLClassLoader$1::run@8 (line 423)
                      ; - java.net.URLClassLoader$1::run@1 (line 421)
  0x000001cc1071d590: ec6d 4dff 

  0x000001cc1071d594: ;   {other}
  0x000001cc1071d594: 0f1f 8400 | 0448 004a | 41bb 0100 | 0000 e92e | c5ff ff48 | 63d7 e9ad | c5ff ffba | ccff ffff 
  0x000001cc1071d5b4: 4c89 4424 | 2048 8944 | 2430 4c89 | 6c24 3844 | 894c 2440 

  0x000001cc1071d5c8: ;   {runtime_call UncommonTrapBlob}
  0x000001cc1071d5c8: c5f8 77e8 

  0x000001cc1071d5cc: ; ImmutableOopMap {[32]=Oop [56]=Oop [72]=Oop }
                      ;*invokestatic arraycopy {reexecute=0 rethrow=0 return_oop=0}
                      ; - java.lang.String::getBytes@22 (line 4715)
                      ; - java.lang.StringConcatHelper::prepend@21 (line 324)
                      ; - java.lang.StringConcatHelper::simpleConcat@71 (line 438)
                      ; - java.lang.String::concat@11 (line 2888)
                      ; - java.net.URLClassLoader$1::run@13 (line 423)
                      ; - java.net.URLClassLoader$1::run@1 (line 421)
  0x000001cc1071d5cc: b06d 4dff 

  0x000001cc1071d5d0: ;   {other}
  0x000001cc1071d5d0: 0f1f 8400 | 4048 004b | bacc ffff | ff4c 8954 | 2420 4c89 | 6c24 3044 | 895c 2438 

  0x000001cc1071d5ec: ;   {runtime_call UncommonTrapBlob}
  0x000001cc1071d5ec: c5f8 77e8 

  0x000001cc1071d5f0: ; ImmutableOopMap {[32]=Oop [48]=Oop [72]=Oop }
                      ;*invokestatic arraycopy {reexecute=0 rethrow=0 return_oop=0}
                      ; - java.lang.String::getBytes@22 (line 4715)
                      ; - java.lang.StringConcatHelper::prepend@21 (line 324)
                      ; - java.lang.StringConcatHelper::simpleConcat@81 (line 439)
                      ; - java.lang.String::concat@11 (line 2888)
                      ; - java.net.URLClassLoader$1::run@13 (line 423)
                      ; - java.net.URLClassLoader$1::run@1 (line 421)
  0x000001cc1071d5f0: 8c6d 4dff 

  0x000001cc1071d5f4: ;   {other}
  0x000001cc1071d5f4: 0f1f 8400 | 6448 004c | ba76 ffff | ff89 4c24 | 284c 8954 | 2430 4489 | 4c24 3c44 | 8944 2440 
  0x000001cc1071d614: ;   {runtime_call UncommonTrapBlob}
  0x000001cc1071d614: c5f8 77e8 

  0x000001cc1071d618: ; ImmutableOopMap {[40]=NarrowOop [48]=Oop [64]=NarrowOop [72]=Oop }
                      ;*if_icmpge {reexecute=1 rethrow=0 return_oop=0}
                      ; - (reexecute) java.lang.StringLatin1::replace@82 (line 312)
                      ; - java.lang.String::replace@18 (line 2922)
                      ; - java.net.URLClassLoader$1::run@8 (line 423)
                      ; - java.net.URLClassLoader$1::run@1 (line 421)
  0x000001cc1071d618: 646d 4dff 

  0x000001cc1071d61c: ;   {other}
  0x000001cc1071d61c: 0f1f 8400 | 8c48 004d 

  0x000001cc1071d624: ;   {metadata({type array byte})}
  0x000001cc1071d624: 48ba 1823 | 0018 cc01 | 0000 448b | 8424 9800 | 0000 6690 

  0x000001cc1071d638: ;   {runtime_call _new_array_nozero_Java}
  0x000001cc1071d638: c5f8 77e8 

  0x000001cc1071d63c: ; ImmutableOopMap {[32]=Oop [40]=Oop [48]=Oop [64]=Oop [72]=Oop [80]=NarrowOop [84]=NarrowOop [88]=Oop [104]=Oop [120]=NarrowOop [124]=NarrowOop [128]=Oop [160]=Derived_oop_[128] [136]=Oop }
                      ;*newarray {reexecute=0 rethrow=0 return_oop=1}
                      ; - java.util.Arrays::copyOf@15 (line 3541)
                      ; - jdk.internal.loader.Resource::getBytes@94 (line 120)
                      ; - java.net.URLClassLoader::defineClass@179 (line 519)
                      ; - java.net.URLClassLoader$1::run@43 (line 427)
                      ; - java.net.URLClassLoader$1::run@1 (line 421)
  0x000001cc1071d63c: c07d 59ff 

  0x000001cc1071d640: ;   {other}
  0x000001cc1071d640: 0f1f 8400 | b048 004e | 4c8b c0e9 | c2e3 ffff | ba76 ffff | ff44 894c | 242c 4c89 | 5424 3044 
  0x000001cc1071d660: 8944 243c 

  0x000001cc1071d664: ;   {runtime_call UncommonTrapBlob}
  0x000001cc1071d664: c5f8 77e8 

  0x000001cc1071d668: ; ImmutableOopMap {[48]=Oop [60]=NarrowOop [72]=Oop [80]=NarrowOop }
                      ;*if_icmpge {reexecute=1 rethrow=0 return_oop=0}
                      ; - (reexecute) java.lang.StringLatin1::replace@61 (line 309)
                      ; - java.lang.String::replace@18 (line 2922)
                      ; - java.net.URLClassLoader$1::run@8 (line 423)
                      ; - java.net.URLClassLoader$1::run@1 (line 421)
  0x000001cc1071d668: 146d 4dff 

  0x000001cc1071d66c: ;   {other}
  0x000001cc1071d66c: 0f1f 8400 | dc48 004f | bb01 0000 | 008b 4c24 | 5066 6690 | e983 c2ff | ff33 ed45 | 85d2 400f 
  0x000001cc1071d68c: 94c5 ba45 | ffff ff44 | 8944 2428 

  0x000001cc1071d698: ;   {runtime_call UncommonTrapBlob}
  0x000001cc1071d698: c5f8 77e8 

  0x000001cc1071d69c: ; ImmutableOopMap {[40]=NarrowOop [72]=Oop }
                      ;*ifeq {reexecute=1 rethrow=0 return_oop=0}
                      ; - (reexecute) java.lang.String::replace@9 (line 2922)
                      ; - java.net.URLClassLoader$1::run@8 (line 423)
                      ; - java.net.URLClassLoader$1::run@1 (line 421)
  0x000001cc1071d69c: e06c 4dff 

  0x000001cc1071d6a0: ;   {other}
  0x000001cc1071d6a0: 0f1f 8400 | 1049 0050 | baf6 ffff | ff48 8944 | 2428 6690 

  0x000001cc1071d6b4: ;   {runtime_call UncommonTrapBlob}
  0x000001cc1071d6b4: c5f8 77e8 

  0x000001cc1071d6b8: ; ImmutableOopMap {[40]=Oop [72]=Oop [124]=NarrowOop }
                      ;*invokevirtual defineClass {reexecute=0 rethrow=0 return_oop=0}
                      ; - java.net.URLClassLoader$1::run@43 (line 427)
                      ; - java.net.URLClassLoader$1::run@1 (line 421)
  0x000001cc1071d6b8: c46c 4dff 

  0x000001cc1071d6bc: ;   {other}
  0x000001cc1071d6bc: 0f1f 8400 | 2c49 0051 | 488b 7c24 | 40ba 45ff | ffff 4c8b | 5c24 484c | 895c 2420 | 4889 7c24 
  0x000001cc1071d6dc: 3044 8954 | 2448 6690 

  0x000001cc1071d6e4: ;   {runtime_call UncommonTrapBlob}
  0x000001cc1071d6e4: c5f8 77e8 

  0x000001cc1071d6e8: ; ImmutableOopMap {rbp=NarrowOop [32]=Oop [48]=Oop [72]=NarrowOop [120]=NarrowOop [124]=NarrowOop }
                      ;*ifeq {reexecute=1 rethrow=0 return_oop=0}
                      ; - (reexecute) jdk.internal.loader.Resource::getByteBuffer@9 (line 164)
                      ; - java.net.URLClassLoader::defineClass@132 (line 511)
                      ; - java.net.URLClassLoader$1::run@43 (line 427)
                      ; - java.net.URLClassLoader$1::run@1 (line 421)
  0x000001cc1071d6e8: 946c 4dff 

  0x000001cc1071d6ec: ;   {other}
  0x000001cc1071d6ec: 0f1f 8400 | 5c49 0052 | bae4 ffff | ff4c 8b54 | 2448 4c89 | 5424 204c | 8b54 2440 | 4c89 5424 
  0x000001cc1071d70c: 2844 8944 | 2454 6690 

  0x000001cc1071d714: ;   {runtime_call UncommonTrapBlob}
  0x000001cc1071d714: c5f8 77e8 

  0x000001cc1071d718: ; ImmutableOopMap {[32]=Oop [40]=Oop [84]=NarrowOop [96]=Oop [120]=NarrowOop [124]=NarrowOop [128]=Oop }
                      ;*invokestatic checkIndex {reexecute=0 rethrow=0 return_oop=0}
                      ; - java.nio.Buffer::checkIndex@8 (line 768)
                      ; - java.nio.DirectLongBufferU::get@11 (line 342)
                      ; - jdk.internal.perf.PerfCounter::get@5 (line 84)
                      ; - jdk.internal.perf.PerfCounter::add@1 (line 98)
                      ; - jdk.internal.perf.PerfCounter::addElapsedTimeFrom@6 (line 120)
                      ; - java.net.URLClassLoader::defineClass@207 (line 523)
                      ; - java.net.URLClassLoader$1::run@43 (line 427)
                      ; - java.net.URLClassLoader$1::run@1 (line 421)
  0x000001cc1071d718: 646c 4dff 

  0x000001cc1071d71c: ;   {other}
  0x000001cc1071d71c: 0f1f 8400 | 8c49 0053 | baf6 ffff | ff66 6690 

  0x000001cc1071d72c: ;   {runtime_call UncommonTrapBlob}
  0x000001cc1071d72c: c5f8 77e8 

  0x000001cc1071d730: ; ImmutableOopMap {rbp=NarrowOop [64]=Oop [72]=Oop }
                      ;*invokevirtual toExternalForm {reexecute=0 rethrow=0 return_oop=0}
                      ; - java.net.URL::toExternalForm@5 (line 1203)
                      ; - java.net.URL::toString@1 (line 1189)
                      ; - java.lang.ClassLoader::defineClassSourceLocation@22 (line 927)
                      ; - java.lang.ClassLoader::defineClass@12 (line 1026)
                      ; - java.security.SecureClassLoader::defineClass@12 (line 150)
                      ; - java.net.URLClassLoader::defineClass@220 (line 524)
                      ; - java.net.URLClassLoader$1::run@43 (line 427)
                      ; - java.net.URLClassLoader$1::run@1 (line 421)
  0x000001cc1071d730: 4c6c 4dff 

  0x000001cc1071d734: ;   {other}
  0x000001cc1071d734: 0f1f 8400 | a449 0054 | 4489 5424 | 584c 894c | 2450 4c89 | 4424 4048 | 897c 2428 | 4c8b 5424 
  0x000001cc1071d754: 704c 8954 | 2420 488b | 6c24 4848 | 8bd7 4c8d | 8424 c000 | 0000 6690 

  0x000001cc1071d76c: ;   {runtime_call _complete_monitor_locking_Java}
  0x000001cc1071d76c: c5f8 77e8 

  0x000001cc1071d770: ; ImmutableOopMap {rbp=Oop [32]=Oop [40]=Oop [64]=Oop [80]=Oop [88]=NarrowOop [120]=NarrowOop [124]=NarrowOop }
                      ;*synchronization entry
                      ; - jdk.internal.loader.Resource::cachedInputStream@-1 (line 76)
                      ; - jdk.internal.loader.Resource::getByteBuffer@1 (line 163)
                      ; - java.net.URLClassLoader::defineClass@132 (line 511)
                      ; - java.net.URLClassLoader$1::run@43 (line 427)
                      ; - java.net.URLClassLoader$1::run@1 (line 421)
  0x000001cc1071d770: 8cd1 59ff 

  0x000001cc1071d774: ;   {other}
  0x000001cc1071d774: 0f1f 8400 | e449 0055 | 4889 6c24 | 484c 8b54 | 2420 4c89 | 5424 7048 | 8b7c 2428 | 4c8b 4424 
  0x000001cc1071d794: 404c 8b4c | 2450 448b | 5424 5890 | e92e ccff | ff89 4c24 | 3444 8954 | 2430 4c89 | 4c24 284c 
  0x000001cc1071d7b4: 8944 2420 | 488b f748 | 8bce 488d | 9424 c000 | 0000 4d8b | c7c5 f877 | 49ba 709b | 3efb fe7f 
  0x000001cc1071d7d4: 0000 41ff 

  0x000001cc1071d7d8: ;   {other}
  0x000001cc1071d7d8: d20f 1f84 | 0000 0000 | 0048 8bfe | 4c8b 4424 | 204c 8b4c | 2428 448b | 5424 308b | 4c24 34e9 
  0x000001cc1071d7f8: 4acd ffff 

  0x000001cc1071d7fc: ;   {oop(a 'jdk/internal/perf/PerfCounter'{0x00000000c09dbec0})}
  0x000001cc1071d7fc: 48ba c0be | 9dc0 0000 | 0000 4c8d | 8424 c000 | 0000 6690 

  0x000001cc1071d810: ;   {runtime_call _complete_monitor_locking_Java}
  0x000001cc1071d810: c5f8 77e8 

  0x000001cc1071d814: ; ImmutableOopMap {[32]=Oop [40]=Oop [48]=Oop [64]=Oop [72]=Oop [96]=Oop [120]=NarrowOop [124]=NarrowOop [128]=Oop }
                      ;*synchronization entry
                      ; - jdk.internal.perf.PerfCounter::add@-1 (line 98)
                      ; - jdk.internal.perf.PerfCounter::addElapsedTimeFrom@6 (line 120)
                      ; - java.net.URLClassLoader::defineClass@207 (line 523)
                      ; - java.net.URLClassLoader$1::run@43 (line 427)
                      ; - java.net.URLClassLoader$1::run@1 (line 421)
  0x000001cc1071d814: e8d0 59ff 

  0x000001cc1071d818: ;   {other}
  0x000001cc1071d818: 0f1f 8400 | 884a 0056 | e9ee cfff | ffba ccff | ffff 4c8b | 5424 484c | 8954 2420 | 4c8b 5424 
  0x000001cc1071d838: 404c 8954 | 2428 4489 | 4424 5490 

  0x000001cc1071d844: ;   {runtime_call UncommonTrapBlob}
  0x000001cc1071d844: c5f8 77e8 

  0x000001cc1071d848: ; ImmutableOopMap {[32]=Oop [40]=Oop [84]=NarrowOop [96]=Oop [120]=NarrowOop [124]=NarrowOop [128]=Oop }
                      ;*invokestatic checkIndex {reexecute=0 rethrow=0 return_oop=0}
                      ; - java.nio.Buffer::checkIndex@8 (line 768)
                      ; - java.nio.DirectLongBufferU::get@11 (line 342)
                      ; - jdk.internal.perf.PerfCounter::get@5 (line 84)
                      ; - jdk.internal.perf.PerfCounter::add@1 (line 98)
                      ; - jdk.internal.perf.PerfCounter::addElapsedTimeFrom@6 (line 120)
                      ; - java.net.URLClassLoader::defineClass@207 (line 523)
                      ; - java.net.URLClassLoader$1::run@43 (line 427)
                      ; - java.net.URLClassLoader$1::run@1 (line 421)
  0x000001cc1071d848: 346b 4dff 

  0x000001cc1071d84c: ;   {other}
  0x000001cc1071d84c: 0f1f 8400 | bc4a 0057 

  0x000001cc1071d854: ;   {oop(a 'jdk/internal/perf/PerfCounter'{0x00000000c09dbec0})}
  0x000001cc1071d854: 48b9 c0be | 9dc0 0000 | 0000 488d | 9424 c000 | 0000 4d8b | c7c5 f877 | 49ba 709b | 3efb fe7f 
  0x000001cc1071d874: 0000 41ff 

  0x000001cc1071d878: ;   {other}
  0x000001cc1071d878: d20f 1f84 | 0000 0000 | 00e9 73d0 | ffff bade | ffff ff4c | 8b54 2448 | 4c89 5424 | 204c 8b54 
  0x000001cc1071d898: 2440 4c89 | 5424 2889 | 5c24 304c | 894c 2438 | 4489 4424 | 4048 894c | 2448 4889 | 7c24 5090 
  0x000001cc1071d8b8: ;   {runtime_call UncommonTrapBlob}
  0x000001cc1071d8b8: c5f8 77e8 

  0x000001cc1071d8bc: ; ImmutableOopMap {rbp=NarrowOop [32]=Oop [40]=Oop [48]=NarrowOop [56]=Oop [72]=Oop [80]=Oop [124]=NarrowOop }
                      ;*invokeinterface computeIfAbsent {reexecute=0 rethrow=0 return_oop=0}
                      ; - java.security.SecureClassLoader::getProtectionDomain@28 (line 222)
                      ; - java.security.SecureClassLoader::defineClass@9 (line 150)
                      ; - java.net.URLClassLoader::defineClass@220 (line 524)
                      ; - java.net.URLClassLoader$1::run@43 (line 427)
                      ; - java.net.URLClassLoader$1::run@1 (line 421)
  0x000001cc1071d8bc: c06a 4dff 

  0x000001cc1071d8c0: ;   {other}
  0x000001cc1071d8c0: 0f1f 8400 | 304b 0058 | ba45 ffff | ff48 8b6c | 2448 4c8b | 5424 404c | 8954 2420 | 4c89 5c24 
  0x000001cc1071d8e0: 2844 8b5c | 2460 4489 | 5c24 4490 

  0x000001cc1071d8ec: ;   {runtime_call UncommonTrapBlob}
  0x000001cc1071d8ec: c5f8 77e8 

  0x000001cc1071d8f0: ; ImmutableOopMap {rbp=Oop [32]=Oop [40]=Oop [56]=Oop [68]=NarrowOop [96]=NarrowOop [124]=NarrowOop }
                      ;*ifeq {reexecute=1 rethrow=0 return_oop=0}
                      ; - (reexecute) java.lang.ClassLoader::checkName@8 (line 1155)
                      ; - java.lang.ClassLoader::preDefineClass@1 (line 900)
                      ; - java.lang.ClassLoader::defineClass@4 (line 1025)
                      ; - java.security.SecureClassLoader::defineClass@12 (line 150)
                      ; - java.net.URLClassLoader::defineClass@220 (line 524)
                      ; - java.net.URLClassLoader$1::run@43 (line 427)
                      ; - java.net.URLClassLoader$1::run@1 (line 421)
  0x000001cc1071d8f0: 8c6a 4dff 

  0x000001cc1071d8f4: ;   {other}
  0x000001cc1071d8f4: 0f1f 8400 | 644b 0059 | bade ffff | ff4c 8b54 | 2448 4c89 | 5424 204c | 895c 2428 | 4c8b 5424 
  0x000001cc1071d914: 384c 8954 | 2430 6690 

  0x000001cc1071d91c: ;   {runtime_call UncommonTrapBlob}
  0x000001cc1071d91c: c5f8 77e8 

  0x000001cc1071d920: ; ImmutableOopMap {rbp=NarrowOop [32]=Oop [40]=Oop [80]=NarrowOop [120]=NarrowOop [124]=NarrowOop [128]=Oop }
                      ;*invokevirtual getCodeSigners {reexecute=0 rethrow=0 return_oop=0}
                      ; - jdk.internal.loader.URLClassPath$JarLoader$2::getCodeSigners@4 (line 858)
                      ; - java.net.URLClassLoader::defineClass@185 (line 521)
                      ; - java.net.URLClassLoader$1::run@43 (line 427)
                      ; - java.net.URLClassLoader$1::run@1 (line 421)
  0x000001cc1071d920: 5c6a 4dff 

  0x000001cc1071d924: ;   {other}
  0x000001cc1071d924: 0f1f 8400 | 944b 005a | bace ffff | ff48 8b6c | 2448 4c8b | 4424 404c | 8944 2420 | 4c89 5c24 
  0x000001cc1071d944: 2844 8b5c | 2460 4489 | 5c24 3089 | 7424 5044 | 8954 2454 

  0x000001cc1071d958: ;   {runtime_call UncommonTrapBlob}
  0x000001cc1071d958: c5f8 77e8 

  0x000001cc1071d95c: ; ImmutableOopMap {rbp=Oop [32]=Oop [40]=Oop [48]=NarrowOop [56]=Oop [80]=NarrowOop [124]=NarrowOop }
                      ;*invokestatic indexOfChar {reexecute=0 rethrow=0 return_oop=0}
                      ; - java.lang.StringLatin1::indexOf@33 (line 208)
                      ; - java.lang.String::indexOf@17 (line 2450)
                      ; - java.lang.String::indexOf@3 (line 2394)
                      ; - java.lang.ClassLoader::checkName@16 (line 1157)
                      ; - java.lang.ClassLoader::preDefineClass@1 (line 900)
                      ; - java.lang.ClassLoader::defineClass@4 (line 1025)
                      ; - java.security.SecureClassLoader::defineClass@12 (line 150)
                      ; - java.net.URLClassLoader::defineClass@220 (line 524)
                      ; - java.net.URLClassLoader$1::run@43 (line 427)
                      ; - java.net.URLClassLoader$1::run@1 (line 421)
  0x000001cc1071d95c: 206a 4dff 

  0x000001cc1071d960: ;   {other}
  0x000001cc1071d960: 0f1f 8400 | d04b 005b | bade ffff | ff4c 8b44 | 2448 4c89 | 4424 2048 | 897c 2428 | 4c8b 4424 
  0x000001cc1071d980: 384c 8944 | 2430 4489 | 5424 484c | 895c 2458 | 894c 244c 

  0x000001cc1071d994: ;   {runtime_call UncommonTrapBlob}
  0x000001cc1071d994: c5f8 77e8 

  0x000001cc1071d998: ; ImmutableOopMap {rbp=NarrowOop [32]=Oop [40]=Oop [72]=NarrowOop [76]=NarrowOop [88]=Oop [120]=NarrowOop [124]=NarrowOop [160]=Oop }
                      ;*invokeinterface ensureInitialization {reexecute=0 rethrow=0 return_oop=0}
                      ; - jdk.internal.loader.URLClassPath$JarLoader$2::getManifest@10 (line 852)
                      ; - java.net.URLClassLoader::defineClass@34 (line 491)
                      ; - java.net.URLClassLoader$1::run@43 (line 427)
                      ; - java.net.URLClassLoader$1::run@1 (line 421)
  0x000001cc1071d998: e469 4dff 

  0x000001cc1071d99c: ;   {other}
  0x000001cc1071d99c: 0f1f 8400 | 0c4c 005c | 4889 b424 | 8800 0000 | 4c89 9c24 | 8000 0000 | 4489 5424 | 684c 894c 
  0x000001cc1071d9bc: 2460 4c89 | 4424 5844 | 8b5c 247c | 4489 5c24 | 5444 8b54 | 2478 4489 | 5424 5048 | 8954 2440 
  0x000001cc1071d9dc: 4889 7c24 | 304c 8b54 | 2470 4c89 | 5424 284c | 8b54 2448 | 4c89 5424 | 2048 8bd6 | 4c8d 8424 
  0x000001cc1071d9fc: c000 0000 | 4c8b 9424 | 8000 0000 | 4c89 5424 | 7066 6690 

  0x000001cc1071da10: ;   {runtime_call _complete_monitor_locking_Java}
  0x000001cc1071da10: c5f8 77e8 

  0x000001cc1071da14: ; ImmutableOopMap {rbp=NarrowOop [32]=Oop [40]=Oop [48]=Oop [80]=NarrowOop [84]=NarrowOop [88]=Oop [96]=Oop [104]=NarrowOop [112]=Oop [128]=Oop [136]=Oop [160]=Oop }
                      ;*synchronization entry
                      ; - java.util.jar.JarFile::ensureInitialization@-1 (line 1064)
                      ; - java.util.jar.JavaUtilJarAccessImpl::ensureInitialization@1 (line 42)
                      ; - jdk.internal.loader.URLClassPath$JarLoader$2::getManifest@10 (line 852)
                      ; - java.net.URLClassLoader::defineClass@34 (line 491)
                      ; - java.net.URLClassLoader$1::run@43 (line 427)
                      ; - java.net.URLClassLoader$1::run@1 (line 421)
  0x000001cc1071da14: e8ce 59ff 

  0x000001cc1071da18: ;   {other}
  0x000001cc1071da18: 0f1f 8400 | 884c 005d | 4c8b 5424 | 204c 8954 | 2448 4c8b | 5424 284c | 8954 2470 | 488b 7c24 
  0x000001cc1071da38: 3048 8b54 | 2440 448b | 5c24 5044 | 895c 2478 | 448b 5424 | 5444 8954 | 247c 4c8b | 4424 584c 
  0x000001cc1071da58: 8b4c 2460 | 448b 5424 | 684c 8b9c | 2480 0000 | 0048 8bb4 | 2488 0000 | 00e9 18c7 | ffff 488b 
  0x000001cc1071da78: ce4c 895c | 2440 4489 | 5424 304c | 894c 2428 | 4c89 4424 | 2048 8bea | 488b f748 | 8d94 24c0 
  0x000001cc1071da98: 0000 004d | 8bc7 c5f8 | 7749 ba70 | 9b3e fbfe | 7f00 0041 

  0x000001cc1071daac: ;   {other}
  0x000001cc1071daac: ffd2 0f1f | 8400 0000 | 0000 488b | fe48 8bd5 | 4c8b 4424 | 204c 8b4c | 2428 448b | 5424 304c 
  0x000001cc1071dacc: 8b5c 2440 | e976 c7ff | ffba deff | ffff 4c8b | 4424 484c | 8944 2420 | 4889 7c24 | 284c 8b44 
  0x000001cc1071daec: 2438 4c89 | 4424 304c | 895c 2440 | 4489 5424 | 4866 6690 

  0x000001cc1071db00: ;   {runtime_call UncommonTrapBlob}
  0x000001cc1071db00: c5f8 77e8 

  0x000001cc1071db04: ; ImmutableOopMap {rbp=NarrowOop [32]=Oop [40]=Oop [64]=Oop [72]=NarrowOop [120]=NarrowOop [124]=NarrowOop [160]=Oop }
                      ;*invokevirtual getManifest {reexecute=0 rethrow=0 return_oop=0}
                      ; - jdk.internal.loader.URLClassPath$JarLoader$2::getManifest@22 (line 853)
                      ; - java.net.URLClassLoader::defineClass@34 (line 491)
                      ; - java.net.URLClassLoader$1::run@43 (line 427)
                      ; - java.net.URLClassLoader$1::run@1 (line 421)
  0x000001cc1071db04: 7868 4dff 

  0x000001cc1071db08: ;   {other}
  0x000001cc1071db08: 0f1f 8400 | 784d 005e | ba45 ffff | ff48 8b6c | 2448 4c89 | 4424 2044 | 894c 2428 

  0x000001cc1071db24: ;   {runtime_call UncommonTrapBlob}
  0x000001cc1071db24: c5f8 77e8 

  0x000001cc1071db28: ; ImmutableOopMap {rbp=Oop [32]=Oop }
                      ;*iflt {reexecute=1 rethrow=0 return_oop=0}
                      ; - (reexecute) java.lang.StringConcatHelper::checkOverflow@2 (line 65)
                      ; - java.lang.StringConcatHelper::mix@23 (line 127)
                      ; - java.lang.StringConcatHelper::simpleConcat@46 (line 433)
                      ; - java.lang.String::concat@11 (line 2888)
                      ; - java.net.URLClassLoader$1::run@13 (line 423)
                      ; - java.net.URLClassLoader$1::run@1 (line 421)
  0x000001cc1071db28: 5468 4dff 

  0x000001cc1071db2c: ;   {other}
  0x000001cc1071db2c: 0f1f 8400 | 9c4d 005f | ba45 ffff | ff4c 8944 | 2428 6690 

  0x000001cc1071db40: ;   {runtime_call UncommonTrapBlob}
  0x000001cc1071db40: c5f8 77e8 

  0x000001cc1071db44: ; ImmutableOopMap {[40]=Oop [72]=Oop }
                      ;*iflt {reexecute=1 rethrow=0 return_oop=0}
                      ; - (reexecute) java.lang.StringConcatHelper::checkOverflow@2 (line 65)
                      ; - java.lang.StringConcatHelper::mix@23 (line 127)
                      ; - java.lang.StringConcatHelper::simpleConcat@54 (line 434)
                      ; - java.lang.String::concat@11 (line 2888)
                      ; - java.net.URLClassLoader$1::run@13 (line 423)
                      ; - java.net.URLClassLoader$1::run@1 (line 421)
  0x000001cc1071db44: 3868 4dff 

  0x000001cc1071db48: ;   {other}
  0x000001cc1071db48: 0f1f 8400 | b84d 0060 | ba45 ffff | ff48 8b6c | 2448 4c89 | 4424 2048 | 8944 2428 | 894c 2430 
  0x000001cc1071db68: ;   {runtime_call UncommonTrapBlob}
  0x000001cc1071db68: c5f8 77e8 

  0x000001cc1071db6c: ; ImmutableOopMap {rbp=Oop [32]=Oop }
                      ;*if_icmpne {reexecute=1 rethrow=0 return_oop=0}
                      ; - (reexecute) java.lang.StringConcatHelper::mix@13 (line 124)
                      ; - java.lang.StringConcatHelper::simpleConcat@46 (line 433)
                      ; - java.lang.String::concat@11 (line 2888)
                      ; - java.net.URLClassLoader$1::run@13 (line 423)
                      ; - java.net.URLClassLoader$1::run@1 (line 421)
  0x000001cc1071db6c: 1068 4dff 

  0x000001cc1071db70: ;   {other}
  0x000001cc1071db70: 0f1f 8400 | e04d 0061 | ba45 ffff | ff48 8b6c | 2448 4c89 | 4424 2048 | 8974 2428 | 897c 2430 
  0x000001cc1071db90: ;   {runtime_call UncommonTrapBlob}
  0x000001cc1071db90: c5f8 77e8 

  0x000001cc1071db94: ; ImmutableOopMap {rbp=Oop [32]=Oop }
                      ;*ifge {reexecute=1 rethrow=0 return_oop=0}
                      ; - (reexecute) java.lang.StringConcatHelper::newArray@13 (line 508)
                      ; - java.lang.StringConcatHelper::simpleConcat@61 (line 435)
                      ; - java.lang.String::concat@11 (line 2888)
                      ; - java.net.URLClassLoader$1::run@13 (line 423)
                      ; - java.net.URLClassLoader$1::run@1 (line 421)
  0x000001cc1071db94: e867 4dff 

  0x000001cc1071db98: ;   {other}
  0x000001cc1071db98: 0f1f 8400 | 084e 0062 

  0x000001cc1071dba0: ;   {metadata({type array byte})}
  0x000001cc1071dba0: 418b e848 | ba18 2300 | 18cc 0100 | 0045 33c0 

  0x000001cc1071dbb0: ;   {runtime_call _new_array_Java}
  0x000001cc1071dbb0: c5f8 77e8 

  0x000001cc1071dbb4: ; ImmutableOopMap {[32]=Oop [40]=Oop [48]=Oop [64]=Oop [72]=Oop [80]=NarrowOop [84]=NarrowOop [88]=Oop [104]=Oop [120]=NarrowOop [124]=NarrowOop }
                      ;*newarray {reexecute=0 rethrow=0 return_oop=1}
                      ; - jdk.internal.loader.Resource::getBytes@30 (line 109)
                      ; - java.net.URLClassLoader::defineClass@179 (line 519)
                      ; - java.net.URLClassLoader$1::run@43 (line 427)
                      ; - java.net.URLClassLoader$1::run@1 (line 421)
  0x000001cc1071dbb4: c89c 59ff 

  0x000001cc1071dbb8: ;   {other}
  0x000001cc1071dbb8: 0f1f 8400 | 284e 0063 | 4c8b c844 | 8bc5 e9bc | dcff ffba | f6ff ffff | 4c8b 5c24 | 484c 895c 
  0x000001cc1071dbd8: 2420 4889 | 7c24 3044 | 8954 2448 | 4889 5c24 | 5066 6690 

  0x000001cc1071dbec: ;   {runtime_call UncommonTrapBlob}
  0x000001cc1071dbec: c5f8 77e8 

  0x000001cc1071dbf0: ; ImmutableOopMap {rbp=NarrowOop [32]=Oop [48]=Oop [72]=NarrowOop [80]=Oop [120]=NarrowOop [124]=NarrowOop }
                      ;*invokevirtual getInputStream {reexecute=0 rethrow=0 return_oop=0}
                      ; - jdk.internal.loader.URLClassPath$JarLoader$2::getInputStream@11 (line 848)
                      ; - jdk.internal.loader.Resource::cachedInputStream@9 (line 77)
                      ; - jdk.internal.loader.Resource::getByteBuffer@1 (line 163)
                      ; - java.net.URLClassLoader::defineClass@132 (line 511)
                      ; - java.net.URLClassLoader$1::run@43 (line 427)
                      ; - java.net.URLClassLoader$1::run@1 (line 421)
  0x000001cc1071dbf0: 8c67 4dff 

  0x000001cc1071dbf4: ;   {other}
  0x000001cc1071dbf4: 0f1f 8400 | 644e 0064 | 33ed 4585 | c940 0f94 | c5ba 45ff | ffff 4c8b | 5c24 484c | 895c 2420 
  0x000001cc1071dc14: 4889 7c24 | 3044 8b44 | 247c 4489 | 4424 4844 | 8954 244c 

  0x000001cc1071dc28: ;   {runtime_call UncommonTrapBlob}
  0x000001cc1071dc28: c5f8 77e8 

  0x000001cc1071dc2c: ; ImmutableOopMap {[32]=Oop [48]=Oop [72]=NarrowOop [120]=NarrowOop [124]=NarrowOop }
                      ;*ifeq {reexecute=1 rethrow=0 return_oop=0}
                      ; - (reexecute) java.lang.String::lastIndexOf@4 (line 2562)
                      ; - java.lang.String::lastIndexOf@8 (line 2524)
                      ; - java.net.URLClassLoader::defineClass@7 (line 486)
                      ; - java.net.URLClassLoader$1::run@43 (line 427)
                      ; - java.net.URLClassLoader$1::run@1 (line 421)
  0x000001cc1071dc2c: 5067 4dff 

  0x000001cc1071dc30: ;   {other}
  0x000001cc1071dc30: 0f1f 8400 | a04e 0065 | 498b d7c5 | f877 49ba | 3027 fdfa | fe7f 0000 

  0x000001cc1071dc48: ;   {other}
  0x000001cc1071dc48: 41ff d20f | 1f84 0000 | 0000 00e9 | d3ca ffff | 33ed 85c9 | 400f 94c5 | ba45 ffff | ff4c 8b54 
  0x000001cc1071dc68: 2448 4c89 | 5424 204c | 8b54 2440 | 4c89 5424 | 284c 895c | 2430 448b | 5424 6044 | 8954 2440 
  0x000001cc1071dc88: 448b 5424 | 5844 8954 | 2448 6690 

  0x000001cc1071dc94: ;   {runtime_call UncommonTrapBlob}
  0x000001cc1071dc94: c5f8 77e8 

  0x000001cc1071dc98: ; ImmutableOopMap {[32]=Oop [40]=Oop [48]=Oop [56]=Oop [64]=NarrowOop [124]=NarrowOop }
                      ;*ifeq {reexecute=1 rethrow=0 return_oop=0}
                      ; - (reexecute) java.lang.String::indexOf@4 (line 2450)
                      ; - java.lang.String::indexOf@3 (line 2394)
                      ; - java.lang.ClassLoader::checkName@16 (line 1157)
                      ; - java.lang.ClassLoader::preDefineClass@1 (line 900)
                      ; - java.lang.ClassLoader::defineClass@4 (line 1025)
                      ; - java.security.SecureClassLoader::defineClass@12 (line 150)
                      ; - java.net.URLClassLoader::defineClass@220 (line 524)
                      ; - java.net.URLClassLoader$1::run@43 (line 427)
                      ; - java.net.URLClassLoader$1::run@1 (line 421)
  0x000001cc1071dc98: e466 4dff 

  0x000001cc1071dc9c: ;   {other}
  0x000001cc1071dc9c: 0f1f 8400 | 0c4f 0066 | ba45 ffff | ff4c 8b5c | 2448 4c89 | 5c24 2048 | 897c 2430 | 8944 2444 
  0x000001cc1071dcbc: 8944 2448 | 448b 4424 | 7c44 8954 | 2454 4489 | 4424 5890 

  0x000001cc1071dcd0: ;   {runtime_call UncommonTrapBlob}
  0x000001cc1071dcd0: c5f8 77e8 

  0x000001cc1071dcd4: ; ImmutableOopMap {[32]=Oop [48]=Oop [84]=NarrowOop [88]=NarrowOop [120]=NarrowOop [124]=NarrowOop }
                      ;*if_icmpgt {reexecute=1 rethrow=0 return_oop=0}
                      ; - (reexecute) jdk.internal.util.Preconditions::checkFromToIndex@6 (line 348)
                      ; - java.lang.String::checkBoundsBeginEnd@6 (line 4855)
                      ; - java.lang.String::substring@8 (line 2823)
                      ; - java.net.URLClassLoader::defineClass@28 (line 489)
                      ; - java.net.URLClassLoader$1::run@43 (line 427)
                      ; - java.net.URLClassLoader$1::run@1 (line 421)
  0x000001cc1071dcd4: a866 4dff 

  0x000001cc1071dcd8: ;   {other}
  0x000001cc1071dcd8: 0f1f 8400 | 484f 0067 | ba45 ffff | ff48 8b6c | 2448 4c8b | 5424 404c | 8954 2420 | 4c89 5c24 
  0x000001cc1071dcf8: 2844 8b54 | 2460 4489 | 5424 3089 | 5c24 4c90 

  0x000001cc1071dd08: ;   {runtime_call UncommonTrapBlob}
  0x000001cc1071dd08: c5f8 77e8 

  0x000001cc1071dd0c: ; ImmutableOopMap {rbp=Oop [32]=Oop [40]=Oop [48]=NarrowOop [56]=Oop [124]=NarrowOop }
                      ;*if_icmpne {reexecute=1 rethrow=0 return_oop=0}
                      ; - (reexecute) java.lang.ClassLoader::checkName@20 (line 1157)
                      ; - java.lang.ClassLoader::preDefineClass@1 (line 900)
                      ; - java.lang.ClassLoader::defineClass@4 (line 1025)
                      ; - java.security.SecureClassLoader::defineClass@12 (line 150)
                      ; - java.net.URLClassLoader::defineClass@220 (line 524)
                      ; - java.net.URLClassLoader$1::run@43 (line 427)
                      ; - java.net.URLClassLoader$1::run@1 (line 421)
  0x000001cc1071dd0c: 7066 4dff 

  0x000001cc1071dd10: ;   {other}
  0x000001cc1071dd10: 0f1f 8400 | 804f 0068 | 4c63 f00f | 1f44 0000 | e90e c2ff | ff49 83c2 | fe49 8bca | 488b fa48 
  0x000001cc1071dd30: 33c0 4883 | f908 7f10 | 48ff c978 | 4f48 8904 | cf48 ffc9 | 7df7 eb44 | c5fd efc0 | e90d 0000 
  0x000001cc1071dd50: 00c5 fe7f | 07c5 fe7f | 4720 4883 | c740 4883 | e908 7ded | 4883 c104 | 7c0c c5fe | 7f07 4883 
  0x000001cc1071dd70: c720 4883 | e904 4883 | c104 7e10 | 48ff c9c5 | f9d6 0748 | 83c7 0848 | ffc9 7df3 | e9d6 c2ff 
  0x000001cc1071dd90: ffba 45ff | ffff 488b | 6c24 484c | 895c 2420 | 4c8b 5c24 | 384c 895c | 2428 4889 | 5c24 484c 
  0x000001cc1071ddb0: 8954 2458 

  0x000001cc1071ddb4: ;   {runtime_call UncommonTrapBlob}
  0x000001cc1071ddb4: c5f8 77e8 

  0x000001cc1071ddb8: ; ImmutableOopMap {rbp=Oop [32]=Oop [72]=Oop [80]=NarrowOop [88]=Oop [120]=NarrowOop [124]=NarrowOop [128]=Oop }
                      ;*ifnull {reexecute=1 rethrow=0 return_oop=0}
                      ; - (reexecute) java.security.CodeSource::<init>@25 (line 122)
                      ; - java.net.URLClassLoader::defineClass@198 (line 522)
                      ; - java.net.URLClassLoader$1::run@43 (line 427)
                      ; - java.net.URLClassLoader$1::run@1 (line 421)
  0x000001cc1071ddb8: c465 4dff 

  0x000001cc1071ddbc: ;   {other}
  0x000001cc1071ddbc: 0f1f 8400 | 2c50 0069 | ba45 ffff | ff4c 8b54 | 2448 4c89 | 5424 204c | 8b54 2440 | 4c89 5424 
  0x000001cc1071dddc: 2844 8944 | 2454 6690 

  0x000001cc1071dde4: ;   {runtime_call UncommonTrapBlob}
  0x000001cc1071dde4: c5f8 77e8 

  0x000001cc1071dde8: ; ImmutableOopMap {rbp=NarrowOop [32]=Oop [40]=Oop [84]=NarrowOop [96]=Oop [120]=NarrowOop [124]=NarrowOop [128]=Oop }
                      ;*ifnull {reexecute=1 rethrow=0 return_oop=0}
                      ; - (reexecute) java.nio.Buffer::session@4 (line 792)
                      ; - java.nio.DirectLongBufferU::get@4 (line 342)
                      ; - jdk.internal.perf.PerfCounter::get@5 (line 84)
                      ; - jdk.internal.perf.PerfCounter::add@1 (line 98)
                      ; - jdk.internal.perf.PerfCounter::addElapsedTimeFrom@6 (line 120)
                      ; - java.net.URLClassLoader::defineClass@207 (line 523)
                      ; - java.net.URLClassLoader$1::run@43 (line 427)
                      ; - java.net.URLClassLoader$1::run@1 (line 421)
  0x000001cc1071dde8: 9465 4dff 

  0x000001cc1071ddec: ;   {other}
  0x000001cc1071ddec: 0f1f 8400 | 5c50 006a | ba45 ffff | ff4c 8b54 | 2448 4c89 | 5424 204c | 8b54 2440 | 4c89 5424 
  0x000001cc1071de0c: 284c 895c | 2430 448b | 5c24 6044 | 895c 2440 

  0x000001cc1071de1c: ;   {runtime_call UncommonTrapBlob}
  0x000001cc1071de1c: c5f8 77e8 

  0x000001cc1071de20: ; ImmutableOopMap {[32]=Oop [40]=Oop [48]=Oop [56]=Oop [64]=NarrowOop [124]=NarrowOop }
                      ;*if_icmpne {reexecute=1 rethrow=0 return_oop=0}
                      ; - (reexecute) java.lang.ClassLoader::checkName@30 (line 1157)
                      ; - java.lang.ClassLoader::preDefineClass@1 (line 900)
                      ; - java.lang.ClassLoader::defineClass@4 (line 1025)
                      ; - java.security.SecureClassLoader::defineClass@12 (line 150)
                      ; - java.net.URLClassLoader::defineClass@220 (line 524)
                      ; - java.net.URLClassLoader$1::run@43 (line 427)
                      ; - java.net.URLClassLoader$1::run@1 (line 421)
  0x000001cc1071de20: 5c65 4dff 

  0x000001cc1071de24: ;   {other}
  0x000001cc1071de24: 0f1f 8400 | 9450 006b | ba45 ffff | ff4c 8b5c | 2448 4c89 | 5c24 2048 | 897c 2430 | 8944 2444 
  0x000001cc1071de44: 8944 2448 | 448b 4424 | 7c44 8954 | 2454 4489 | 4424 5890 

  0x000001cc1071de58: ;   {runtime_call UncommonTrapBlob}
  0x000001cc1071de58: c5f8 77e8 

  0x000001cc1071de5c: ; ImmutableOopMap {[32]=Oop [48]=Oop [84]=NarrowOop [88]=NarrowOop [120]=NarrowOop [124]=NarrowOop }
                      ;*if_icmple {reexecute=1 rethrow=0 return_oop=0}
                      ; - (reexecute) jdk.internal.util.Preconditions::checkFromToIndex@11 (line 348)
                      ; - java.lang.String::checkBoundsBeginEnd@6 (line 4855)
                      ; - java.lang.String::substring@8 (line 2823)
                      ; - java.net.URLClassLoader::defineClass@28 (line 489)
                      ; - java.net.URLClassLoader$1::run@43 (line 427)
                      ; - java.net.URLClassLoader$1::run@1 (line 421)
  0x000001cc1071de5c: 2065 4dff 

  0x000001cc1071de60: ;   {other}
  0x000001cc1071de60: 0f1f 8400 | d050 006c | bacc ffff | ff48 8b6c | 2448 4889 | 7c24 284c | 8b5c 2438 | 4c89 5c24 
  0x000001cc1071de80: 3089 4c24 | 3889 4424 | 4044 8954 | 244c 4889 | 7424 5890 

  0x000001cc1071de94: ;   {runtime_call UncommonTrapBlob}
  0x000001cc1071de94: c5f8 77e8 

  0x000001cc1071de98: ; ImmutableOopMap {rbp=Oop [40]=Oop [56]=NarrowOop [76]=NarrowOop [88]=Oop [120]=NarrowOop [124]=NarrowOop }
                      ;*newarray {reexecute=1 rethrow=0 return_oop=0}
                      ; - (reexecute) java.util.Arrays::copyOfRangeByte@10 (line 3863)
                      ; - java.util.Arrays::copyOfRange@13 (line 3854)
                      ; - java.lang.StringLatin1::newString@16 (line 756)
                      ; - java.lang.String::substring@41 (line 2828)
                      ; - java.net.URLClassLoader::defineClass@28 (line 489)
                      ; - java.net.URLClassLoader$1::run@43 (line 427)
                      ; - java.net.URLClassLoader$1::run@1 (line 421)
  0x000001cc1071de98: e464 4dff 

  0x000001cc1071de9c: ;   {other}
  0x000001cc1071de9c: 0f1f 8400 | 0c51 006d | 4c89 5424 

  0x000001cc1071dea8: ;   {metadata('java/io/FileInputStream')}
  0x000001cc1071dea8: 5848 ba40 | 1a01 18cc | 0100 0090 

  0x000001cc1071deb4: ;   {runtime_call _new_instance_Java}
  0x000001cc1071deb4: c5f8 77e8 

  0x000001cc1071deb8: ; ImmutableOopMap {[40]=Oop [48]=Oop [64]=Oop [72]=Oop [80]=NarrowOop [88]=Oop [112]=Oop [120]=NarrowOop [124]=NarrowOop }
                      ;*new {reexecute=0 rethrow=0 return_oop=1}
                      ; - jdk.internal.loader.URLClassPath$FileLoader$1::getInputStream@0 (line 1119)
                      ; - jdk.internal.loader.Resource::cachedInputStream@9 (line 77)
                      ; - jdk.internal.loader.Resource::getBytes@1 (line 89)
                      ; - java.net.URLClassLoader::defineClass@179 (line 519)
                      ; - java.net.URLClassLoader$1::run@43 (line 427)
                      ; - java.net.URLClassLoader$1::run@1 (line 421)
  0x000001cc1071deb8: c496 59ff 

  0x000001cc1071debc: ;   {other}
  0x000001cc1071debc: 0f1f 8400 | 2c51 006e | 4c8b 5424 | 58e9 a8d5 | ffff 4c89 | 4c24 204c | 8954 2458 

  0x000001cc1071ded8: ;   {metadata('java/lang/Object')}
  0x000001cc1071ded8: 48ba 900e | 0018 cc01 | 0000 6690 

  0x000001cc1071dee4: ;   {runtime_call _new_instance_Java}
  0x000001cc1071dee4: c5f8 77e8 

  0x000001cc1071dee8: ; ImmutableOopMap {rbp=NarrowOop [32]=Oop [40]=Oop [48]=Oop [64]=Oop [72]=Oop [80]=NarrowOop [88]=Oop [112]=Oop [120]=NarrowOop [124]=NarrowOop }
                      ;*new {reexecute=0 rethrow=0 return_oop=1}
                      ; - java.io.FileInputStream::<init>@5 (line 74)
                      ; - jdk.internal.loader.URLClassPath$FileLoader$1::getInputStream@8 (line 1119)
                      ; - jdk.internal.loader.Resource::cachedInputStream@9 (line 77)
                      ; - jdk.internal.loader.Resource::getBytes@1 (line 89)
                      ; - java.net.URLClassLoader::defineClass@179 (line 519)
                      ; - java.net.URLClassLoader$1::run@43 (line 427)
                      ; - java.net.URLClassLoader$1::run@1 (line 421)
  0x000001cc1071dee8: 9496 59ff 

  0x000001cc1071deec: ;   {other}
  0x000001cc1071deec: 0f1f 8400 | 5c51 006f | 4c8b 5424 | 584c 8b4c | 2420 6690 | e9b4 d5ff 

  0x000001cc1071df04: ;   {metadata('java/io/FileDescriptor')}
  0x000001cc1071df04: ff48 bae8 | 2401 18cc | 0100 0090 

  0x000001cc1071df10: ;   {runtime_call _new_instance_Java}
  0x000001cc1071df10: c5f8 77e8 

  0x000001cc1071df14: ; ImmutableOopMap {rbp=Oop [40]=Oop [48]=Oop [64]=Oop [72]=Oop [80]=NarrowOop [88]=Oop [96]=Oop [112]=Oop [120]=NarrowOop [124]=NarrowOop }
                      ;*new {reexecute=0 rethrow=0 return_oop=1}
                      ; - java.io.FileInputStream::<init>@71 (line 149)
                      ; - jdk.internal.loader.URLClassPath$FileLoader$1::getInputStream@8 (line 1119)
                      ; - jdk.internal.loader.Resource::cachedInputStream@9 (line 77)
                      ; - jdk.internal.loader.Resource::getBytes@1 (line 89)
                      ; - java.net.URLClassLoader::defineClass@179 (line 519)
                      ; - java.net.URLClassLoader$1::run@43 (line 427)
                      ; - java.net.URLClassLoader$1::run@1 (line 421)
  0x000001cc1071df14: 6896 59ff 

  0x000001cc1071df18: ;   {other}
  0x000001cc1071df18: 0f1f 8400 | 8851 0070 | 488b d8e9 | 94d6 ffff | 33ed 4585 | db40 0f95 | c5ba 45ff | ffff 4c8b 
  0x000001cc1071df38: 5424 484c | 8954 2420 | 448b 5424 | 7c44 8954 | 2444 448b | 5c24 7844 | 895c 244c | 4889 4424 
  0x000001cc1071df58: 7866 6690 

  0x000001cc1071df5c: ;   {runtime_call UncommonTrapBlob}
  0x000001cc1071df5c: c5f8 77e8 

  0x000001cc1071df60: ; ImmutableOopMap {[32]=Oop [48]=Oop [68]=NarrowOop [76]=NarrowOop [80]=NarrowOop [88]=Oop [120]=Oop [160]=Oop }
                      ;*ifne {reexecute=1 rethrow=0 return_oop=0}
                      ; - (reexecute) java.lang.Package::isSealed@7 (line 235)
                      ; - java.net.URLClassLoader::getAndVerifyPackage@14 (line 460)
                      ; - java.net.URLClassLoader::defineClass@46 (line 492)
                      ; - java.net.URLClassLoader$1::run@43 (line 427)
                      ; - java.net.URLClassLoader$1::run@1 (line 421)
  0x000001cc1071df60: 1c64 4dff 

  0x000001cc1071df64: ;   {other}
  0x000001cc1071df64: 0f1f 8400 | d451 0071 | 498b f849 | 8bd7 c5f8 | 7749 ba30 | 27fd fafe | 7f00 0041 

  0x000001cc1071df80: ;   {other}
  0x000001cc1071df80: ffd2 0f1f | 8400 0000 | 0000 4c8b | c7e9 e5c0 | ffff 4889 | 5c24 5889 | 4c24 5444 | 8954 2450 
  0x000001cc1071dfa0: 4c89 4c24 | 404c 8944 | 2428 448b | 5424 7c44 | 8954 2424 | 448b 5c24 | 7844 895c | 2420 4889 
  0x000001cc1071dfc0: 7c24 3048 | 8b6c 2470 

  0x000001cc1071dfc8: ;   {metadata('java/io/FileInputStream')}
  0x000001cc1071dfc8: 48ba 401a | 0118 cc01 | 0000 6690 

  0x000001cc1071dfd4: ;   {runtime_call _new_instance_Java}
  0x000001cc1071dfd4: c5f8 77e8 

  0x000001cc1071dfd8: ; ImmutableOopMap {rbp=Oop [32]=NarrowOop [36]=NarrowOop [40]=Oop [48]=Oop [64]=Oop [72]=Oop [80]=NarrowOop [88]=Oop }
                      ;*new {reexecute=0 rethrow=0 return_oop=1}
                      ; - jdk.internal.loader.URLClassPath$FileLoader$1::getInputStream@0 (line 1119)
                      ; - jdk.internal.loader.Resource::cachedInputStream@9 (line 77)
                      ; - jdk.internal.loader.Resource::getByteBuffer@1 (line 163)
                      ; - java.net.URLClassLoader::defineClass@132 (line 511)
                      ; - java.net.URLClassLoader$1::run@43 (line 427)
                      ; - java.net.URLClassLoader$1::run@1 (line 421)
  0x000001cc1071dfd8: a495 59ff 

  0x000001cc1071dfdc: ;   {other}
  0x000001cc1071dfdc: 0f1f 8400 | 4c52 0072 | 4889 6c24 | 7048 8b7c | 2430 448b | 5c24 2044 | 895c 2478 | 448b 5424 
  0x000001cc1071dffc: 2444 8954 | 247c 4c8b | 4424 284c | 8b4c 2440 | 448b 5424 | 508b 4c24 | 5448 8b5c | 2458 e9d7 
  0x000001cc1071e01c: dbff ff48 | 8954 2458 | 4889 5c24 | 5089 4c24 | 4444 8954 | 2440 4c89 | 4c24 284c | 8944 2420 
  0x000001cc1071e03c: 4889 7c24 

  0x000001cc1071e040: ;   {metadata('java/lang/Object')}
  0x000001cc1071e040: 3048 ba90 | 0e00 18cc | 0100 0090 

  0x000001cc1071e04c: ;   {runtime_call _new_instance_Java}
  0x000001cc1071e04c: c5f8 77e8 

  0x000001cc1071e050: ; ImmutableOopMap {rbp=NarrowOop [32]=Oop [40]=Oop [48]=Oop [64]=NarrowOop [72]=Oop [80]=Oop [88]=Oop [112]=Oop [120]=NarrowOop [124]=NarrowOop }
                      ;*new {reexecute=0 rethrow=0 return_oop=1}
                      ; - java.io.FileInputStream::<init>@5 (line 74)
                      ; - jdk.internal.loader.URLClassPath$FileLoader$1::getInputStream@8 (line 1119)
                      ; - jdk.internal.loader.Resource::cachedInputStream@9 (line 77)
                      ; - jdk.internal.loader.Resource::getByteBuffer@1 (line 163)
                      ; - java.net.URLClassLoader::defineClass@132 (line 511)
                      ; - java.net.URLClassLoader$1::run@43 (line 427)
                      ; - java.net.URLClassLoader$1::run@1 (line 421)
  0x000001cc1071e050: 2c95 59ff 

  0x000001cc1071e054: ;   {other}
  0x000001cc1071e054: 0f1f 8400 | c452 0073 | 0f1f 4000 | e9f5 dbff 

  0x000001cc1071e064: ;   {metadata('java/io/FileDescriptor')}
  0x000001cc1071e064: ff48 bae8 | 2401 18cc | 0100 0090 

  0x000001cc1071e070: ;   {runtime_call _new_instance_Java}
  0x000001cc1071e070: c5f8 77e8 

  0x000001cc1071e074: ; ImmutableOopMap {rbp=Oop [32]=Oop [40]=Oop [48]=Oop [64]=NarrowOop [72]=Oop [80]=Oop [88]=Oop [112]=Oop [120]=NarrowOop [124]=NarrowOop }
                      ;*new {reexecute=0 rethrow=0 return_oop=1}
                      ; - java.io.FileInputStream::<init>@71 (line 149)
                      ; - jdk.internal.loader.URLClassPath$FileLoader$1::getInputStream@8 (line 1119)
                      ; - jdk.internal.loader.Resource::cachedInputStream@9 (line 77)
                      ; - jdk.internal.loader.Resource::getByteBuffer@1 (line 163)
                      ; - java.net.URLClassLoader::defineClass@132 (line 511)
                      ; - java.net.URLClassLoader$1::run@43 (line 427)
                      ; - java.net.URLClassLoader$1::run@1 (line 421)
  0x000001cc1071e074: 0895 59ff 

  0x000001cc1071e078: ;   {other}
  0x000001cc1071e078: 0f1f 8400 | e852 0074 | 4c8b c8e9 | d1dc ffff | ba45 ffff | ff4c 8b54 | 2448 4c89 | 5424 2044 
  0x000001cc1071e098: 8b5c 247c | 4489 5c24 | 4444 8b54 | 2478 4489 | 5424 4c48 | 8944 2478 

  0x000001cc1071e0b0: ;   {runtime_call UncommonTrapBlob}
  0x000001cc1071e0b0: c5f8 77e8 

  0x000001cc1071e0b4: ; ImmutableOopMap {rbp=NarrowOop [32]=Oop [48]=Oop [68]=NarrowOop [76]=NarrowOop [80]=NarrowOop [88]=Oop [120]=Oop [160]=Oop }
                      ;*ifnull {reexecute=1 rethrow=0 return_oop=0}
                      ; - (reexecute) java.lang.Package::isSealed@17 (line 235)
                      ; - java.net.URLClassLoader::getAndVerifyPackage@14 (line 460)
                      ; - java.net.URLClassLoader::defineClass@46 (line 492)
                      ; - java.net.URLClassLoader$1::run@43 (line 427)
                      ; - java.net.URLClassLoader$1::run@1 (line 421)
  0x000001cc1071e0b4: c862 4dff 

  0x000001cc1071e0b8: ;   {other}
  0x000001cc1071e0b8: 0f1f 8400 | 2853 0075 | ba45 ffff | ff48 8b6c | 2448 4c8b | 5424 404c | 8954 2420 | 4889 4424 
  0x000001cc1071e0d8: 3048 8944 | 2440 448b | 5c24 6044 | 895c 244c 

  0x000001cc1071e0e8: ;   {runtime_call UncommonTrapBlob}
  0x000001cc1071e0e8: c5f8 77e8 

  0x000001cc1071e0ec: ; ImmutableOopMap {rbp=Oop [32]=Oop [48]=Oop [64]=Oop [76]=NarrowOop [96]=NarrowOop [104]=Oop }
                      ;*ifeq {reexecute=1 rethrow=0 return_oop=0}
                      ; - (reexecute) java.lang.Class::getPackageName@13 (line 1165)
                      ; - java.lang.ClassLoader::postDefineClass@2 (line 934)
                      ; - java.lang.ClassLoader::defineClass@37 (line 1028)
                      ; - java.security.SecureClassLoader::defineClass@12 (line 150)
                      ; - java.net.URLClassLoader::defineClass@220 (line 524)
                      ; - java.net.URLClassLoader$1::run@43 (line 427)
                      ; - java.net.URLClassLoader$1::run@1 (line 421)
  0x000001cc1071e0ec: 9062 4dff 

  0x000001cc1071e0f0: ;   {other}
  0x000001cc1071e0f0: 0f1f 8400 | 6053 0076 | ba45 ffff | ff48 8b6c | 2448 4c8b | 5424 304c | 8954 2428 | 4c8b 5424 
  0x000001cc1071e110: 384c 8954 | 2430 448b | 5424 5044 | 8954 2440 | 4c8b 5424 | 584c 8954 | 2450 8944 | 2444 6690 
  0x000001cc1071e130: ;   {runtime_call UncommonTrapBlob}
  0x000001cc1071e130: c5f8 77e8 

  0x000001cc1071e134: ; ImmutableOopMap {rbp=Oop [40]=Oop [64]=NarrowOop [80]=Oop [120]=NarrowOop [124]=NarrowOop [160]=Oop }
                      ;*ifeq {reexecute=1 rethrow=0 return_oop=0}
                      ; - (reexecute) java.net.URLClassLoader::getAndVerifyPackage@71 (line 469)
                      ; - java.net.URLClassLoader::defineClass@46 (line 492)
                      ; - java.net.URLClassLoader$1::run@43 (line 427)
                      ; - java.net.URLClassLoader$1::run@1 (line 421)
  0x000001cc1071e134: 4862 4dff 

  0x000001cc1071e138: ;   {other}
  0x000001cc1071e138: 0f1f 8400 | a853 0077 | 4c8b 4424 | 6045 8b58 | 1045 85db | 0f84 6be5 | ffff 4d8b | 5728 498b 
  0x000001cc1071e158: cb0f 1f80 | 0000 0000 | 4d85 d20f | 84ff 0b00 | 004d 8b5f | 384b 894c | 13f8 4983 | c2f8 4d89 
  0x000001cc1071e178: 5728 e93e | e5ff ff4d | 8b57 484d | 8b5f 58f0 | 8344 24c0 | 0080 3900 | 0f84 5de5 | ffff 4488 
  0x000001cc1071e198: 214d 85d2 | 7527 498b | d849 8bd7 | c5f8 7749 | ba10 27fd | fafe 7f00 | 0041 ffd2 

  0x000001cc1071e1b4: ;   {other}
  0x000001cc1071e1b4: 0f1f 8400 | 0000 0000 | 4c8b c390 | e92e e5ff | ff4b 894c | 13f8 4983 | c2f8 4d89 | 5748 e91c 
  0x000001cc1071e1d4: e5ff ff49 | 8bd7 c5f8 | 7749 ba30 | 27fd fafe | 7f00 0041 

  0x000001cc1071e1e8: ;   {other}
  0x000001cc1071e1e8: ffd2 0f1f | 8400 0000 | 0000 e960 | c2ff ffba | e4ff ffff | 488b 6c24 | 484c 8b54 | 2440 4c89 
  0x000001cc1071e208: 5424 204c | 895c 2428 | 448b 5424 | 6044 8954 | 2444 8974 | 2450 6690 

  0x000001cc1071e220: ;   {runtime_call UncommonTrapBlob}
  0x000001cc1071e220: c5f8 77e8 

  0x000001cc1071e224: ; ImmutableOopMap {rbp=Oop [32]=Oop [40]=Oop [56]=Oop [68]=NarrowOop [80]=NarrowOop [96]=NarrowOop [124]=NarrowOop }
                      ;*baload {reexecute=0 rethrow=0 return_oop=0}
                      ; - jdk.internal.util.ArraysSupport::mismatch@82 (line 402)
                      ; - java.lang.String::startsWith@70 (line 2286)
                      ; - java.lang.String::startsWith@3 (line 2316)
                      ; - java.lang.ClassLoader::preDefineClass@43 (line 906)
                      ; - java.lang.ClassLoader::defineClass@4 (line 1025)
                      ; - java.security.SecureClassLoader::defineClass@12 (line 150)
                      ; - java.net.URLClassLoader::defineClass@220 (line 524)
                      ; - java.net.URLClassLoader$1::run@43 (line 427)
                      ; - java.net.URLClassLoader$1::run@1 (line 421)
  0x000001cc1071e224: 5861 4dff 

  0x000001cc1071e228: ;   {other}
  0x000001cc1071e228: 0f1f 8400 | 9854 0078 | 33ed 85ff | 400f 94c5 | ba45 ffff | ff4c 8b5c | 2448 4c89 | 5c24 204c 
  0x000001cc1071e248: 8b5c 2440 | 4c89 5c24 | 2848 895c | 2438 4c8b | 5c24 684c | 895c 2440 | 4889 5c24 | 4848 8944 
  0x000001cc1071e268: 2458 4489 | 5424 6890 

  0x000001cc1071e270: ;   {runtime_call UncommonTrapBlob}
  0x000001cc1071e270: c5f8 77e8 

  0x000001cc1071e274: ; ImmutableOopMap {[32]=Oop [40]=Oop [56]=Oop [64]=Oop [72]=Oop [88]=Oop [96]=NarrowOop }
                      ;*ifeq {reexecute=1 rethrow=0 return_oop=0}
                      ; - (reexecute) java.lang.String::lastIndexOf@4 (line 2562)
                      ; - java.lang.String::lastIndexOf@8 (line 2524)
                      ; - java.lang.Class::getPackageName@47 (line 1170)
                      ; - java.lang.ClassLoader::postDefineClass@2 (line 934)
                      ; - java.lang.ClassLoader::defineClass@37 (line 1028)
                      ; - java.security.SecureClassLoader::defineClass@12 (line 150)
                      ; - java.net.URLClassLoader::defineClass@220 (line 524)
                      ; - java.net.URLClassLoader$1::run@43 (line 427)
                      ; - java.net.URLClassLoader$1::run@1 (line 421)
  0x000001cc1071e274: 0861 4dff 

  0x000001cc1071e278: ;   {other}
  0x000001cc1071e278: 0f1f 8400 | e854 0079 | 498b d7c5 | f877 49ba | 3027 fdfa | fe7f 0000 

  0x000001cc1071e290: ;   {other}
  0x000001cc1071e290: 41ff d20f | 1f84 0000 | 0000 000f | 1f44 0000 | e9a6 ccff | ffba 45ff | ffff 488b | 6c24 484c 
  0x000001cc1071e2b0: 8b54 2440 | 4c89 5424 | 2048 895c | 2430 4c8b | 5424 684c | 8954 2438 | 4889 5c24 | 4048 8944 
  0x000001cc1071e2d0: 2448 4489 | 5c24 5444 | 895c 2458 | 4489 4c24 | 6866 6690 

  0x000001cc1071e2e4: ;   {runtime_call UncommonTrapBlob}
  0x000001cc1071e2e4: c5f8 77e8 

  0x000001cc1071e2e8: ; ImmutableOopMap {rbp=Oop [32]=Oop [48]=Oop [56]=Oop [64]=Oop [72]=Oop [96]=NarrowOop }
                      ;*if_icmpgt {reexecute=1 rethrow=0 return_oop=0}
                      ; - (reexecute) jdk.internal.util.Preconditions::checkFromToIndex@6 (line 348)
                      ; - java.lang.String::checkBoundsBeginEnd@6 (line 4855)
                      ; - java.lang.String::substring@8 (line 2823)
                      ; - java.lang.Class::getPackageName@62 (line 1171)
                      ; - java.lang.ClassLoader::postDefineClass@2 (line 934)
                      ; - java.lang.ClassLoader::defineClass@37 (line 1028)
                      ; - java.security.SecureClassLoader::defineClass@12 (line 150)
                      ; - java.net.URLClassLoader::defineClass@220 (line 524)
                      ; - java.net.URLClassLoader$1::run@43 (line 427)
                      ; - java.net.URLClassLoader$1::run@1 (line 421)
  0x000001cc1071e2e8: 9460 4dff 

  0x000001cc1071e2ec: ;   {other}
  0x000001cc1071e2ec: 0f1f 8400 | 5c55 007a | 4d63 cbe9 | f9ca ffff | 4983 c1fe | 498b c948 | 8bfa 4833 | c048 83f9 
  0x000001cc1071e30c: 087f 1048 | ffc9 784f | 4889 04cf | 48ff c97d | f7eb 44c5 | fdef c0e9 | 0d00 0000 | c5fe 7f07 
  0x000001cc1071e32c: c5fe 7f47 | 2048 83c7 | 4048 83e9 | 087d ed48 | 83c1 047c | 0cc5 fe7f | 0748 83c7 | 2048 83e9 
  0x000001cc1071e34c: 0448 83c1 | 047e 1048 | ffc9 c5f9 | d607 4883 | c708 48ff | c97d f3e9 | 67cb ffff | ba45 ffff 
  0x000001cc1071e36c: ff48 8b6c | 2448 4c8b | 5424 404c | 8954 2420 | 4889 5c24 | 304c 8b54 | 2468 4c89 | 5424 3848 
  0x000001cc1071e38c: 895c 2440 | 4889 4424 | 4844 895c | 2454 4489 | 5c24 5844 | 894c 2468 | 4489 4c24 | 6c66 6690 
  0x000001cc1071e3ac: ;   {runtime_call UncommonTrapBlob}
  0x000001cc1071e3ac: c5f8 77e8 

  0x000001cc1071e3b0: ; ImmutableOopMap {rbp=Oop [32]=Oop [48]=Oop [56]=Oop [64]=Oop [72]=Oop [96]=NarrowOop }
                      ;*if_icmple {reexecute=1 rethrow=0 return_oop=0}
                      ; - (reexecute) jdk.internal.util.Preconditions::checkFromToIndex@11 (line 348)
                      ; - java.lang.String::checkBoundsBeginEnd@6 (line 4855)
                      ; - java.lang.String::substring@8 (line 2823)
                      ; - java.lang.Class::getPackageName@62 (line 1171)
                      ; - java.lang.ClassLoader::postDefineClass@2 (line 934)
                      ; - java.lang.ClassLoader::defineClass@37 (line 1028)
                      ; - java.security.SecureClassLoader::defineClass@12 (line 150)
                      ; - java.net.URLClassLoader::defineClass@220 (line 524)
                      ; - java.net.URLClassLoader$1::run@43 (line 427)
                      ; - java.net.URLClassLoader$1::run@1 (line 421)
  0x000001cc1071e3b0: cc5f 4dff 

  0x000001cc1071e3b4: ;   {other}
  0x000001cc1071e3b4: 0f1f 8400 | 2456 007b | bacc ffff | ff48 8b6c | 2448 4c8b | 5424 404c | 8954 2420 | 4889 5c24 
  0x000001cc1071e3d4: 304c 8b54 | 2468 4c89 | 5424 3848 | 895c 2440 | 894c 2448 | 4489 5c24 | 5044 8b54 | 2460 4489 
  0x000001cc1071e3f4: 5424 5848 | 8974 2468 

  0x000001cc1071e3fc: ;   {runtime_call UncommonTrapBlob}
  0x000001cc1071e3fc: c5f8 77e8 

  0x000001cc1071e400: ; ImmutableOopMap {rbp=Oop [32]=Oop [48]=Oop [56]=Oop [64]=Oop [72]=NarrowOop [88]=NarrowOop [104]=Oop }
                      ;*newarray {reexecute=1 rethrow=0 return_oop=0}
                      ; - (reexecute) java.util.Arrays::copyOfRangeByte@10 (line 3863)
                      ; - java.util.Arrays::copyOfRange@13 (line 3854)
                      ; - java.lang.StringLatin1::newString@16 (line 756)
                      ; - java.lang.String::substring@41 (line 2828)
                      ; - java.lang.Class::getPackageName@62 (line 1171)
                      ; - java.lang.ClassLoader::postDefineClass@2 (line 934)
                      ; - java.lang.ClassLoader::defineClass@37 (line 1028)
                      ; - java.security.SecureClassLoader::defineClass@12 (line 150)
                      ; - java.net.URLClassLoader::defineClass@220 (line 524)
                      ; - java.net.URLClassLoader$1::run@43 (line 427)
                      ; - java.net.URLClassLoader$1::run@1 (line 421)
  0x000001cc1071e400: 7c5f 4dff 

  0x000001cc1071e404: ;   {other}
  0x000001cc1071e404: 0f1f 8400 | 7456 007c | 4885 c90f | 85b4 e4ff | ffe9 5800 | 0000 4d8b | 5758 4d8b | 5f48 f083 
  0x000001cc1071e424: 4424 c000 | 8039 0074 | 3844 8821 | 4d85 db74 | 0f4b 894c | 1af8 4983 | c3f8 4d89 | 5f48 eb21 
  0x000001cc1071e444: 498b d949 | 8bd7 c5f8 | 7749 ba10 | 27fd fafe | 7f00 0041 

  0x000001cc1071e458: ;   {other}
  0x000001cc1071e458: ffd2 0f1f | 8400 0000 | 0000 4c8b | cb45 8b51 | 5c45 85d2 | 0f85 57e4 | ffff 4c8b | 5c24 404c 
  0x000001cc1071e478: 8b4c 2420 | 488b 4c24 | 58e9 02c2 | ffff 4c8b | 4c24 6045 | 8b51 5c45 | 85d2 0f84 | dfe3 ffff 
  0x000001cc1071e498: 4d8b 5f28 | 498b ca90 | 4d85 db0f | 8477 0900 | 004d 8b57 | 384b 894c | 1af8 4983 | c3f8 4d89 
  0x000001cc1071e4b8: 5f28 e9b8 | e3ff ff49 | 8bd7 c5f8 | 7749 ba30 | 27fd fafe | 7f00 0041 

  0x000001cc1071e4d0: ;   {other}
  0x000001cc1071e4d0: ffd2 0f1f | 8400 0000 | 0000 e9fb | c9ff ff8b | 5c24 3844 | 8b53 1445 | 85d2 0f84 | ccdd ffff 
  0x000001cc1071e4f0: 4d8b 5f28 | 498b ca66 | 0f1f 8400 | 0000 0000 | 4d85 db0f | 843d 0900 | 004d 8b57 | 384b 894c 
  0x000001cc1071e510: 1af8 4983 | c3f8 4d89 | 5f28 e99d | ddff ff4d | 8b57 484d | 8b5f 58f0 | 8344 24c0 | 0041 8038 
  0x000001cc1071e530: 0074 3545 | 8820 4d85 | d274 0f4f | 8944 13f8 | 4983 c2f8 | 4d89 5748 | eb1e 498b | c849 8bd7 
  0x000001cc1071e550: c5f8 7749 | ba10 27fd | fafe 7f00 | 0041 ffd2 

  0x000001cc1071e560: ;   {other}
  0x000001cc1071e560: 0f1f 8400 | 0000 0000 | 448b 5b14 | 4585 db0f | 847b 0900 | 0049 8bfb | e96e ddff | ff4c 894c 
  0x000001cc1071e580: 2450 4489 | 4424 3848 | ba00 0000 | 18cc 0100 | 0049 03d2 | 4c8b 5424 | 284c 8954 | 2420 448b 
  0x000001cc1071e5a0: c366 6690 

  0x000001cc1071e5a4: ;   {runtime_call _new_array_Java}
  0x000001cc1071e5a4: c5f8 77e8 

  0x000001cc1071e5a8: ; ImmutableOopMap {rbp=Oop [32]=Oop [48]=Oop [56]=NarrowOop [64]=Oop [72]=Oop [96]=NarrowOop }
                      ;*invokevirtual clone {reexecute=1 rethrow=0 return_oop=1}
                      ; - (reexecute) java.security.CodeSource::getCertificates@11 (line 205)
                      ; - java.lang.ClassLoader::postDefineClass@24 (line 937)
                      ; - java.lang.ClassLoader::defineClass@37 (line 1028)
                      ; - java.security.SecureClassLoader::defineClass@12 (line 150)
                      ; - java.net.URLClassLoader::defineClass@220 (line 524)
                      ; - java.net.URLClassLoader$1::run@43 (line 427)
                      ; - java.net.URLClassLoader$1::run@1 (line 421)
  0x000001cc1071e5a8: d492 59ff 

  0x000001cc1071e5ac: ;   {other}
  0x000001cc1071e5ac: 0f1f 8400 | 1c58 007d | 448b 4424 | 384c 8b4c | 2450 6690 | e943 dbff | ffba f6ff | ffff 6690 
  0x000001cc1071e5cc: ;   {runtime_call UncommonTrapBlob}
  0x000001cc1071e5cc: c5f8 77e8 

  0x000001cc1071e5d0: ; ImmutableOopMap {[64]=Oop [72]=Oop }
                      ;*invokevirtual lastIndexOf {reexecute=0 rethrow=0 return_oop=0}
                      ; - java.lang.Class::getPackageName@47 (line 1170)
                      ; - java.lang.ClassLoader::postDefineClass@2 (line 934)
                      ; - java.lang.ClassLoader::defineClass@37 (line 1028)
                      ; - java.security.SecureClassLoader::defineClass@12 (line 150)
                      ; - java.net.URLClassLoader::defineClass@220 (line 524)
                      ; - java.net.URLClassLoader$1::run@43 (line 427)
                      ; - java.net.URLClassLoader$1::run@1 (line 421)
  0x000001cc1071e5d0: ac5d 4dff 

  0x000001cc1071e5d4: ;   {other}
  0x000001cc1071e5d4: 0f1f 8400 | 4458 007e | 4889 6c24 | 6045 8bda 

  0x000001cc1071e5e4: ;   {metadata('java/security/CodeSigner'[])}
  0x000001cc1071e5e4: 498b e948 | ba30 d53f | 19cc 0100 | 0045 8bc3 

  0x000001cc1071e5f4: ;   {runtime_call _new_array_Java}
  0x000001cc1071e5f4: c5f8 77e8 

  0x000001cc1071e5f8: ; ImmutableOopMap {[32]=Oop [40]=Oop [48]=Oop [64]=Oop [72]=Oop [88]=Oop [96]=Oop [120]=NarrowOop [124]=NarrowOop [128]=Oop }
                      ;*invokevirtual clone {reexecute=1 rethrow=0 return_oop=1}
                      ; - (reexecute) java.security.CodeSource::<init>@42 (line 128)
                      ; - java.net.URLClassLoader::defineClass@198 (line 522)
                      ; - java.net.URLClassLoader$1::run@43 (line 427)
                      ; - java.net.URLClassLoader$1::run@1 (line 421)
  0x000001cc1071e5f8: 8492 59ff 

  0x000001cc1071e5fc: ;   {other}
  0x000001cc1071e5fc: 0f1f 8400 | 6c58 007f | 4c8b d0e9 | 6be0 ffff | 4c89 5c24 | 2049 8be9 | 4889 4c24 | 4044 8954 
  0x000001cc1071e61c: 2454 418b | d848 8954 | 2458 4889 

  0x000001cc1071e628: ;   {metadata('java/security/CodeSigner'[])}
  0x000001cc1071e628: 7c24 6048 | ba30 d53f | 19cc 0100 | 0044 8bc3 

  0x000001cc1071e638: ;   {runtime_call _new_array_Java}
  0x000001cc1071e638: c5f8 77e8 

  0x000001cc1071e63c: ; ImmutableOopMap {rbp=Oop [32]=Oop [40]=Oop [48]=Oop [72]=Oop [80]=NarrowOop [84]=NarrowOop [88]=Oop [120]=NarrowOop [124]=NarrowOop [128]=Oop }
                      ;*invokevirtual clone {reexecute=1 rethrow=0 return_oop=1}
                      ; - (reexecute) java.util.jar.JarFile$JarFileEntry::getCodeSigners@70 (line 677)
                      ; - jdk.internal.loader.URLClassPath$JarLoader$2::getCodeSigners@4 (line 858)
                      ; - java.net.URLClassLoader::defineClass@185 (line 521)
                      ; - java.net.URLClassLoader$1::run@43 (line 427)
                      ; - java.net.URLClassLoader$1::run@1 (line 421)
  0x000001cc1071e63c: 4092 59ff 

  0x000001cc1071e640: ;   {other}
  0x000001cc1071e640: 0f1f 8400 | b058 0080 | e923 e3ff | ff48 895c | 2438 4489 | 4424 2041 

  0x000001cc1071e658: ;   {metadata('java/util/ArrayList')}
  0x000001cc1071e658: 8beb 48ba | d089 0b18 | cc01 0000 

  0x000001cc1071e664: ;   {runtime_call _new_instance_Java}
  0x000001cc1071e664: c5f8 77e8 

  0x000001cc1071e668: ; ImmutableOopMap {rbp=NarrowOop [32]=NarrowOop [40]=Oop [48]=Oop [56]=Oop [64]=Oop [72]=Oop [96]=NarrowOop }
                      ;*new {reexecute=0 rethrow=0 return_oop=1}
                      ; - java.security.CodeSource::getCertificates@25 (line 209)
                      ; - java.lang.ClassLoader::postDefineClass@24 (line 937)
                      ; - java.lang.ClassLoader::defineClass@37 (line 1028)
                      ; - java.security.SecureClassLoader::defineClass@12 (line 150)
                      ; - java.net.URLClassLoader::defineClass@220 (line 524)
                      ; - java.net.URLClassLoader$1::run@43 (line 427)
                      ; - java.net.URLClassLoader$1::run@1 (line 421)
  0x000001cc1071e668: 148f 59ff 

  0x000001cc1071e66c: ;   {other}
  0x000001cc1071e66c: 0f1f 8400 | dc58 0081 | 448b dd44 | 8b44 2420 | 488b 5c24 | 38e9 fbda | ffff 4c89 | 4c24 2048 
  0x000001cc1071e68c: 8beb 4489 

  0x000001cc1071e690: ;   {metadata('java/security/cert/Certificate'[])}
  0x000001cc1071e690: 5c24 3848 | ba20 2910 | 18cc 0100 | 0045 33c0 

  0x000001cc1071e6a0: ;   {runtime_call _new_array_Java}
  0x000001cc1071e6a0: c5f8 77e8 

  0x000001cc1071e6a4: ; ImmutableOopMap {rbp=Oop [32]=Oop [40]=Oop [48]=Oop [56]=NarrowOop [64]=Oop [72]=Oop [96]=NarrowOop }
                      ;*anewarray {reexecute=0 rethrow=0 return_oop=1}
                      ; - java.security.CodeSource::getCertificates@70 (line 215)
                      ; - java.lang.ClassLoader::postDefineClass@24 (line 937)
                      ; - java.lang.ClassLoader::defineClass@37 (line 1028)
                      ; - java.security.SecureClassLoader::defineClass@12 (line 150)
                      ; - java.net.URLClassLoader::defineClass@220 (line 524)
                      ; - java.net.URLClassLoader$1::run@43 (line 427)
                      ; - java.net.URLClassLoader$1::run@1 (line 421)
  0x000001cc1071e6a4: d891 59ff 

  0x000001cc1071e6a8: ;   {other}
  0x000001cc1071e6a8: 0f1f 8400 | 1859 0082 | e9c8 dbff | ff4c 894c | 2420 4889 | 7c24 3848 | ba00 0000 | 18cc 0100 
  0x000001cc1071e6c8: 0049 03d3 | 488b 6c24 | 2844 8bc1 

  0x000001cc1071e6d4: ;   {runtime_call _new_array_Java}
  0x000001cc1071e6d4: c5f8 77e8 

  0x000001cc1071e6d8: ; ImmutableOopMap {rbp=Oop [48]=Oop [56]=Oop [64]=Oop [72]=Oop [96]=NarrowOop }
                      ;*invokevirtual clone {reexecute=1 rethrow=0 return_oop=1}
                      ; - (reexecute) java.security.CodeSource::getCertificates@86 (line 217)
                      ; - java.lang.ClassLoader::postDefineClass@24 (line 937)
                      ; - java.lang.ClassLoader::defineClass@37 (line 1028)
                      ; - java.security.SecureClassLoader::defineClass@12 (line 150)
                      ; - java.net.URLClassLoader::defineClass@220 (line 524)
                      ; - java.net.URLClassLoader$1::run@43 (line 427)
                      ; - java.net.URLClassLoader$1::run@1 (line 421)
  0x000001cc1071e6d8: a491 59ff 

  0x000001cc1071e6dc: ;   {other}
  0x000001cc1071e6dc: 0f1f 8400 | 4c59 0083 | 488b 7c24 | 384c 8b4c | 2420 e970 | dcff ff4c | 899c 24a0 | 0000 0044 
  0x000001cc1071e6fc: 8994 2498 | 0000 004d | 63d2 4d8b | c2e9 3ed2 | ffff 4983 | c2fe 498b | ca49 8bf9 | 4833 c048 
  0x000001cc1071e71c: 83f9 087f | 1048 ffc9 | 784f 4889 | 04cf 48ff | c97d f7eb | 44c5 fdef | c0e9 0d00 | 0000 c5fe 
  0x000001cc1071e73c: 7f07 c5fe | 7f47 2048 | 83c7 4048 | 83e9 087d | ed48 83c1 | 047c 0cc5 | fe7f 0748 | 83c7 2048 
  0x000001cc1071e75c: 83e9 0448 | 83c1 047e | 1048 ffc9 | c5f9 d607 | 4883 c708 | 48ff c97d | f3e9 09d3 | ffff bacc 
  0x000001cc1071e77c: ffff ff48 | 8b6c 2448 | 4c8b 5424 | 404c 8954 | 2420 4c8b | 5424 384c | 8954 2428 | 448b 5c24 
  0x000001cc1071e79c: 5044 895c | 2440 894c | 2444 6690 

  0x000001cc1071e7a8: ;   {runtime_call UncommonTrapBlob}
  0x000001cc1071e7a8: c5f8 77e8 

  0x000001cc1071e7ac: ; ImmutableOopMap {rbp=Oop [32]=Oop [64]=NarrowOop [68]=NarrowOop [104]=Oop [120]=NarrowOop [124]=NarrowOop [128]=Oop }
                      ;*newarray {reexecute=1 rethrow=0 return_oop=0}
                      ; - (reexecute) java.util.Arrays::copyOf@15 (line 3541)
                      ; - jdk.internal.loader.Resource::getBytes@94 (line 120)
                      ; - java.net.URLClassLoader::defineClass@179 (line 519)
                      ; - java.net.URLClassLoader$1::run@43 (line 427)
                      ; - java.net.URLClassLoader$1::run@1 (line 421)
  0x000001cc1071e7ac: d05b 4dff 

  0x000001cc1071e7b0: ;   {other}
  0x000001cc1071e7b0: 0f1f 8400 | 205a 0084 | bace ffff | ff4c 8954 | 2420 4c89 | 6c24 3044 | 895c 2438 

  0x000001cc1071e7cc: ;   {runtime_call UncommonTrapBlob}
  0x000001cc1071e7cc: c5f8 77e8 

  0x000001cc1071e7d0: ; ImmutableOopMap {[32]=Oop [48]=Oop [72]=Oop }
                      ;*invokestatic inflate {reexecute=0 rethrow=0 return_oop=0}
                      ; - java.lang.String::getBytes@40 (line 4717)
                      ; - java.lang.StringConcatHelper::prepend@21 (line 324)
                      ; - java.lang.StringConcatHelper::simpleConcat@81 (line 439)
                      ; - java.lang.String::concat@11 (line 2888)
                      ; - java.net.URLClassLoader$1::run@13 (line 423)
                      ; - java.net.URLClassLoader$1::run@1 (line 421)
  0x000001cc1071e7d0: ac5b 4dff 

  0x000001cc1071e7d4: ;   {other}
  0x000001cc1071e7d4: 0f1f 8400 | 445a 0085 | baf6 ffff | ff48 8b6c | 2448 4c8b | 5c24 404c | 895c 2420 | 4c8b 5c24 
  0x000001cc1071e7f4: 384c 895c | 2428 8b4c | 2450 894c | 2440 4c89 | 5424 4844 | 8944 2444 | 4489 4c24 | 5066 6690 
  0x000001cc1071e814: ;   {runtime_call UncommonTrapBlob}
  0x000001cc1071e814: c5f8 77e8 

  0x000001cc1071e818: ; ImmutableOopMap {rbp=Oop [32]=Oop [64]=NarrowOop [68]=NarrowOop [72]=Oop [120]=NarrowOop [124]=NarrowOop }
                      ;*invokevirtual length {reexecute=0 rethrow=0 return_oop=0}
                      ; - jdk.internal.loader.URLClassPath$FileLoader$1::getContentLength@4 (line 1121)
                      ; - jdk.internal.loader.Resource::getBytes@10 (line 100)
                      ; - java.net.URLClassLoader::defineClass@179 (line 519)
                      ; - java.net.URLClassLoader$1::run@43 (line 427)
                      ; - java.net.URLClassLoader$1::run@1 (line 421)
  0x000001cc1071e818: 645b 4dff 

  0x000001cc1071e81c: ;   {other}
  0x000001cc1071e81c: 0f1f 8400 | 8c5a 0086 | ba45 ffff | ff48 8b6c | 2448 4c8b | 5424 404c | 8954 2420 | 4c8b 5424 
  0x000001cc1071e83c: 384c 8954 | 2428 448b | 5c24 5044 | 895c 2440 | 448b 5c24 | 5444 895c | 2444 4489 | 4424 5c90 
  0x000001cc1071e85c: ;   {runtime_call UncommonTrapBlob}
  0x000001cc1071e85c: c5f8 77e8 

  0x000001cc1071e860: ; ImmutableOopMap {rbp=Oop [32]=Oop [64]=NarrowOop [68]=NarrowOop [104]=Oop [120]=NarrowOop [124]=NarrowOop [152]=Oop }
                      ;*ifge {reexecute=1 rethrow=0 return_oop=0}
                      ; - (reexecute) jdk.internal.loader.Resource::getBytes@135 (line 131)
                      ; - java.net.URLClassLoader::defineClass@179 (line 519)
                      ; - java.net.URLClassLoader$1::run@43 (line 427)
                      ; - java.net.URLClassLoader$1::run@1 (line 421)
  0x000001cc1071e860: 1c5b 4dff 

  0x000001cc1071e864: ;   {other}
  0x000001cc1071e864: 0f1f 8400 | d45a 0087 | ba45 ffff | ff48 8b6c | 2448 4c8b | 5424 404c | 8954 2420 | 4c8b 5424 
  0x000001cc1071e884: 384c 8954 | 2428 448b | 5c24 5044 | 895c 2440 | 894c 2444 

  0x000001cc1071e898: ;   {runtime_call UncommonTrapBlob}
  0x000001cc1071e898: c5f8 77e8 

  0x000001cc1071e89c: ; ImmutableOopMap {rbp=Oop [32]=Oop [64]=NarrowOop [68]=NarrowOop [104]=Oop [120]=NarrowOop [124]=NarrowOop [128]=Oop }
                      ;*ifge {reexecute=1 rethrow=0 return_oop=0}
                      ; - (reexecute) jdk.internal.loader.Resource::getBytes@78 (line 116)
                      ; - java.net.URLClassLoader::defineClass@179 (line 519)
                      ; - java.net.URLClassLoader$1::run@43 (line 427)
                      ; - java.net.URLClassLoader$1::run@1 (line 421)
  0x000001cc1071e89c: e05a 4dff 

  0x000001cc1071e8a0: ;   {other}
  0x000001cc1071e8a0: 0f1f 8400 | 105b 0088 | bac6 ffff | ff48 8b6c | 2448 4889 | 7c24 284c | 8b54 2438 | 4c89 5424 
  0x000001cc1071e8c0: 3089 4424 | 3848 897c | 2440 6690 

  0x000001cc1071e8cc: ;   {runtime_call UncommonTrapBlob}
  0x000001cc1071e8cc: c5f8 77e8 

  0x000001cc1071e8d0: ; ImmutableOopMap {rbp=Oop [40]=Oop [64]=Oop [120]=NarrowOop [124]=NarrowOop }
                      ;*invokevirtual getCodeSourceURL {reexecute=0 rethrow=0 return_oop=0}
                      ; - java.net.URLClassLoader::defineClass@13 (line 487)
                      ; - java.net.URLClassLoader$1::run@43 (line 427)
                      ; - java.net.URLClassLoader$1::run@1 (line 421)
  0x000001cc1071e8d0: ac5a 4dff 

  0x000001cc1071e8d4: ;   {other}
  0x000001cc1071e8d4: 0f1f 8400 | 445b 0089 | bac6 ffff | ff48 8b6c | 2448 4889 | 7c24 284c | 8b5c 2438 | 4c89 5c24 
  0x000001cc1071e8f4: 3048 897c | 2438 4489 | 5424 4890 

  0x000001cc1071e900: ;   {runtime_call UncommonTrapBlob}
  0x000001cc1071e900: c5f8 77e8 

  0x000001cc1071e904: ; ImmutableOopMap {rbp=Oop [40]=Oop [56]=Oop [72]=NarrowOop [120]=NarrowOop [124]=NarrowOop [160]=Oop }
                      ;*invokevirtual getManifest {reexecute=0 rethrow=0 return_oop=0}
                      ; - java.net.URLClassLoader::defineClass@34 (line 491)
                      ; - java.net.URLClassLoader$1::run@43 (line 427)
                      ; - java.net.URLClassLoader$1::run@1 (line 421)
  0x000001cc1071e904: 785a 4dff 

  0x000001cc1071e908: ;   {other}
  0x000001cc1071e908: 0f1f 8400 | 785b 008a | bac6 ffff | ff48 8b6c | 2448 4c8b | 5424 404c | 8954 2420 | 4c8b 5424 
  0x000001cc1071e928: 384c 8954 | 2430 6690 

  0x000001cc1071e930: ;   {runtime_call UncommonTrapBlob}
  0x000001cc1071e930: c5f8 77e8 

  0x000001cc1071e934: ; ImmutableOopMap {rbp=Oop [32]=Oop [80]=NarrowOop [120]=NarrowOop [124]=NarrowOop }
                      ;*invokevirtual getBytes {reexecute=0 rethrow=0 return_oop=0}
                      ; - java.net.URLClassLoader::defineClass@179 (line 519)
                      ; - java.net.URLClassLoader$1::run@43 (line 427)
                      ; - java.net.URLClassLoader$1::run@1 (line 421)
  0x000001cc1071e934: 485a 4dff 

  0x000001cc1071e938: ;   {other}
  0x000001cc1071e938: 0f1f 8400 | a85b 008b | 498b ea49 | 8bd2 4c8d | 8424 c000 | 0000 6690 

  0x000001cc1071e950: ;   {runtime_call _complete_monitor_locking_Java}
  0x000001cc1071e950: c5f8 77e8 

  0x000001cc1071e954: ; ImmutableOopMap {rbp=Oop [40]=Oop [48]=Oop [64]=Oop [72]=Oop [80]=NarrowOop [112]=Oop [120]=NarrowOop [124]=NarrowOop }
                      ;*synchronization entry
                      ; - jdk.internal.loader.Resource::cachedInputStream@-1 (line 76)
                      ; - jdk.internal.loader.Resource::getBytes@1 (line 89)
                      ; - java.net.URLClassLoader::defineClass@179 (line 519)
                      ; - java.net.URLClassLoader$1::run@43 (line 427)
                      ; - java.net.URLClassLoader$1::run@1 (line 421)
  0x000001cc1071e954: a8bf 59ff 

  0x000001cc1071e958: ;   {other}
  0x000001cc1071e958: 0f1f 8400 | c85b 008c | 4c8b d5e9 | b5ca ffff | bac6 ffff | ff48 8b6c | 2448 4c8b | 5424 384c 
  0x000001cc1071e978: 8954 2428 | 4c89 5c24 | 3066 6690 

  0x000001cc1071e984: ;   {runtime_call UncommonTrapBlob}
  0x000001cc1071e984: c5f8 77e8 

  0x000001cc1071e988: ; ImmutableOopMap {rbp=Oop [48]=Oop [80]=NarrowOop [120]=NarrowOop [124]=NarrowOop [128]=Oop }
                      ;*invokevirtual getCodeSigners {reexecute=0 rethrow=0 return_oop=0}
                      ; - java.net.URLClassLoader::defineClass@185 (line 521)
                      ; - java.net.URLClassLoader$1::run@43 (line 427)
                      ; - java.net.URLClassLoader$1::run@1 (line 421)
  0x000001cc1071e988: f459 4dff 

  0x000001cc1071e98c: ;   {other}
  0x000001cc1071e98c: 0f1f 8400 | fc5b 008d | 418b f849 | 8bda 498b | ca48 8d94 | 24c0 0000 | 004d 8bc7 | c5f8 7749 
  0x000001cc1071e9ac: ba70 9b3e | fbfe 7f00 | 0041 ffd2 

  0x000001cc1071e9b8: ;   {other}
  0x000001cc1071e9b8: 0f1f 8400 | 0000 0000 | 4c8b d344 | 8bc7 e9fb | cdff ffba | 2700 0000 | 488b 6c24 | 484c 8b54 
  0x000001cc1071e9d8: 2440 4c89 | 5424 204c | 8b54 2438 | 4c89 5424 | 284c 8b54 | 2458 448b | 5c24 5044 | 895c 2440 
  0x000001cc1071e9f8: 4c89 5424 | 484c 8954 | 2450 6690 

  0x000001cc1071ea04: ;   {runtime_call UncommonTrapBlob}
  0x000001cc1071ea04: c5f8 77e8 

  0x000001cc1071ea08: ; ImmutableOopMap {rbp=Oop [32]=Oop [64]=NarrowOop [72]=Oop [80]=Oop [96]=Oop [120]=NarrowOop [124]=NarrowOop }
                      ;*new {reexecute=0 rethrow=0 return_oop=0}
                      ; - java.io.FileInputStream::<init>@45 (line 144)
                      ; - jdk.internal.loader.URLClassPath$FileLoader$1::getInputStream@8 (line 1119)
                      ; - jdk.internal.loader.Resource::cachedInputStream@9 (line 77)
                      ; - jdk.internal.loader.Resource::getBytes@1 (line 89)
                      ; - java.net.URLClassLoader::defineClass@179 (line 519)
                      ; - java.net.URLClassLoader$1::run@43 (line 427)
                      ; - java.net.URLClassLoader$1::run@1 (line 421)
  0x000001cc1071ea08: 7459 4dff 

  0x000001cc1071ea0c: ;   {other}
  0x000001cc1071ea0c: 0f1f 8400 | 7c5c 008e | baf6 ffff | ff48 8b6c | 2448 4c8b | 5424 404c | 8954 2420 | 4c8b 5424 
  0x000001cc1071ea2c: 384c 8954 | 2428 4c8b | 5424 5844 | 8b5c 2450 | 4489 5c24 | 404c 8954 | 2448 4c89 | 5424 5090 
  0x000001cc1071ea4c: ;   {runtime_call UncommonTrapBlob}
  0x000001cc1071ea4c: c5f8 77e8 

  0x000001cc1071ea50: ; ImmutableOopMap {rbp=Oop [32]=Oop [64]=NarrowOop [72]=Oop [80]=Oop [120]=NarrowOop [124]=NarrowOop }
                      ;*invokevirtual isInvalid {reexecute=0 rethrow=0 return_oop=0}
                      ; - java.io.FileInputStream::<init>@54 (line 146)
                      ; - jdk.internal.loader.URLClassPath$FileLoader$1::getInputStream@8 (line 1119)
                      ; - jdk.internal.loader.Resource::cachedInputStream@9 (line 77)
                      ; - jdk.internal.loader.Resource::getBytes@1 (line 89)
                      ; - java.net.URLClassLoader::defineClass@179 (line 519)
                      ; - java.net.URLClassLoader$1::run@43 (line 427)
                      ; - java.net.URLClassLoader$1::run@1 (line 421)
  0x000001cc1071ea50: 2c59 4dff 

  0x000001cc1071ea54: ;   {other}
  0x000001cc1071ea54: 0f1f 8400 | c45c 008f | ba2e 0000 | 0048 8b6c | 2448 4c8b | 5424 404c | 8954 2420 | 4c8b 5424 
  0x000001cc1071ea74: 384c 8954 | 2428 4c8b | 5424 5844 | 8b5c 2450 | 4489 5c24 | 404c 8954 | 2448 4c89 | 5424 5090 
  0x000001cc1071ea94: ;   {runtime_call UncommonTrapBlob}
  0x000001cc1071ea94: c5f8 77e8 

  0x000001cc1071ea98: ; ImmutableOopMap {rbp=Oop [32]=Oop [64]=NarrowOop [72]=Oop [80]=Oop [96]=Oop [120]=NarrowOop [124]=NarrowOop }
                      ;*new {reexecute=0 rethrow=0 return_oop=0}
                      ; - java.io.FileInputStream::<init>@60 (line 147)
                      ; - jdk.internal.loader.URLClassPath$FileLoader$1::getInputStream@8 (line 1119)
                      ; - jdk.internal.loader.Resource::cachedInputStream@9 (line 77)
                      ; - jdk.internal.loader.Resource::getBytes@1 (line 89)
                      ; - java.net.URLClassLoader::defineClass@179 (line 519)
                      ; - java.net.URLClassLoader$1::run@43 (line 427)
                      ; - java.net.URLClassLoader$1::run@1 (line 421)
  0x000001cc1071ea98: e458 4dff 

  0x000001cc1071ea9c: ;   {other}
  0x000001cc1071ea9c: 0f1f 8400 | 0c5d 0090 | ba27 0000 | 0048 8b6c | 2448 4c8b | 5424 304c | 8954 2428 | 4c8b 5424 
  0x000001cc1071eabc: 384c 8954 | 2430 6690 

  0x000001cc1071eac4: ;   {runtime_call UncommonTrapBlob}
  0x000001cc1071eac4: c5f8 77e8 

  0x000001cc1071eac8: ; ImmutableOopMap {rbp=Oop [40]=Oop [64]=NarrowOop [80]=Oop [88]=Oop [120]=NarrowOop [124]=NarrowOop }
                      ;*new {reexecute=0 rethrow=0 return_oop=0}
                      ; - java.io.FileInputStream::<init>@45 (line 144)
                      ; - jdk.internal.loader.URLClassPath$FileLoader$1::getInputStream@8 (line 1119)
                      ; - jdk.internal.loader.Resource::cachedInputStream@9 (line 77)
                      ; - jdk.internal.loader.Resource::getByteBuffer@1 (line 163)
                      ; - java.net.URLClassLoader::defineClass@132 (line 511)
                      ; - java.net.URLClassLoader$1::run@43 (line 427)
                      ; - java.net.URLClassLoader$1::run@1 (line 421)
  0x000001cc1071eac8: b458 4dff 

  0x000001cc1071eacc: ;   {other}
  0x000001cc1071eacc: 0f1f 8400 | 3c5d 0091 | baf6 ffff | ff48 8b6c | 2448 4c8b | 5424 304c | 8954 2428 | 4c8b 5424 
  0x000001cc1071eaec: 384c 8954 | 2430 6690 

  0x000001cc1071eaf4: ;   {runtime_call UncommonTrapBlob}
  0x000001cc1071eaf4: c5f8 77e8 

  0x000001cc1071eaf8: ; ImmutableOopMap {rbp=Oop [40]=Oop [64]=NarrowOop [80]=Oop [120]=NarrowOop [124]=NarrowOop }
                      ;*invokevirtual isInvalid {reexecute=0 rethrow=0 return_oop=0}
                      ; - java.io.FileInputStream::<init>@54 (line 146)
                      ; - jdk.internal.loader.URLClassPath$FileLoader$1::getInputStream@8 (line 1119)
                      ; - jdk.internal.loader.Resource::cachedInputStream@9 (line 77)
                      ; - jdk.internal.loader.Resource::getByteBuffer@1 (line 163)
                      ; - java.net.URLClassLoader::defineClass@132 (line 511)
                      ; - java.net.URLClassLoader$1::run@43 (line 427)
                      ; - java.net.URLClassLoader$1::run@1 (line 421)
  0x000001cc1071eaf8: 8458 4dff 

  0x000001cc1071eafc: ;   {other}
  0x000001cc1071eafc: 0f1f 8400 | 6c5d 0092 | bac6 ffff | ff48 8b6c | 2448 4889 | 7c24 284c | 8b5c 2438 | 4c89 5c24 
  0x000001cc1071eb1c: 3048 897c | 2438 4489 | 5424 6090 

  0x000001cc1071eb28: ;   {runtime_call UncommonTrapBlob}
  0x000001cc1071eb28: c5f8 77e8 

  0x000001cc1071eb2c: ; ImmutableOopMap {rbp=Oop [40]=Oop [56]=Oop [96]=NarrowOop [120]=NarrowOop [124]=NarrowOop }
                      ;*invokevirtual getInputStream {reexecute=0 rethrow=0 return_oop=0}
                      ; - jdk.internal.loader.Resource::cachedInputStream@9 (line 77)
                      ; - jdk.internal.loader.Resource::getByteBuffer@1 (line 163)
                      ; - java.net.URLClassLoader::defineClass@132 (line 511)
                      ; - java.net.URLClassLoader$1::run@43 (line 427)
                      ; - java.net.URLClassLoader$1::run@1 (line 421)
  0x000001cc1071eb2c: 5058 4dff 

  0x000001cc1071eb30: ;   {other}
  0x000001cc1071eb30: 0f1f 8400 | a05d 0093 | ba2e 0000 | 0048 8b6c | 2448 4c8b | 5424 304c | 8954 2428 | 4c8b 5424 
  0x000001cc1071eb50: 384c 8954 | 2430 6690 

  0x000001cc1071eb58: ;   {runtime_call UncommonTrapBlob}
  0x000001cc1071eb58: c5f8 77e8 

  0x000001cc1071eb5c: ; ImmutableOopMap {rbp=Oop [40]=Oop [64]=NarrowOop [80]=Oop [88]=Oop [120]=NarrowOop [124]=NarrowOop }
                      ;*new {reexecute=0 rethrow=0 return_oop=0}
                      ; - java.io.FileInputStream::<init>@60 (line 147)
                      ; - jdk.internal.loader.URLClassPath$FileLoader$1::getInputStream@8 (line 1119)
                      ; - jdk.internal.loader.Resource::cachedInputStream@9 (line 77)
                      ; - jdk.internal.loader.Resource::getByteBuffer@1 (line 163)
                      ; - java.net.URLClassLoader::defineClass@132 (line 511)
                      ; - java.net.URLClassLoader$1::run@43 (line 427)
                      ; - java.net.URLClassLoader$1::run@1 (line 421)
  0x000001cc1071eb5c: 2058 4dff 

  0x000001cc1071eb60: ;   {other}
  0x000001cc1071eb60: 0f1f 8400 | d05d 0094 | ba45 ffff | ff4c 8b5c | 2448 4c89 | 5c24 204c | 8b5c 2440 | 4c89 5c24 
  0x000001cc1071eb80: 284c 8b5c | 2438 4c89 | 5c24 3044 | 8b4c 2450 | 4489 4c24 | 484c 8954 | 2450 4489 | 4424 4c90 
  0x000001cc1071eba0: ;   {runtime_call UncommonTrapBlob}
  0x000001cc1071eba0: c5f8 77e8 

  0x000001cc1071eba4: ; ImmutableOopMap {[32]=Oop [40]=Oop [72]=NarrowOop [76]=NarrowOop [80]=Oop [112]=Oop [120]=NarrowOop [124]=NarrowOop }
                      ;*ifeq {reexecute=1 rethrow=0 return_oop=0}
                      ; - (reexecute) java.lang.Thread::getAndClearInterrupt@6 (line 1783)
                      ; - java.lang.Thread::interrupted@3 (line 1746)
                      ; - jdk.internal.loader.Resource::getBytes@5 (line 96)
                      ; - java.net.URLClassLoader::defineClass@179 (line 519)
                      ; - java.net.URLClassLoader$1::run@43 (line 427)
                      ; - java.net.URLClassLoader$1::run@1 (line 421)
  0x000001cc1071eba4: d857 4dff 

  0x000001cc1071eba8: ;   {other}
  0x000001cc1071eba8: 0f1f 8400 | 185e 0095 | ba45 ffff | ff48 8b6c | 2448 4c8b | 5424 404c | 8954 2420 | 4c8b 5424 
  0x000001cc1071ebc8: 384c 8954 | 2428 448b | 5424 5044 | 8954 2440 | 4c89 4c24 | 4844 8b54 | 2454 4489 | 5424 4444 
  0x000001cc1071ebe8: 8944 2454 

  0x000001cc1071ebec: ;   {runtime_call UncommonTrapBlob}
  0x000001cc1071ebec: c5f8 77e8 

  0x000001cc1071ebf0: ; ImmutableOopMap {rbp=Oop [32]=Oop [64]=NarrowOop [68]=NarrowOop [72]=Oop [104]=Oop [120]=NarrowOop [124]=NarrowOop }
                      ;*if_icmpne {reexecute=1 rethrow=0 return_oop=0}
                      ; - (reexecute) jdk.internal.loader.Resource::getBytes@36 (line 110)
                      ; - java.net.URLClassLoader::defineClass@179 (line 519)
                      ; - java.net.URLClassLoader$1::run@43 (line 427)
                      ; - java.net.URLClassLoader$1::run@1 (line 421)
  0x000001cc1071ebf0: 8c57 4dff 

  0x000001cc1071ebf4: ;   {other}
  0x000001cc1071ebf4: 0f1f 8400 | 645e 0096 | 41bb 0100 | 0000 ba45 | ffff ff4c | 8b54 2448 | 4c89 5424 | 204c 8b54 
  0x000001cc1071ec14: 2440 4c89 | 5424 284c | 8b54 2438 | 4c89 5424 | 3044 895c | 244c 6690 

  0x000001cc1071ec2c: ;   {runtime_call UncommonTrapBlob}
  0x000001cc1071ec2c: c5f8 77e8 

  0x000001cc1071ec30: ; ImmutableOopMap {rbp=Oop [32]=Oop [40]=Oop [80]=NarrowOop [104]=Oop [120]=NarrowOop [124]=NarrowOop }
                      ;*ifeq {reexecute=1 rethrow=0 return_oop=0}
                      ; - (reexecute) jdk.internal.loader.Resource::getBytes@199 (line 150)
                      ; - java.net.URLClassLoader::defineClass@179 (line 519)
                      ; - java.net.URLClassLoader$1::run@43 (line 427)
                      ; - java.net.URLClassLoader$1::run@1 (line 421)
  0x000001cc1071ec30: 4c57 4dff 

  0x000001cc1071ec34: ;   {other}
  0x000001cc1071ec34: 0f1f 8400 | a45e 0097 | 488b fb49 | 8bda 498b | d7c5 f877 | 49ba 3027 | fdfa fe7f | 0000 41ff 
  0x000001cc1071ec54: ;   {other}
  0x000001cc1071ec54: d20f 1f84 | 0000 0000 | 004c 8bd3 | 488b dfe9 | 73c9 ffff | 498b d849 | 8bd7 c5f8 | 7749 ba30 
  0x000001cc1071ec74: 27fd fafe | 7f00 0041 

  0x000001cc1071ec7c: ;   {other}
  0x000001cc1071ec7c: ffd2 0f1f | 8400 0000 | 0000 4c8b | c3e9 aec9 | ffff 498b | da49 8bd7 | c5f8 7749 | ba30 27fd 
  0x000001cc1071ec9c: fafe 7f00 | 0041 ffd2 

  0x000001cc1071eca4: ;   {other}
  0x000001cc1071eca4: 0f1f 8400 | 0000 0000 | 4c8b d3e9 | 3cca ffff | 498b f948 | 8b5c 2458 | 498b d7c5 | f877 49ba 
  0x000001cc1071ecc4: 3027 fdfa | fe7f 0000 

  0x000001cc1071eccc: ;   {other}
  0x000001cc1071eccc: 41ff d20f | 1f84 0000 | 0000 00e9 | 26e7 ffff | 498b d949 | 8bd7 c5f8 | 7749 ba30 | 27fd fafe 
  0x000001cc1071ecec: 7f00 0041 

  0x000001cc1071ecf0: ;   {other}
  0x000001cc1071ecf0: ffd2 0f1f | 8400 0000 | 0000 4c8b | cb66 6690 | e9cf d0ff | ffba e4ff | ffff 488b | 6c24 4848 
  0x000001cc1071ed10: 8b4c 2440 | 4889 4c24 | 2044 895c | 243c 4c89 | 4c24 5044 | 8944 244c | 4489 5424 | 5866 6690 
  0x000001cc1071ed30: ;   {runtime_call UncommonTrapBlob}
  0x000001cc1071ed30: c5f8 77e8 

  0x000001cc1071ed34: ; ImmutableOopMap {rbp=Oop [32]=Oop [48]=Oop [60]=NarrowOop [76]=NarrowOop [80]=Oop [96]=NarrowOop }
                      ;*aaload {reexecute=0 rethrow=0 return_oop=0}
                      ; - java.security.CodeSource::getCertificates@50 (line 212)
                      ; - java.lang.ClassLoader::postDefineClass@24 (line 937)
                      ; - java.lang.ClassLoader::defineClass@37 (line 1028)
                      ; - java.security.SecureClassLoader::defineClass@12 (line 150)
                      ; - java.net.URLClassLoader::defineClass@220 (line 524)
                      ; - java.net.URLClassLoader$1::run@43 (line 427)
                      ; - java.net.URLClassLoader$1::run@1 (line 421)
  0x000001cc1071ed34: 4856 4dff 

  0x000001cc1071ed38: ;   {other}
  0x000001cc1071ed38: 0f1f 8400 | a85f 0098 

  0x000001cc1071ed40: ;   {metadata({type array byte})}
  0x000001cc1071ed40: 48ba 1823 | 0018 cc01 | 0000 448b | c666 6690 

  0x000001cc1071ed50: ;   {runtime_call _new_array_nozero_Java}
  0x000001cc1071ed50: c5f8 77e8 

  0x000001cc1071ed54: ; ImmutableOopMap {[32]=Oop [40]=Oop [48]=Oop [64]=Oop [72]=Oop [80]=NarrowOop [84]=NarrowOop [88]=Oop [104]=Oop [120]=NarrowOop [124]=NarrowOop [128]=Oop rbp=Derived_oop_[128] [136]=Oop }
                      ;*invokevirtual clone {reexecute=1 rethrow=0 return_oop=1}
                      ; - (reexecute) java.util.Arrays::copyOf@7 (line 3539)
                      ; - jdk.internal.loader.Resource::getBytes@94 (line 120)
                      ; - java.net.URLClassLoader::defineClass@179 (line 519)
                      ; - java.net.URLClassLoader$1::run@43 (line 427)
                      ; - java.net.URLClassLoader$1::run@1 (line 421)
  0x000001cc1071ed54: a866 59ff 

  0x000001cc1071ed58: ;   {other}
  0x000001cc1071ed58: 0f1f 8400 | c85f 0099 | 4c8b c0e9 | f2e3 ffff | 498b d7c5 | f877 49ba | 3027 fdfa | fe7f 0000 
  0x000001cc1071ed78: ;   {other}
  0x000001cc1071ed78: 41ff d20f | 1f84 0000 | 0000 004c | 8b44 2460 | e930 d9ff | ffba deff | ffff 4c8b | 5424 484c 
  0x000001cc1071ed98: 8954 2420 | 4c8b 5424 | 404c 8954 | 2428 4c8b | 5424 384c | 8954 2430 | 448b 5c24 | 5044 895c 
  0x000001cc1071edb8: 2440 6690 

  0x000001cc1071edbc: ;   {runtime_call UncommonTrapBlob}
  0x000001cc1071edbc: c5f8 77e8 

  0x000001cc1071edc0: ; ImmutableOopMap {rbp=NarrowOop [32]=Oop [40]=Oop [64]=NarrowOop [96]=Oop [120]=NarrowOop [124]=NarrowOop [128]=Oop }
                      ;*invokevirtual getManifest {reexecute=0 rethrow=0 return_oop=0}
                      ; - java.util.jar.JarFile::maybeInstantiateVerifier@31 (line 724)
                      ; - java.util.jar.JarFile$JarFileEntry::getCodeSigners@4 (line 670)
                      ; - jdk.internal.loader.URLClassPath$JarLoader$2::getCodeSigners@4 (line 858)
                      ; - java.net.URLClassLoader::defineClass@185 (line 521)
                      ; - java.net.URLClassLoader$1::run@43 (line 427)
                      ; - java.net.URLClassLoader$1::run@1 (line 421)
  0x000001cc1071edc0: bc55 4dff 

  0x000001cc1071edc4: ;   {other}
  0x000001cc1071edc4: 0f1f 8400 | 3460 009a | ba66 ffff | ff4c 8b54 | 2448 4c89 | 5424 204c | 8b54 2440 | 4c89 5424 
  0x000001cc1071ede4: 284c 8b54 | 2438 4c89 | 5424 3044 | 8b54 2450 | 4489 5424 | 3844 8b5c | 2454 4489 | 5c24 3c4c 
  0x000001cc1071ee04: 8b54 2468 | 4c89 5424 | 4066 6690 

  0x000001cc1071ee10: ;   {runtime_call UncommonTrapBlob}
  0x000001cc1071ee10: c5f8 77e8 

  0x000001cc1071ee14: ; ImmutableOopMap {rbp=NarrowOop [32]=Oop [40]=Oop [56]=NarrowOop [60]=NarrowOop [64]=Oop [96]=NarrowOop [160]=Oop }
                      ;*invokevirtual getManifest {reexecute=0 rethrow=0 return_oop=0}
                      ; - java.util.jar.JarFile::maybeInstantiateVerifier@31 (line 724)
                      ; - java.util.jar.JarFile::ensureInitialization@1 (line 1064)
                      ; - java.util.jar.JavaUtilJarAccessImpl::ensureInitialization@1 (line 42)
                      ; - jdk.internal.loader.URLClassPath$JarLoader$2::getManifest@10 (line 852)
                      ; - java.net.URLClassLoader::defineClass@34 (line 491)
                      ; - java.net.URLClassLoader$1::run@43 (line 427)
                      ; - java.net.URLClassLoader$1::run@1 (line 421)
  0x000001cc1071ee14: 6855 4dff 

  0x000001cc1071ee18: ;   {other}
  0x000001cc1071ee18: 0f1f 8400 | 8860 009b | 498b f949 | 8bd7 c5f8 | 7749 ba30 | 27fd fafe | 7f00 0041 

  0x000001cc1071ee34: ;   {other}
  0x000001cc1071ee34: ffd2 0f1f | 8400 0000 | 0000 4c8b | cfe9 31da | ffff 498b | d7c5 f877 | 49ba 3027 | fdfa fe7f 
  0x000001cc1071ee54: 0000 41ff 

  0x000001cc1071ee58: ;   {other}
  0x000001cc1071ee58: d20f 1f84 | 0000 0000 | 00e9 56d4 | ffff baf6 | ffff ff48 | 8b6c 2448 | 4c8b 5c24 | 404c 895c 
  0x000001cc1071ee78: 2420 4c8b | 5c24 384c | 895c 2428 | 4c8b 5c24 | 584c 895c | 2438 448b | 5c24 5044 | 895c 2440 
  0x000001cc1071ee98: 4c89 5424 | 5866 6690 

  0x000001cc1071eea0: ;   {runtime_call UncommonTrapBlob}
  0x000001cc1071eea0: c5f8 77e8 

  0x000001cc1071eea4: ; ImmutableOopMap {rbp=Oop [32]=Oop [56]=Oop [64]=NarrowOop [88]=Oop [120]=NarrowOop [124]=NarrowOop }
                      ;*invokevirtual attach {reexecute=0 rethrow=0 return_oop=0}
                      ; - java.io.FileInputStream::<init>@86 (line 150)
                      ; - jdk.internal.loader.URLClassPath$FileLoader$1::getInputStream@8 (line 1119)
                      ; - jdk.internal.loader.Resource::cachedInputStream@9 (line 77)
                      ; - jdk.internal.loader.Resource::getBytes@1 (line 89)
                      ; - java.net.URLClassLoader::defineClass@179 (line 519)
                      ; - java.net.URLClassLoader$1::run@43 (line 427)
                      ; - java.net.URLClassLoader$1::run@1 (line 421)
  0x000001cc1071eea4: d854 4dff 

  0x000001cc1071eea8: ;   {other}
  0x000001cc1071eea8: 0f1f 8400 | 1861 009c | baf6 ffff | ff48 8b6c | 2448 4c8b | 5424 304c | 8954 2428 | 4c8b 5424 
  0x000001cc1071eec8: 384c 8954 | 2430 4c8b | 5424 504c | 8954 2448 | 4c89 4424 | 5066 6690 

  0x000001cc1071eee0: ;   {runtime_call UncommonTrapBlob}
  0x000001cc1071eee0: c5f8 77e8 

  0x000001cc1071eee4: ; ImmutableOopMap {rbp=Oop [40]=Oop [64]=NarrowOop [72]=Oop [80]=Oop [120]=NarrowOop [124]=NarrowOop }
                      ;*invokevirtual attach {reexecute=0 rethrow=0 return_oop=0}
                      ; - java.io.FileInputStream::<init>@86 (line 150)
                      ; - jdk.internal.loader.URLClassPath$FileLoader$1::getInputStream@8 (line 1119)
                      ; - jdk.internal.loader.Resource::cachedInputStream@9 (line 77)
                      ; - jdk.internal.loader.Resource::getByteBuffer@1 (line 163)
                      ; - java.net.URLClassLoader::defineClass@132 (line 511)
                      ; - java.net.URLClassLoader$1::run@43 (line 427)
                      ; - java.net.URLClassLoader$1::run@1 (line 421)
  0x000001cc1071eee4: 9854 4dff 

  0x000001cc1071eee8: ;   {other}
  0x000001cc1071eee8: 0f1f 8400 | 5861 009d | baf6 ffff | ff66 6690 

  0x000001cc1071eef8: ;   {runtime_call UncommonTrapBlob}
  0x000001cc1071eef8: c5f8 77e8 

  0x000001cc1071eefc: ; ImmutableOopMap {[64]=Oop [72]=Oop }
                      ;*invokevirtual clone {reexecute=1 rethrow=0 return_oop=0}
                      ; - (reexecute) java.security.CodeSource::getCertificates@86 (line 217)
                      ; - java.lang.ClassLoader::postDefineClass@24 (line 937)
                      ; - java.lang.ClassLoader::defineClass@37 (line 1028)
                      ; - java.security.SecureClassLoader::defineClass@12 (line 150)
                      ; - java.net.URLClassLoader::defineClass@220 (line 524)
                      ; - java.net.URLClassLoader$1::run@43 (line 427)
                      ; - java.net.URLClassLoader$1::run@1 (line 421)
  0x000001cc1071eefc: 8054 4dff 

  0x000001cc1071ef00: ;   {other}
  0x000001cc1071ef00: 0f1f 8400 | 7061 009e | bade ffff | ff4c 8b54 | 2440 4c89 | 5424 204c | 8b54 2438 | 4c89 5424 
  0x000001cc1071ef20: 3048 8944 | 2440 6690 

  0x000001cc1071ef28: ;   {runtime_call UncommonTrapBlob}
  0x000001cc1071ef28: c5f8 77e8 

  0x000001cc1071ef2c: ; ImmutableOopMap {[32]=Oop [48]=Oop [64]=Oop [72]=Oop [96]=NarrowOop [124]=NarrowOop }
                      ;*checkcast {reexecute=0 rethrow=0 return_oop=0}
                      ; - java.security.SecureClassLoader::getProtectionDomain@33 (line 222)
                      ; - java.security.SecureClassLoader::defineClass@9 (line 150)
                      ; - java.net.URLClassLoader::defineClass@220 (line 524)
                      ; - java.net.URLClassLoader$1::run@43 (line 427)
                      ; - java.net.URLClassLoader$1::run@1 (line 421)
  0x000001cc1071ef2c: 5054 4dff 

  0x000001cc1071ef30: ;   {other}
  0x000001cc1071ef30: 0f1f 8400 | a061 009f | bade ffff | ff48 8b6c | 2448 4c8b | 5424 404c | 8954 2420 | 4889 4424 
  0x000001cc1071ef50: 4866 6690 

  0x000001cc1071ef54: ;   {runtime_call UncommonTrapBlob}
  0x000001cc1071ef54: c5f8 77e8 

  0x000001cc1071ef58: ; ImmutableOopMap {rbp=Oop [32]=Oop [48]=Oop [56]=NarrowOop [72]=Oop [96]=NarrowOop }
                      ;*checkcast {reexecute=0 rethrow=0 return_oop=0}
                      ; - java.security.CodeSource::getCertificates@76 (line 215)
                      ; - java.lang.ClassLoader::postDefineClass@24 (line 937)
                      ; - java.lang.ClassLoader::defineClass@37 (line 1028)
                      ; - java.security.SecureClassLoader::defineClass@12 (line 150)
                      ; - java.net.URLClassLoader::defineClass@220 (line 524)
                      ; - java.net.URLClassLoader$1::run@43 (line 427)
                      ; - java.net.URLClassLoader$1::run@1 (line 421)
  0x000001cc1071ef58: 2454 4dff 

  0x000001cc1071ef5c: ;   {other}
  0x000001cc1071ef5c: 0f1f 8400 | cc61 00a0 | baf6 ffff | ff48 8b6c | 2448 6690 

  0x000001cc1071ef70: ;   {runtime_call UncommonTrapBlob}
  0x000001cc1071ef70: c5f8 77e8 

  0x000001cc1071ef74: ; ImmutableOopMap {rbp=Oop }
                      ;*invokevirtual replace {reexecute=0 rethrow=0 return_oop=0}
                      ; - java.net.URLClassLoader$1::run@8 (line 423)
                      ; - java.net.URLClassLoader$1::run@1 (line 421)
  0x000001cc1071ef74: 0854 4dff 

  0x000001cc1071ef78: ;   {other}
  0x000001cc1071ef78: 0f1f 8400 | e861 00a1 | baf6 ffff | ff48 8b6c | 2448 6690 

  0x000001cc1071ef8c: ;   {runtime_call UncommonTrapBlob}
  0x000001cc1071ef8c: c5f8 77e8 

  0x000001cc1071ef90: ; ImmutableOopMap {rbp=Oop }
                      ;*arraylength {reexecute=0 rethrow=0 return_oop=0}
                      ; - java.lang.StringLatin1::replace@8 (line 299)
                      ; - java.lang.String::replace@18 (line 2922)
                      ; - java.net.URLClassLoader$1::run@8 (line 423)
                      ; - java.net.URLClassLoader$1::run@1 (line 421)
  0x000001cc1071ef90: ec53 4dff 

  0x000001cc1071ef94: ;   {other}
  0x000001cc1071ef94: 0f1f 8400 | 0462 00a2 | baf6 ffff | ff4c 8944 | 2420 6690 

  0x000001cc1071efa8: ;   {runtime_call UncommonTrapBlob}
  0x000001cc1071efa8: c5f8 77e8 

  0x000001cc1071efac: ; ImmutableOopMap {[32]=Oop [72]=Oop }
                      ;*getfield ucp {reexecute=1 rethrow=0 return_oop=0}
                      ; - (reexecute) java.net.URLClassLoader$1::run@21 (line 424)
                      ; - java.net.URLClassLoader$1::run@1 (line 421)
  0x000001cc1071efac: d053 4dff 

  0x000001cc1071efb0: ;   {other}
  0x000001cc1071efb0: 0f1f 8400 | 2062 00a3 | baf6 ffff | ff48 897c | 2428 4889 | 4424 3090 

  0x000001cc1071efc8: ;   {runtime_call UncommonTrapBlob}
  0x000001cc1071efc8: c5f8 77e8 

  0x000001cc1071efcc: ; ImmutableOopMap {[40]=Oop [72]=Oop [120]=NarrowOop }
                      ;*invokevirtual lastIndexOf {reexecute=0 rethrow=0 return_oop=0}
                      ; - java.net.URLClassLoader::defineClass@7 (line 486)
                      ; - java.net.URLClassLoader$1::run@43 (line 427)
                      ; - java.net.URLClassLoader$1::run@1 (line 421)
  0x000001cc1071efcc: b053 4dff 

  0x000001cc1071efd0: ;   {other}
  0x000001cc1071efd0: 0f1f 8400 | 4062 00a4 | baf6 ffff | ff48 897c | 2428 4889 | 4424 3090 

  0x000001cc1071efe8: ;   {runtime_call UncommonTrapBlob}
  0x000001cc1071efe8: c5f8 77e8 

  0x000001cc1071efec: ; ImmutableOopMap {[40]=Oop [72]=Oop [120]=NarrowOop [124]=NarrowOop }
                      ;*arraylength {reexecute=0 rethrow=0 return_oop=0}
                      ; - java.lang.String::length@4 (line 1508)
                      ; - java.lang.String::lastIndexOf@3 (line 2524)
                      ; - java.net.URLClassLoader::defineClass@7 (line 486)
                      ; - java.net.URLClassLoader$1::run@43 (line 427)
                      ; - java.net.URLClassLoader$1::run@1 (line 421)
  0x000001cc1071efec: 9053 4dff 

  0x000001cc1071eff0: ;   {other}
  0x000001cc1071eff0: 0f1f 8400 | 6062 00a5 | baf4 ffff | ff48 897c | 2428 4c8b | 5c24 384c | 895c 2430 | 4489 5424 
  0x000001cc1071f010: 4066 6690 

  0x000001cc1071f014: ;   {runtime_call UncommonTrapBlob}
  0x000001cc1071f014: c5f8 77e8 

  0x000001cc1071f018: ; ImmutableOopMap {[40]=Oop [64]=NarrowOop [72]=Oop [120]=NarrowOop [124]=NarrowOop }
                      ;*instanceof {reexecute=0 rethrow=0 return_oop=0}
                      ; - jdk.internal.loader.Resource::getByteBuffer@6 (line 164)
                      ; - java.net.URLClassLoader::defineClass@132 (line 511)
                      ; - java.net.URLClassLoader$1::run@43 (line 427)
                      ; - java.net.URLClassLoader$1::run@1 (line 421)
  0x000001cc1071f018: 6453 4dff 

  0x000001cc1071f01c: ;   {other}
  0x000001cc1071f01c: 0f1f 8400 | 8c62 00a6 | baf6 ffff | ff66 6690 

  0x000001cc1071f02c: ;   {runtime_call UncommonTrapBlob}
  0x000001cc1071f02c: c5f8 77e8 

  0x000001cc1071f030: ; ImmutableOopMap {[64]=Oop [72]=Oop [96]=Oop [120]=NarrowOop [124]=NarrowOop [128]=Oop }
                      ;*invokevirtual get {reexecute=0 rethrow=0 return_oop=0}
                      ; - jdk.internal.perf.PerfCounter::get@5 (line 84)
                      ; - jdk.internal.perf.PerfCounter::add@1 (line 98)
                      ; - jdk.internal.perf.PerfCounter::addElapsedTimeFrom@6 (line 120)
                      ; - java.net.URLClassLoader::defineClass@207 (line 523)
                      ; - java.net.URLClassLoader$1::run@43 (line 427)
                      ; - java.net.URLClassLoader$1::run@1 (line 421)
  0x000001cc1071f030: 4c53 4dff 

  0x000001cc1071f034: ;   {other}
  0x000001cc1071f034: 0f1f 8400 | a462 00a7 | baf6 ffff | ff66 6690 

  0x000001cc1071f044: ;   {runtime_call UncommonTrapBlob}
  0x000001cc1071f044: c5f8 77e8 

  0x000001cc1071f048: ; ImmutableOopMap {[64]=Oop [72]=Oop [96]=Oop [120]=NarrowOop [124]=NarrowOop }
                      ;*arraylength {reexecute=0 rethrow=0 return_oop=0}
                      ; - java.net.URLClassLoader::defineClass@217 (line 524)
                      ; - java.net.URLClassLoader$1::run@43 (line 427)
                      ; - java.net.URLClassLoader$1::run@1 (line 421)
  0x000001cc1071f048: 3453 4dff 

  0x000001cc1071f04c: ;   {other}
  0x000001cc1071f04c: 0f1f 8400 | bc62 00a8 | baf6 ffff | ff48 894c | 2428 4889 | 7c24 3090 

  0x000001cc1071f064: ;   {runtime_call UncommonTrapBlob}
  0x000001cc1071f064: c5f8 77e8 

  0x000001cc1071f068: ; ImmutableOopMap {[40]=Oop [48]=Oop [64]=Oop [72]=Oop }
                      ;*invokeinterface computeIfAbsent {reexecute=0 rethrow=0 return_oop=0}
                      ; - java.security.SecureClassLoader::getProtectionDomain@28 (line 222)
                      ; - java.security.SecureClassLoader::defineClass@9 (line 150)
                      ; - java.net.URLClassLoader::defineClass@220 (line 524)
                      ; - java.net.URLClassLoader$1::run@43 (line 427)
                      ; - java.net.URLClassLoader$1::run@1 (line 421)
  0x000001cc1071f068: 1453 4dff 

  0x000001cc1071f06c: ;   {other}
  0x000001cc1071f06c: 0f1f 8400 | dc62 00a9 | baf4 ffff | ff4c 8b54 | 2438 4c89 | 5424 3090 

  0x000001cc1071f084: ;   {runtime_call UncommonTrapBlob}
  0x000001cc1071f084: c5f8 77e8 

  0x000001cc1071f088: ; ImmutableOopMap {[48]=Oop [64]=Oop [72]=Oop [96]=NarrowOop [124]=NarrowOop }
                      ;*checkcast {reexecute=0 rethrow=0 return_oop=0}
                      ; - java.security.SecureClassLoader::getProtectionDomain@33 (line 222)
                      ; - java.security.SecureClassLoader::defineClass@9 (line 150)
                      ; - java.net.URLClassLoader::defineClass@220 (line 524)
                      ; - java.net.URLClassLoader$1::run@43 (line 427)
                      ; - java.net.URLClassLoader$1::run@1 (line 421)
  0x000001cc1071f088: f452 4dff 

  0x000001cc1071f08c: ;   {other}
  0x000001cc1071f08c: 0f1f 8400 | fc62 00aa | baf6 ffff | ff66 6690 

  0x000001cc1071f09c: ;   {runtime_call UncommonTrapBlob}
  0x000001cc1071f09c: c5f8 77e8 

  0x000001cc1071f0a0: ; ImmutableOopMap {[64]=Oop [72]=Oop }
                      ;*arraylength {reexecute=0 rethrow=0 return_oop=0}
                      ; - java.lang.String::isEmpty@4 (line 1521)
                      ; - java.lang.ClassLoader::checkName@5 (line 1155)
                      ; - java.lang.ClassLoader::preDefineClass@1 (line 900)
                      ; - java.lang.ClassLoader::defineClass@4 (line 1025)
                      ; - java.security.SecureClassLoader::defineClass@12 (line 150)
                      ; - java.net.URLClassLoader::defineClass@220 (line 524)
                      ; - java.net.URLClassLoader$1::run@43 (line 427)
                      ; - java.net.URLClassLoader$1::run@1 (line 421)
  0x000001cc1071f0a0: dc52 4dff 

  0x000001cc1071f0a4: ;   {other}
  0x000001cc1071f0a4: 0f1f 8400 | 1463 00ab | baf6 ffff | ff66 6690 

  0x000001cc1071f0b4: ;   {runtime_call UncommonTrapBlob}
  0x000001cc1071f0b4: c5f8 77e8 

  0x000001cc1071f0b8: ; ImmutableOopMap {[64]=Oop [72]=Oop }
                      ;*invokevirtual getPackageName {reexecute=0 rethrow=0 return_oop=0}
                      ; - java.lang.ClassLoader::postDefineClass@2 (line 934)
                      ; - java.lang.ClassLoader::defineClass@37 (line 1028)
                      ; - java.security.SecureClassLoader::defineClass@12 (line 150)
                      ; - java.net.URLClassLoader::defineClass@220 (line 524)
                      ; - java.net.URLClassLoader$1::run@43 (line 427)
                      ; - java.net.URLClassLoader$1::run@1 (line 421)
  0x000001cc1071f0b8: c452 4dff 

  0x000001cc1071f0bc: ;   {other}
  0x000001cc1071f0bc: 0f1f 8400 | 2c63 00ac | baf6 ffff | ff48 897c | 2420 4c8b | 5424 384c | 8954 2428 | 8944 2430 
  0x000001cc1071f0dc: 4889 7424 | 4066 6690 

  0x000001cc1071f0e4: ;   {runtime_call UncommonTrapBlob}
  0x000001cc1071f0e4: c5f8 77e8 

  0x000001cc1071f0e8: ; ImmutableOopMap {[32]=Oop [64]=Oop [72]=Oop [120]=NarrowOop [124]=NarrowOop }
                      ;*getfield csu {reexecute=1 rethrow=0 return_oop=0}
                      ; - (reexecute) jdk.internal.loader.URLClassPath$JarLoader$2::getCodeSourceURL@4 (line 846)
                      ; - java.net.URLClassLoader::defineClass@13 (line 487)
                      ; - java.net.URLClassLoader$1::run@43 (line 427)
                      ; - java.net.URLClassLoader$1::run@1 (line 421)
  0x000001cc1071f0e8: 9452 4dff 

  0x000001cc1071f0ec: ;   {other}
  0x000001cc1071f0ec: 0f1f 8400 | 5c63 00ad | baf6 ffff | ff4c 895c | 2420 4c8b | 5424 384c | 8954 2428 

  0x000001cc1071f108: ;   {runtime_call UncommonTrapBlob}
  0x000001cc1071f108: c5f8 77e8 

  0x000001cc1071f10c: ; ImmutableOopMap {[32]=Oop [72]=Oop [80]=NarrowOop [120]=NarrowOop [124]=NarrowOop [128]=Oop }
                      ;*invokevirtual getCodeSigners {reexecute=0 rethrow=0 return_oop=0}
                      ; - jdk.internal.loader.URLClassPath$JarLoader$2::getCodeSigners@4 (line 858)
                      ; - java.net.URLClassLoader::defineClass@185 (line 521)
                      ; - java.net.URLClassLoader$1::run@43 (line 427)
                      ; - java.net.URLClassLoader$1::run@1 (line 421)
  0x000001cc1071f10c: 7052 4dff 

  0x000001cc1071f110: ;   {other}
  0x000001cc1071f110: 0f1f 8400 | 8063 00ae | baf6 ffff | ff48 8b6c | 2448 4c89 | 5c24 204c | 8b54 2438 | 4c89 5424 
  0x000001cc1071f130: 2848 895c | 2448 6690 

  0x000001cc1071f138: ;   {runtime_call UncommonTrapBlob}
  0x000001cc1071f138: c5f8 77e8 

  0x000001cc1071f13c: ; ImmutableOopMap {rbp=Oop [32]=Oop [72]=Oop [80]=NarrowOop [120]=NarrowOop [124]=NarrowOop [128]=Oop }
                      ;*invokevirtual maybeInstantiateVerifier {reexecute=0 rethrow=0 return_oop=0}
                      ; - java.util.jar.JarFile$JarFileEntry::getCodeSigners@4 (line 670)
                      ; - jdk.internal.loader.URLClassPath$JarLoader$2::getCodeSigners@4 (line 858)
                      ; - java.net.URLClassLoader::defineClass@185 (line 521)
                      ; - java.net.URLClassLoader$1::run@43 (line 427)
                      ; - java.net.URLClassLoader$1::run@1 (line 421)
  0x000001cc1071f13c: 4052 4dff 

  0x000001cc1071f140: ;   {other}
  0x000001cc1071f140: 0f1f 8400 | b063 00af | baf6 ffff | ff48 8b6c | 2448 4c89 | 5c24 204c | 8b54 2438 | 4c89 5424 
  0x000001cc1071f160: 2848 895c | 2448 6690 

  0x000001cc1071f168: ;   {runtime_call UncommonTrapBlob}
  0x000001cc1071f168: c5f8 77e8 

  0x000001cc1071f16c: ; ImmutableOopMap {rbp=Oop [32]=Oop [72]=Oop [80]=NarrowOop [120]=NarrowOop [124]=NarrowOop [128]=Oop }
                      ;*getfield jv {reexecute=1 rethrow=0 return_oop=0}
                      ; - (reexecute) java.util.jar.JarFile$JarFileEntry::getCodeSigners@31 (line 674)
                      ; - jdk.internal.loader.URLClassPath$JarLoader$2::getCodeSigners@4 (line 858)
                      ; - java.net.URLClassLoader::defineClass@185 (line 521)
                      ; - java.net.URLClassLoader$1::run@43 (line 427)
                      ; - java.net.URLClassLoader$1::run@1 (line 421)
  0x000001cc1071f16c: 1052 4dff 

  0x000001cc1071f170: ;   {other}
  0x000001cc1071f170: 0f1f 8400 | e063 00b0 | baf6 ffff | ff48 8b6c | 2448 4889 | 7c24 204c | 8b44 2438 | 4c89 4424 
  0x000001cc1071f190: 284c 895c | 2438 4489 | 5424 4090 

  0x000001cc1071f19c: ;   {runtime_call UncommonTrapBlob}
  0x000001cc1071f19c: c5f8 77e8 

  0x000001cc1071f1a0: ; ImmutableOopMap {rbp=Oop [32]=Oop [56]=Oop [64]=NarrowOop [120]=NarrowOop [124]=NarrowOop [160]=Oop }
                      ;*getfield jar {reexecute=1 rethrow=0 return_oop=0}
                      ; - (reexecute) jdk.internal.loader.URLClassPath$JarLoader$2::getManifest@7 (line 852)
                      ; - java.net.URLClassLoader::defineClass@34 (line 491)
                      ; - java.net.URLClassLoader$1::run@43 (line 427)
                      ; - java.net.URLClassLoader$1::run@1 (line 421)
  0x000001cc1071f1a0: dc51 4dff 

  0x000001cc1071f1a4: ;   {other}
  0x000001cc1071f1a4: 0f1f 8400 | 1464 00b1 | baf6 ffff | ff48 8b6c | 2448 4889 | 7c24 204c | 8b44 2438 | 4c89 4424 
  0x000001cc1071f1c4: 284c 895c | 2438 4489 | 5424 4090 

  0x000001cc1071f1d0: ;   {runtime_call UncommonTrapBlob}
  0x000001cc1071f1d0: c5f8 77e8 

  0x000001cc1071f1d4: ; ImmutableOopMap {rbp=Oop [32]=Oop [56]=Oop [64]=NarrowOop [120]=NarrowOop [124]=NarrowOop [160]=Oop }
                      ;*invokevirtual ensureInitialization {reexecute=0 rethrow=0 return_oop=0}
                      ; - java.util.jar.JavaUtilJarAccessImpl::ensureInitialization@1 (line 42)
                      ; - jdk.internal.loader.URLClassPath$JarLoader$2::getManifest@10 (line 852)
                      ; - java.net.URLClassLoader::defineClass@34 (line 491)
                      ; - java.net.URLClassLoader$1::run@43 (line 427)
                      ; - java.net.URLClassLoader$1::run@1 (line 421)
  0x000001cc1071f1d4: a851 4dff 

  0x000001cc1071f1d8: ;   {other}
  0x000001cc1071f1d8: 0f1f 8400 | 4864 00b2 | baf6 ffff | ff48 8b6c | 2448 4889 | 7c24 204c | 8b44 2438 | 4c89 4424 
  0x000001cc1071f1f8: 284c 895c | 2438 4489 | 5424 4090 

  0x000001cc1071f204: ;   {runtime_call UncommonTrapBlob}
  0x000001cc1071f204: c5f8 77e8 

  0x000001cc1071f208: ; ImmutableOopMap {rbp=Oop [32]=Oop [56]=Oop [64]=NarrowOop [120]=NarrowOop [124]=NarrowOop [160]=Oop }
                      ;*getfield jar {reexecute=1 rethrow=0 return_oop=0}
                      ; - (reexecute) jdk.internal.loader.URLClassPath$JarLoader$2::getManifest@19 (line 853)
                      ; - java.net.URLClassLoader::defineClass@34 (line 491)
                      ; - java.net.URLClassLoader$1::run@43 (line 427)
                      ; - java.net.URLClassLoader$1::run@1 (line 421)
  0x000001cc1071f208: 7451 4dff 

  0x000001cc1071f20c: ;   {other}
  0x000001cc1071f20c: 0f1f 8400 | 7c64 00b3 | baf6 ffff | ff48 8b6c | 2448 4889 | 7c24 204c | 8b44 2438 | 4c89 4424 
  0x000001cc1071f22c: 284c 895c | 2438 4489 | 5424 4090 

  0x000001cc1071f238: ;   {runtime_call UncommonTrapBlob}
  0x000001cc1071f238: c5f8 77e8 

  0x000001cc1071f23c: ; ImmutableOopMap {rbp=Oop [32]=Oop [56]=Oop [64]=NarrowOop [120]=NarrowOop [124]=NarrowOop [160]=Oop }
                      ;*invokevirtual getManifest {reexecute=0 rethrow=0 return_oop=0}
                      ; - jdk.internal.loader.URLClassPath$JarLoader$2::getManifest@22 (line 853)
                      ; - java.net.URLClassLoader::defineClass@34 (line 491)
                      ; - java.net.URLClassLoader$1::run@43 (line 427)
                      ; - java.net.URLClassLoader$1::run@1 (line 421)
  0x000001cc1071f23c: 4051 4dff 

  0x000001cc1071f240: ;   {other}
  0x000001cc1071f240: 0f1f 8400 | b064 00b4 | baf6 ffff | ff48 8b6c | 2448 4c8b | 5424 304c | 8954 2428 | 4c8b 5424 
  0x000001cc1071f260: 384c 8954 | 2430 448b | 5424 5044 | 8954 2440 

  0x000001cc1071f270: ;   {runtime_call UncommonTrapBlob}
  0x000001cc1071f270: c5f8 77e8 

  0x000001cc1071f274: ; ImmutableOopMap {rbp=Oop [40]=Oop [64]=NarrowOop [88]=Oop [120]=NarrowOop [124]=NarrowOop [160]=Oop }
                      ;*invokevirtual isNamed {reexecute=0 rethrow=0 return_oop=0}
                      ; - java.lang.Package::isSealed@4 (line 235)
                      ; - java.net.URLClassLoader::getAndVerifyPackage@14 (line 460)
                      ; - java.net.URLClassLoader::defineClass@46 (line 492)
                      ; - java.net.URLClassLoader$1::run@43 (line 427)
                      ; - java.net.URLClassLoader$1::run@1 (line 421)
  0x000001cc1071f274: 0851 4dff 

  0x000001cc1071f278: ;   {other}
  0x000001cc1071f278: 0f1f 8400 | e864 00b5 | baf6 ffff | ff48 8b6c | 2448 4c8b | 5424 304c | 8954 2428 | 4c8b 5424 
  0x000001cc1071f298: 384c 8954 | 2430 448b | 5c24 5044 | 895c 2440 

  0x000001cc1071f2a8: ;   {runtime_call UncommonTrapBlob}
  0x000001cc1071f2a8: c5f8 77e8 

  0x000001cc1071f2ac: ; ImmutableOopMap {rbp=Oop [40]=Oop [64]=NarrowOop [88]=Oop [120]=NarrowOop [124]=NarrowOop [160]=Oop }
                      ;*getfield sealBase {reexecute=1 rethrow=0 return_oop=0}
                      ; - (reexecute) java.lang.Package::isSealed@14 (line 235)
                      ; - java.net.URLClassLoader::getAndVerifyPackage@14 (line 460)
                      ; - java.net.URLClassLoader::defineClass@46 (line 492)
                      ; - java.net.URLClassLoader$1::run@43 (line 427)
                      ; - java.net.URLClassLoader$1::run@1 (line 421)
  0x000001cc1071f2ac: d050 4dff 

  0x000001cc1071f2b0: ;   {other}
  0x000001cc1071f2b0: 0f1f 8400 | 2065 00b6 | baf6 ffff | ff48 8b6c | 2448 4889 | 7c24 284c | 8b5c 2438 | 4c89 5c24 
  0x000001cc1071f2d0: 3044 8954 | 2440 4889 | 5c24 4890 

  0x000001cc1071f2dc: ;   {runtime_call UncommonTrapBlob}
  0x000001cc1071f2dc: c5f8 77e8 

  0x000001cc1071f2e0: ; ImmutableOopMap {rbp=Oop [40]=Oop [64]=NarrowOop [72]=Oop [120]=NarrowOop [124]=NarrowOop }
                      ;*getfield jar {reexecute=1 rethrow=0 return_oop=0}
                      ; - (reexecute) jdk.internal.loader.URLClassPath$JarLoader$2::getInputStream@4 (line 848)
                      ; - jdk.internal.loader.Resource::cachedInputStream@9 (line 77)
                      ; - jdk.internal.loader.Resource::getByteBuffer@1 (line 163)
                      ; - java.net.URLClassLoader::defineClass@132 (line 511)
                      ; - java.net.URLClassLoader$1::run@43 (line 427)
                      ; - java.net.URLClassLoader$1::run@1 (line 421)
  0x000001cc1071f2e0: 9c50 4dff 

  0x000001cc1071f2e4: ;   {other}
  0x000001cc1071f2e4: 0f1f 8400 | 5465 00b7 | ba45 ffff | ff48 8b6c | 2448 4c8b | 5424 404c | 8954 2420 | 4c89 5c24 
  0x000001cc1071f304: 2844 8944 | 2448 6690 

  0x000001cc1071f30c: ;   {runtime_call UncommonTrapBlob}
  0x000001cc1071f30c: c5f8 77e8 

  0x000001cc1071f310: ; ImmutableOopMap {rbp=Oop [32]=Oop [40]=Oop [56]=Oop [72]=NarrowOop [96]=NarrowOop [124]=NarrowOop }
                      ;*ifnull {reexecute=1 rethrow=0 return_oop=0}
                      ; - (reexecute) java.lang.ClassLoader::defineClassSourceLocation@8 (line 926)
                      ; - java.lang.ClassLoader::defineClass@12 (line 1026)
                      ; - java.security.SecureClassLoader::defineClass@12 (line 150)
                      ; - java.net.URLClassLoader::defineClass@220 (line 524)
                      ; - java.net.URLClassLoader$1::run@43 (line 427)
                      ; - java.net.URLClassLoader$1::run@1 (line 421)
  0x000001cc1071f310: 6c50 4dff 

  0x000001cc1071f314: ;   {other}
  0x000001cc1071f314: 0f1f 8400 | 8465 00b8 | ba45 ffff | ff4c 8b54 | 2430 4c89 | 5424 2844 | 895c 2430 

  0x000001cc1071f330: ;   {runtime_call UncommonTrapBlob}
  0x000001cc1071f330: c5f8 77e8 

  0x000001cc1071f334: ; ImmutableOopMap {[40]=Oop [48]=NarrowOop [64]=Oop [72]=Oop }
                      ;*ifnull {reexecute=1 rethrow=0 return_oop=0}
                      ; - (reexecute) java.lang.ClassLoader::postDefineClass@17 (line 936)
                      ; - java.lang.ClassLoader::defineClass@37 (line 1028)
                      ; - java.security.SecureClassLoader::defineClass@12 (line 150)
                      ; - java.net.URLClassLoader::defineClass@220 (line 524)
                      ; - java.net.URLClassLoader$1::run@43 (line 427)
                      ; - java.net.URLClassLoader$1::run@1 (line 421)
  0x000001cc1071f334: 4850 4dff 

  0x000001cc1071f338: ;   {other}
  0x000001cc1071f338: 0f1f 8400 | a865 00b9 | ba45 ffff | ff48 8b6c | 2448 4889 | 7c24 204c | 8b44 2438 | 4c89 4424 
  0x000001cc1071f358: 2844 8954 | 2440 4c89 | 5c24 5089 | 4c24 5890 

  0x000001cc1071f368: ;   {runtime_call UncommonTrapBlob}
  0x000001cc1071f368: c5f8 77e8 

  0x000001cc1071f36c: ; ImmutableOopMap {rbp=Oop [32]=Oop [64]=NarrowOop [80]=Oop [88]=NarrowOop [120]=NarrowOop [124]=NarrowOop [160]=Oop }
                      ;*ifnonnull {reexecute=1 rethrow=0 return_oop=0}
                      ; - (reexecute) jdk.internal.access.SharedSecrets::javaUtilJarAccess@5 (line 139)
                      ; - jdk.internal.loader.URLClassPath$JarLoader$2::getManifest@0 (line 852)
                      ; - java.net.URLClassLoader::defineClass@34 (line 491)
                      ; - java.net.URLClassLoader$1::run@43 (line 427)
                      ; - java.net.URLClassLoader$1::run@1 (line 421)
  0x000001cc1071f36c: 1050 4dff 

  0x000001cc1071f370: ;   {other}
  0x000001cc1071f370: 0f1f 8400 | e065 00ba | 33ed 4d85 | d240 0f94 | c5ba 45ff | ffff 4c8b | 5424 484c | 8954 2420 
  0x000001cc1071f390: 4c8b 5424 | 404c 8954 | 2428 4889 | 4424 3848 | 8944 2448 | 448b 5c24 | 6044 895c | 2454 6690 
  0x000001cc1071f3b0: ;   {runtime_call UncommonTrapBlob}
  0x000001cc1071f3b0: c5f8 77e8 

  0x000001cc1071f3b4: ; ImmutableOopMap {[32]=Oop [40]=Oop [56]=Oop [72]=Oop [84]=NarrowOop [96]=NarrowOop [104]=Oop }
                      ;*ifeq {reexecute=1 rethrow=0 return_oop=0}
                      ; - (reexecute) java.lang.Class::getPackageName@29 (line 1166)
                      ; - java.lang.ClassLoader::postDefineClass@2 (line 934)
                      ; - java.lang.ClassLoader::defineClass@37 (line 1028)
                      ; - java.security.SecureClassLoader::defineClass@12 (line 150)
                      ; - java.net.URLClassLoader::defineClass@220 (line 524)
                      ; - java.net.URLClassLoader$1::run@43 (line 427)
                      ; - java.net.URLClassLoader$1::run@1 (line 421)
  0x000001cc1071f3b4: c84f 4dff 

  0x000001cc1071f3b8: ;   {other}
  0x000001cc1071f3b8: 0f1f 8400 | 2866 00bb | baf6 ffff | ff66 6690 

  0x000001cc1071f3c8: ;   {runtime_call UncommonTrapBlob}
  0x000001cc1071f3c8: c5f8 77e8 

  0x000001cc1071f3cc: ; ImmutableOopMap {[64]=Oop [72]=Oop }
                      ;*arraylength {reexecute=0 rethrow=0 return_oop=0}
                      ; - java.lang.String::length@4 (line 1508)
                      ; - java.lang.String::lastIndexOf@3 (line 2524)
                      ; - java.lang.Class::getPackageName@47 (line 1170)
                      ; - java.lang.ClassLoader::postDefineClass@2 (line 934)
                      ; - java.lang.ClassLoader::defineClass@37 (line 1028)
                      ; - java.security.SecureClassLoader::defineClass@12 (line 150)
                      ; - java.net.URLClassLoader::defineClass@220 (line 524)
                      ; - java.net.URLClassLoader$1::run@43 (line 427)
                      ; - java.net.URLClassLoader$1::run@1 (line 421)
  0x000001cc1071f3cc: b04f 4dff 

  0x000001cc1071f3d0: ;   {other}
  0x000001cc1071f3d0: 0f1f 8400 | 4066 00bc | baf6 ffff | ff48 8b6c | 2448 4c8b | 4c24 404c | 894c 2420 | 4c8b 4c24 
  0x000001cc1071f3f0: 384c 894c | 2428 8b4c | 2450 894c | 2440 4489 | 4424 5044 | 895c 2460 | 4489 5424 | 6466 6690 
  0x000001cc1071f410: ;   {runtime_call UncommonTrapBlob}
  0x000001cc1071f410: c5f8 77e8 

  0x000001cc1071f414: ; ImmutableOopMap {rbp=Oop [32]=Oop [64]=NarrowOop [104]=Oop [120]=NarrowOop [124]=NarrowOop [152]=Oop }
                      ;*invokevirtual read {reexecute=0 rethrow=0 return_oop=0}
                      ; - jdk.internal.loader.Resource::getBytes@117 (line 126)
                      ; - java.net.URLClassLoader::defineClass@179 (line 519)
                      ; - java.net.URLClassLoader$1::run@43 (line 427)
                      ; - java.net.URLClassLoader$1::run@1 (line 421)
  0x000001cc1071f414: 684f 4dff 

  0x000001cc1071f418: ;   {other}
  0x000001cc1071f418: 0f1f 8400 | 8866 00bd | baf6 ffff | ff48 897c | 2420 4c8b | 5424 384c | 8954 2428 | 8944 2430 
  0x000001cc1071f438: 4889 7424 | 4066 6690 

  0x000001cc1071f440: ;   {runtime_call UncommonTrapBlob}
  0x000001cc1071f440: c5f8 77e8 

  0x000001cc1071f444: ; ImmutableOopMap {[32]=Oop [64]=Oop [72]=Oop [120]=NarrowOop [124]=NarrowOop }
                      ;*invokevirtual getBaseURL {reexecute=0 rethrow=0 return_oop=0}
                      ; - jdk.internal.loader.URLClassPath$FileLoader$1::getCodeSourceURL@4 (line 1117)
                      ; - java.net.URLClassLoader::defineClass@13 (line 487)
                      ; - java.net.URLClassLoader$1::run@43 (line 427)
                      ; - java.net.URLClassLoader$1::run@1 (line 421)
  0x000001cc1071f444: 384f 4dff 

  0x000001cc1071f448: ;   {other}
  0x000001cc1071f448: 0f1f 8400 | b866 00be | baf6 ffff | ff4c 8b54 | 2448 4c89 | 5424 204c | 8b54 2440 | 4c89 5424 
  0x000001cc1071f468: 284c 8b54 | 2438 4c89 | 5424 3090 

  0x000001cc1071f474: ;   {runtime_call UncommonTrapBlob}
  0x000001cc1071f474: c5f8 77e8 

  0x000001cc1071f478: ; ImmutableOopMap {rbp=Oop [32]=Oop [40]=Oop [80]=NarrowOop [104]=Oop [120]=NarrowOop [124]=NarrowOop }
                      ;*invokevirtual close {reexecute=0 rethrow=0 return_oop=0}
                      ; - jdk.internal.loader.Resource::getBytes@183 (line 145)
                      ; - java.net.URLClassLoader::defineClass@179 (line 519)
                      ; - java.net.URLClassLoader$1::run@43 (line 427)
                      ; - java.net.URLClassLoader$1::run@1 (line 421)
  0x000001cc1071f478: 044f 4dff 

  0x000001cc1071f47c: ;   {other}
  0x000001cc1071f47c: 0f1f 8400 | ec66 00bf | baf6 ffff | ff44 8954 | 2428 6690 

  0x000001cc1071f490: ;   {runtime_call UncommonTrapBlob}
  0x000001cc1071f490: c5f8 77e8 

  0x000001cc1071f494: ; ImmutableOopMap {[64]=Oop [72]=Oop }
                      ;*aaload {reexecute=0 rethrow=0 return_oop=0}
                      ; - java.security.CodeSource::getCertificates@50 (line 212)
                      ; - java.lang.ClassLoader::postDefineClass@24 (line 937)
                      ; - java.lang.ClassLoader::defineClass@37 (line 1028)
                      ; - java.security.SecureClassLoader::defineClass@12 (line 150)
                      ; - java.net.URLClassLoader::defineClass@220 (line 524)
                      ; - java.net.URLClassLoader$1::run@43 (line 427)
                      ; - java.net.URLClassLoader$1::run@1 (line 421)
  0x000001cc1071f494: e84e 4dff 

  0x000001cc1071f498: ;   {other}
  0x000001cc1071f498: 0f1f 8400 | 0867 00c0 | baf6 ffff | ff66 6690 

  0x000001cc1071f4a8: ;   {runtime_call UncommonTrapBlob}
  0x000001cc1071f4a8: c5f8 77e8 

  0x000001cc1071f4ac: ; ImmutableOopMap {[64]=Oop [72]=Oop }
                      ;*invokevirtual getSignerCertPath {reexecute=0 rethrow=0 return_oop=0}
                      ; - java.security.CodeSource::getCertificates@51 (line 213)
                      ; - java.lang.ClassLoader::postDefineClass@24 (line 937)
                      ; - java.lang.ClassLoader::defineClass@37 (line 1028)
                      ; - java.security.SecureClassLoader::defineClass@12 (line 150)
                      ; - java.net.URLClassLoader::defineClass@220 (line 524)
                      ; - java.net.URLClassLoader$1::run@43 (line 427)
                      ; - java.net.URLClassLoader$1::run@1 (line 421)
  0x000001cc1071f4ac: d04e 4dff 

  0x000001cc1071f4b0: ;   {other}
  0x000001cc1071f4b0: 0f1f 8400 | 2067 00c1 | baf6 ffff | ff66 6690 

  0x000001cc1071f4c0: ;   {runtime_call UncommonTrapBlob}
  0x000001cc1071f4c0: c5f8 77e8 

  0x000001cc1071f4c4: ; ImmutableOopMap {[64]=Oop [72]=Oop }
                      ;*invokevirtual getCertificates {reexecute=0 rethrow=0 return_oop=0}
                      ; - java.security.CodeSource::getCertificates@54 (line 213)
                      ; - java.lang.ClassLoader::postDefineClass@24 (line 937)
                      ; - java.lang.ClassLoader::defineClass@37 (line 1028)
                      ; - java.security.SecureClassLoader::defineClass@12 (line 150)
                      ; - java.net.URLClassLoader::defineClass@220 (line 524)
                      ; - java.net.URLClassLoader$1::run@43 (line 427)
                      ; - java.net.URLClassLoader$1::run@1 (line 421)
  0x000001cc1071f4c4: b84e 4dff 

  0x000001cc1071f4c8: ;   {other}
  0x000001cc1071f4c8: 0f1f 8400 | 3867 00c2 | baf6 ffff | ff66 6690 

  0x000001cc1071f4d8: ;   {runtime_call UncommonTrapBlob}
  0x000001cc1071f4d8: c5f8 77e8 

  0x000001cc1071f4dc: ; ImmutableOopMap {[64]=Oop [72]=Oop }
                      ;*arraylength {reexecute=0 rethrow=0 return_oop=0}
                      ; - java.security.CodeSource::getCertificates@40 (line 211)
                      ; - java.lang.ClassLoader::postDefineClass@24 (line 937)
                      ; - java.lang.ClassLoader::defineClass@37 (line 1028)
                      ; - java.security.SecureClassLoader::defineClass@12 (line 150)
                      ; - java.net.URLClassLoader::defineClass@220 (line 524)
                      ; - java.net.URLClassLoader$1::run@43 (line 427)
                      ; - java.net.URLClassLoader$1::run@1 (line 421)
  0x000001cc1071f4dc: a04e 4dff 

  0x000001cc1071f4e0: ;   {other}
  0x000001cc1071f4e0: 0f1f 8400 | 5067 00c3 | ba97 ffff | ff48 8b6c | 2448 4c8b | 5424 384c | 8954 2430 | 448b 5c24 
  0x000001cc1071f500: 4044 895c | 2438 6690 

  0x000001cc1071f508: ;   {runtime_call UncommonTrapBlob}
  0x000001cc1071f508: c5f8 77e8 

  0x000001cc1071f50c: ; ImmutableOopMap {rbp=Oop [40]=Oop [56]=NarrowOop [68]=NarrowOop [96]=Oop [120]=NarrowOop [124]=NarrowOop }
                      ;*invokevirtual clone {reexecute=1 rethrow=0 return_oop=0}
                      ; - (reexecute) java.util.Arrays::copyOfRange@18 (line 3856)
                      ; - java.lang.StringLatin1::newString@16 (line 756)
                      ; - java.lang.String::substring@41 (line 2828)
                      ; - java.net.URLClassLoader::defineClass@28 (line 489)
                      ; - java.net.URLClassLoader$1::run@43 (line 427)
                      ; - java.net.URLClassLoader$1::run@1 (line 421)
  0x000001cc1071f50c: 704e 4dff 

  0x000001cc1071f510: ;   {other}
  0x000001cc1071f510: 0f1f 8400 | 8067 00c4 | baf4 ffff | ff4c 8b54 | 2440 4c89 | 5424 2090 

  0x000001cc1071f528: ;   {runtime_call UncommonTrapBlob}
  0x000001cc1071f528: c5f8 77e8 

  0x000001cc1071f52c: ; ImmutableOopMap {[32]=Oop [48]=Oop [56]=NarrowOop [72]=Oop [96]=NarrowOop }
                      ;*checkcast {reexecute=0 rethrow=0 return_oop=0}
                      ; - java.security.CodeSource::getCertificates@76 (line 215)
                      ; - java.lang.ClassLoader::postDefineClass@24 (line 937)
                      ; - java.lang.ClassLoader::defineClass@37 (line 1028)
                      ; - java.security.SecureClassLoader::defineClass@12 (line 150)
                      ; - java.net.URLClassLoader::defineClass@220 (line 524)
                      ; - java.net.URLClassLoader$1::run@43 (line 427)
                      ; - java.net.URLClassLoader$1::run@1 (line 421)
  0x000001cc1071f52c: 504e 4dff 

  0x000001cc1071f530: ;   {other}
  0x000001cc1071f530: 0f1f 8400 | a067 00c5 | ba97 ffff | ff48 8b6c | 2448 4c8b | 5424 404c | 8954 2420 | 4c8b 5424 
  0x000001cc1071f550: 304c 8954 | 2428 448b | 5c24 5844 | 895c 2448 | 448b 5424 | 6044 8954 | 2450 4c8b | 5424 704c 
  0x000001cc1071f570: 8954 2460 

  0x000001cc1071f574: ;   {runtime_call UncommonTrapBlob}
  0x000001cc1071f574: c5f8 77e8 

  0x000001cc1071f578: ; ImmutableOopMap {rbp=Oop [32]=Oop [40]=Oop [72]=NarrowOop [80]=NarrowOop [96]=Oop [104]=Oop [112]=Oop }
                      ;*invokevirtual clone {reexecute=1 rethrow=0 return_oop=0}
                      ; - (reexecute) java.util.Arrays::copyOfRange@18 (line 3856)
                      ; - java.lang.StringLatin1::newString@16 (line 756)
                      ; - java.lang.String::substring@41 (line 2828)
                      ; - java.lang.Class::getPackageName@62 (line 1171)
                      ; - java.lang.ClassLoader::postDefineClass@2 (line 934)
                      ; - java.lang.ClassLoader::defineClass@37 (line 1028)
                      ; - java.security.SecureClassLoader::defineClass@12 (line 150)
                      ; - java.net.URLClassLoader::defineClass@220 (line 524)
                      ; - java.net.URLClassLoader$1::run@43 (line 427)
                      ; - java.net.URLClassLoader$1::run@1 (line 421)
  0x000001cc1071f578: 044e 4dff 

  0x000001cc1071f57c: ;   {other}
  0x000001cc1071f57c: 0f1f 8400 | ec67 00c6 | ba97 ffff | ff66 6690 

  0x000001cc1071f58c: ;   {runtime_call UncommonTrapBlob}
  0x000001cc1071f58c: c5f8 77e8 

  0x000001cc1071f590: ; ImmutableOopMap {[48]=Oop [56]=NarrowOop [64]=Oop [72]=Oop [96]=NarrowOop }
                      ;*invokevirtual clone {reexecute=1 rethrow=0 return_oop=0}
                      ; - (reexecute) java.security.CodeSource::getCertificates@11 (line 205)
                      ; - java.lang.ClassLoader::postDefineClass@24 (line 937)
                      ; - java.lang.ClassLoader::defineClass@37 (line 1028)
                      ; - java.security.SecureClassLoader::defineClass@12 (line 150)
                      ; - java.net.URLClassLoader::defineClass@220 (line 524)
                      ; - java.net.URLClassLoader$1::run@43 (line 427)
                      ; - java.net.URLClassLoader$1::run@1 (line 421)
  0x000001cc1071f590: ec4d 4dff 

  0x000001cc1071f594: ;   {other}
  0x000001cc1071f594: 0f1f 8400 | 0468 00c7 | ba97 ffff | ff48 8b6c | 2448 4c8b | 5424 404c | 8954 2420 | 4c8b 5424 
  0x000001cc1071f5b4: 384c 8954 | 2428 6690 

  0x000001cc1071f5bc: ;   {runtime_call UncommonTrapBlob}
  0x000001cc1071f5bc: c5f8 77e8 

  0x000001cc1071f5c0: ; ImmutableOopMap {rbp=Oop [32]=Oop [88]=Oop [96]=Oop [120]=NarrowOop [124]=NarrowOop [128]=Oop }
                      ;*invokevirtual clone {reexecute=1 rethrow=0 return_oop=0}
                      ; - (reexecute) java.security.CodeSource::<init>@42 (line 128)
                      ; - java.net.URLClassLoader::defineClass@198 (line 522)
                      ; - java.net.URLClassLoader$1::run@43 (line 427)
                      ; - java.net.URLClassLoader$1::run@1 (line 421)
  0x000001cc1071f5c0: bc4d 4dff 

  0x000001cc1071f5c4: ;   {other}
  0x000001cc1071f5c4: 0f1f 8400 | 3468 00c8 | ba97 ffff | ff4c 8b54 | 2438 4c89 | 5424 2890 

  0x000001cc1071f5dc: ;   {runtime_call UncommonTrapBlob}
  0x000001cc1071f5dc: c5f8 77e8 

  0x000001cc1071f5e0: ; ImmutableOopMap {[32]=Oop [72]=Oop [80]=NarrowOop [84]=NarrowOop [120]=NarrowOop [124]=NarrowOop [128]=Oop }
                      ;*invokevirtual clone {reexecute=1 rethrow=0 return_oop=0}
                      ; - (reexecute) java.util.jar.JarFile$JarFileEntry::getCodeSigners@70 (line 677)
                      ; - jdk.internal.loader.URLClassPath$JarLoader$2::getCodeSigners@4 (line 858)
                      ; - java.net.URLClassLoader::defineClass@185 (line 521)
                      ; - java.net.URLClassLoader$1::run@43 (line 427)
                      ; - java.net.URLClassLoader$1::run@1 (line 421)
  0x000001cc1071f5e0: 9c4d 4dff 

  0x000001cc1071f5e4: ;   {other}
  0x000001cc1071f5e4: 0f1f 8400 | 5468 00c9 | ba97 ffff | ff4c 8b54 | 2440 4c89 | 5424 2090 

  0x000001cc1071f5fc: ;   {runtime_call UncommonTrapBlob}
  0x000001cc1071f5fc: c5f8 77e8 

  0x000001cc1071f600: ; ImmutableOopMap {[32]=Oop [48]=Oop [56]=Oop [72]=Oop [96]=NarrowOop }
                      ;*invokevirtual clone {reexecute=1 rethrow=0 return_oop=0}
                      ; - (reexecute) java.security.CodeSource::getCertificates@86 (line 217)
                      ; - java.lang.ClassLoader::postDefineClass@24 (line 937)
                      ; - java.lang.ClassLoader::defineClass@37 (line 1028)
                      ; - java.security.SecureClassLoader::defineClass@12 (line 150)
                      ; - java.net.URLClassLoader::defineClass@220 (line 524)
                      ; - java.net.URLClassLoader$1::run@43 (line 427)
                      ; - java.net.URLClassLoader$1::run@1 (line 421)
  0x000001cc1071f600: 7c4d 4dff 

  0x000001cc1071f604: ;   {other}
  0x000001cc1071f604: 0f1f 8400 | 7468 00ca | ba97 ffff | ff48 8b6c | 2448 4c8b | 5424 404c | 8954 2420 | 4c8b 5424 
  0x000001cc1071f624: 384c 8954 | 2428 448b | 5424 5044 | 8954 2440 | 448b 5424 | 5444 8954 | 2444 6690 

  0x000001cc1071f640: ;   {runtime_call UncommonTrapBlob}
  0x000001cc1071f640: c5f8 77e8 

  0x000001cc1071f644: ; ImmutableOopMap {rbp=Oop [32]=Oop [64]=NarrowOop [68]=NarrowOop [104]=Oop [120]=NarrowOop [124]=NarrowOop [128]=Oop }
                      ;*invokevirtual clone {reexecute=1 rethrow=0 return_oop=0}
                      ; - (reexecute) java.util.Arrays::copyOf@7 (line 3539)
                      ; - jdk.internal.loader.Resource::getBytes@94 (line 120)
                      ; - java.net.URLClassLoader::defineClass@179 (line 519)
                      ; - java.net.URLClassLoader$1::run@43 (line 427)
                      ; - java.net.URLClassLoader$1::run@1 (line 421)
  0x000001cc1071f644: 384d 4dff 

  0x000001cc1071f648: ;   {other}
  0x000001cc1071f648: 0f1f 8400 | b868 00cb | 488b d8e9 | 7304 0000 | 488b d80f | 1f44 0000 | e966 0400 | 004c 8bd0 
  0x000001cc1071f668: e998 0a00 | 004c 8bd0 | e990 0a00 | 0048 8bd8 | 448b 5008 | 49bb 0000 | 0018 cc01 | 0000 4d03 
  0x000001cc1071f688: da4d 8b53 

  0x000001cc1071f68c: ;   {metadata('java/io/InterruptedIOException')}
  0x000001cc1071f68c: 5049 b800 | 003c 19cc | 0100 0066 | 0f1f 8400 | 0000 0000 | 4d3b d00f | 84e1 0300 | 004d 8b53 
  0x000001cc1071f6ac: ;   {metadata('java/io/IOException')}
  0x000001cc1071f6ac: 4849 bb58 | 5304 19cc | 0100 0066 | 0f1f 8400 | 0000 0000 | 4d3b d30f | 85f3 0900 | 0044 8b5c 
  0x000001cc1071f6cc: 2470 4585 | db0f 85b3 | 0300 00e9 | e403 0000 | 488b d890 | e9d7 0900 | 0048 8bd8 | e9ab 0800 
  0x000001cc1071f6ec: 0048 8bd8 | e9c2 0700 | 0048 8bd8 | e9bf 0900 | 0048 8bd8 | e9c6 0300 | 0048 8be8 | e94e 0300 
  0x000001cc1071f70c: 0048 8bd8 | e983 0800 | 0048 8bd8 | e97b 0800 | 0048 8bd8 | e973 0800 | 0048 8bd8 | e98a 0700 
  0x000001cc1071f72c: 0048 8bd8 | e982 0700 | 0048 8bd8 | e97a 0700 | 0048 8be8 | e916 0300 | 0048 8bd8 | 448b 5008 
  0x000001cc1071f74c: 49b8 0000 | 0018 cc01 | 0000 4d03 | c24c 8b54 | 2430 4c89 | 5424 20e9 | bb09 0000 | 488b e8e9 
  0x000001cc1071f76c: eb02 0000 | 488b d844 | 8b50 0849 | b800 0000 | 18cc 0100 | 004d 03c2 | e9c1 0100 | 004c 8bd0 
  0x000001cc1071f78c: e964 0100 | 004c 8bd0 | e96c 0900 | 004c 8bd0 | 0f1f 4000 | e960 0900 | 0044 8b50 | 0849 bb00 
  0x000001cc1071f7ac: ;   {no_reloc}
  0x000001cc1071f7ac: 0000 18cc | 0100 004d | 03da e960 | 0200 0048 | 8944 2430 | 488b 6c24 | 504c 8b54 | 2458 4c89 
  0x000001cc1071f7cc: 5424 204c | 8b54 2438 | 4c89 5424 | 2848 8b54 | 2470 448b | 5c24 6044 | 895c 2458 

  0x000001cc1071f7e8: ;   {static_call}
  0x000001cc1071f7e8: c5f8 77e8 

  0x000001cc1071f7ec: ; ImmutableOopMap {rbp=Oop [32]=Oop [48]=Oop [64]=Oop [72]=Oop [88]=NarrowOop [104]=Oop [128]=Oop [160]=Oop }
                      ;*invokestatic endInit {reexecute=0 rethrow=0 return_oop=0}
                      ; - java.util.jar.JarFile::ensureInitialization@53 (line 1074)
                      ; - java.util.jar.JavaUtilJarAccessImpl::ensureInitialization@1 (line 42)
                      ; - jdk.internal.loader.URLClassPath$JarLoader$2::getManifest@10 (line 852)
                      ; - java.net.URLClassLoader::defineClass@34 (line 491)
                      ; - java.net.URLClassLoader$1::run@43 (line 427)
                      ; - java.net.URLClassLoader$1::run@1 (line 421)
  0x000001cc1071f7ec: 90f8 4cff 

  0x000001cc1071f7f0: ;   {other}
  0x000001cc1071f7f0: 0f1f 8400 | 606a 00cc | 4c8b 5424 | 3049 8bda | e9c6 0200 | 0048 8bd8 | e9be 0200 | 0048 8bd8 
  0x000001cc1071f810: e9a3 0900 | 0048 8bd8 | e99b 0900 | 0048 8bd8 | e993 0900 | 004c 8bd0 | e9d8 0800 | 004c 8bd0 
  0x000001cc1071f830: e9d0 0800 | 0048 8bd8 | 448b 5008 | 49b8 0000 | 0018 cc01 | 0000 4d03 | c248 896c | 2420 e9d0 
  0x000001cc1071f850: 0800 004c | 8b54 2430 | 4c89 5424 | 2066 6690 | e9be 0800 | 004c 8bd0 | eb03 4c8b | d049 8bda 
  0x000001cc1071f870: 458b 5208 | 49b8 0000 | 0018 cc01 | 0000 4d03 | c24c 8b54 | 2428 4c89 | 5424 20e9 | 9308 0000 
  0x000001cc1071f890: 488b d844 | 8b58 0849 | b800 0000 | 18cc 0100 | 004d 03c3 | e9f1 0300 | 0048 8bd8 | 448b 5008 
  0x000001cc1071f8b0: 49bb 0000 | 0018 cc01 | 0000 4d03 | da66 6690 | e93d 0500 | 004c 8bd0 | e938 0800 | 0048 8bd8 
  0x000001cc1071f8d0: e944 0500 | 0048 8bd8 | e93c 0500 | 004c 8bd0 | eb03 4c8b | d049 8bda | e9cb 0800 

  0x000001cc1071f8ec: ;   {no_reloc}
  0x000001cc1071f8ec: 004c 8bd0 | eb03 4c8b | d049 8bda | e9bb 0800 | 0048 8bd8 | 448b 5008 | 49b8 0000 | 0018 cc01 
  0x000001cc1071f90c: 0000 4d03 | c24d 8b50 | 504c 3bd5 | 0f85 35ff | ffff 4533 | c9e9 3505 | 0000 4c8b | d0e9 d707 
  0x000001cc1071f92c: 0000 4c8b | d0e9 cf07 | 0000 488b | d844 8b58 | 0849 b800 | 0000 18cc | 0100 004d | 03c3 4d8b 
  0x000001cc1071f94c: ;   {metadata('java/io/InterruptedIOException')}
  0x000001cc1071f94c: 5050 49bb | 0000 3c19 | cc01 0000 | 0f1f 8400 | 0000 0000 | 4d3b d30f | 8493 f2ff | ff4d 8b50 
  0x000001cc1071f96c: ;   {metadata('java/io/IOException')}
  0x000001cc1071f96c: 4849 bb58 | 5304 19cc | 0100 0066 | 0f1f 8400 | 0000 0000 | 4d3b d30f | 8533 0700 | 0044 8b5c 
  0x000001cc1071f98c: 2470 4585 | db0f 84db | c1ff ffe9 | 66f2 ffff | 488b d844 | 8b58 0849 | ba00 0000 | 18cc 0100 
  0x000001cc1071f9ac: 004d 03d3 | 4d8b 5250 

  0x000001cc1071f9b4: ;   {metadata('java/io/InterruptedIOException')}
  0x000001cc1071f9b4: 49bb 0000 | 3c19 cc01 | 0000 6690 | 4d3b d30f | 85f3 0600 | 0066 6690 

  0x000001cc1071f9cc: ;   {static_call}
  0x000001cc1071f9cc: c5f8 77e8 

  0x000001cc1071f9d0: ; ImmutableOopMap {[32]=Oop [40]=Oop [48]=Oop [64]=Oop [72]=Oop [80]=NarrowOop [84]=NarrowOop [88]=Oop [104]=Oop [120]=NarrowOop [124]=NarrowOop }
                      ;*invokestatic interrupted {reexecute=0 rethrow=0 return_oop=0}
                      ; - jdk.internal.loader.Resource::getBytes@20 (line 103)
                      ; - java.net.URLClassLoader::defineClass@179 (line 519)
                      ; - java.net.URLClassLoader$1::run@43 (line 427)
                      ; - java.net.URLClassLoader$1::run@1 (line 421)
  0x000001cc1071f9d0: acf6 4cff 

  0x000001cc1071f9d4: ;   {other}
  0x000001cc1071f9d4: 0f1f 8400 | 446c 00cd | 4d8b 9758 

  0x000001cc1071f9e0: ; ImmutableOopMap {[32]=Oop [40]=Oop [48]=Oop [64]=Oop [72]=Oop [80]=NarrowOop [84]=NarrowOop [88]=Oop [104]=Oop [120]=NarrowOop [124]=NarrowOop }
                      ;*goto {reexecute=1 rethrow=0 return_oop=0}
                      ; - (reexecute) jdk.internal.loader.Resource::getBytes@26 (line 105)
                      ; - java.net.URLClassLoader::defineClass@179 (line 519)
                      ; - java.net.URLClassLoader$1::run@43 (line 427)
                      ; - java.net.URLClassLoader$1::run@1 (line 421)
                      ;   {poll}
  0x000001cc1071f9e0: 0400 0041 | 8502 41b9 | 0100 0000 | 488b 7c24 | 584c 8b5c | 2420 488b | 5c24 604c | 8b54 2468 
  0x000001cc1071fa00: 448b 4424 | 54e9 e4bd | ffff 448b | 5008 49bb | 0000 0018 | cc01 0000 | 4d03 da4d 

  0x000001cc1071fa1c: ;   {metadata('java/io/InterruptedIOException')}
  0x000001cc1071fa1c: 8b53 5049 | bb00 003c | 19cc 0100 | 004d 3bd3 | 752a 6690 

  0x000001cc1071fa30: ;   {static_call}
  0x000001cc1071fa30: c5f8 77e8 

  0x000001cc1071fa34: ; ImmutableOopMap {rbp=Oop [32]=Oop [40]=Oop [48]=Oop [64]=Oop [72]=Oop [80]=NarrowOop [84]=NarrowOop [88]=Oop [104]=Oop [120]=NarrowOop [124]=NarrowOop [152]=Oop }
                      ;*invokestatic interrupted {reexecute=0 rethrow=0 return_oop=0}
                      ; - jdk.internal.loader.Resource::getBytes@127 (line 128)
                      ; - java.net.URLClassLoader::defineClass@179 (line 519)
                      ; - java.net.URLClassLoader$1::run@43 (line 427)
                      ; - java.net.URLClassLoader$1::run@1 (line 421)
  0x000001cc1071fa34: 48f6 4cff 

  0x000001cc1071fa38: ;   {other}
  0x000001cc1071fa38: 0f1f 8400 | a86c 00cf | 448b 8c24 | 8000 0000 | 41ba 0100 | 0000 4489 | 5424 70e9 | c6c0 ffff 
  0x000001cc1071fa58: 488b e844 | 8b5c 2454 | 498b d366 | 6690 c5f8 | 7748 b8ff | ffff ffff 

  0x000001cc1071fa70: ;   {virtual_call}
  0x000001cc1071fa70: ffff ffe8 

  0x000001cc1071fa74: ; ImmutableOopMap {rbp=Oop [40]=Oop [48]=Oop [64]=Oop [72]=Oop [80]=NarrowOop [88]=Oop [104]=Oop }
                      ;*invokevirtual close {reexecute=0 rethrow=0 return_oop=0}
                      ; - jdk.internal.loader.Resource::getBytes@214 (line 145)
                      ; - java.net.URLClassLoader::defineClass@179 (line 519)
                      ; - java.net.URLClassLoader$1::run@43 (line 427)
                      ; - java.net.URLClassLoader$1::run@1 (line 421)
  0x000001cc1071fa74: 08f3 4cff 

  0x000001cc1071fa78: ;   {other}
  0x000001cc1071fa78: 0f1f 8400 | e86c 00d0 | 448b 5424 | 7045 85d2 | 7436 4c8b | 5424 284c | 8954 2420 | 4c8b 5424 
  0x000001cc1071fa98: 304c 8954 | 2428 4c8b | 5424 384c | 8954 2430 | 488b 5424 | 5866 6690 

  0x000001cc1071fab0: ;   {optimized virtual_call}
  0x000001cc1071fab0: c5f8 77e8 

  0x000001cc1071fab4: ; ImmutableOopMap {rbp=Oop [32]=Oop [40]=Oop [64]=Oop [72]=Oop [80]=NarrowOop [104]=Oop }
                      ;*invokevirtual interrupt {reexecute=0 rethrow=0 return_oop=0}
                      ; - jdk.internal.loader.Resource::getBytes@236 (line 151)
                      ; - java.net.URLClassLoader::defineClass@179 (line 519)
                      ; - java.net.URLClassLoader$1::run@43 (line 427)
                      ; - java.net.URLClassLoader$1::run@1 (line 421)
  0x000001cc1071fab4: c8ef 4cff 

  0x000001cc1071fab8: ;   {other}
  0x000001cc1071fab8: 0f1f 8400 | 286d 00d1 | 488b dde9 | f405 0000 | 488b d84c | 8b9c 2480 | 0000 0048 | 8d84 24c0 
  0x000001cc1071fad8: 0000 0048 | 8338 000f | 8479 0000 | 004d 8b13 | 41f6 c202 | 0f84 6200 | 0000 4983 | ba86 0000 
  0x000001cc1071faf8: 0000 7409 | 49ff 8a86 | 0000 00eb | 4b49 8b82 | 9600 0000 | 490b 828e | 0000 0075 | 0a49 c742 
  0x000001cc1071fb18: 3e00 0000 | 00eb 3d49 | 83ba 9e00 | 0000 0074 | 2248 33c0 | 49c7 423e | 0000 0000 | f083 0424 
  0x000001cc1071fb38: 0049 83ba | 9e00 0000 | 0075 0df0 | 4d0f b17a | 3e75 0583 | c801 eb0c | a800 eb08 | 4c8b 10f0 
  0x000001cc1071fb58: 4d0f b113 | 750a 49ff | 8f50 0500 | 0045 33d2 | 0f84 e804 | 0000 488b | 8c24 8000 | 0000 488d 
  0x000001cc1071fb78: 9424 c000 | 0000 4d8b | c7c5 f877 | 49ba 709b | 3efb fe7f | 0000 41ff 

  0x000001cc1071fb90: ;   {other}
  0x000001cc1071fb90: d20f 1f84 | 0000 0000 | 00e9 b804 | 0000 488b | d8e9 f203 | 0000 488b | d8e9 0903 | 0000 488b 
  0x000001cc1071fbb0: d8e9 e203 | 0000 4889 | 4424 6848 | 8b6c 2420 | 4c8b 5424 | 284c 8954 | 2420 4c8b | 5424 384c 
  0x000001cc1071fbd0: 8954 2428 | 488b 5424 | 6066 6690 

  0x000001cc1071fbdc: ;   {static_call}
  0x000001cc1071fbdc: c5f8 77e8 

  0x000001cc1071fbe0: ; ImmutableOopMap {rbp=Oop [32]=Oop [48]=Oop [64]=NarrowOop [72]=Oop [80]=Oop [88]=Oop [104]=Oop }
                      ;*invokestatic end {reexecute=0 rethrow=0 return_oop=0}
                      ; - java.io.FileInputStream::open@19 (line 215)
                      ; - java.io.FileInputStream::<init>@96 (line 152)
                      ; - jdk.internal.loader.URLClassPath$FileLoader$1::getInputStream@8 (line 1119)
                      ; - jdk.internal.loader.Resource::cachedInputStream@9 (line 77)
                      ; - jdk.internal.loader.Resource::getByteBuffer@1 (line 163)
                      ; - java.net.URLClassLoader::defineClass@132 (line 511)
                      ; - java.net.URLClassLoader$1::run@43 (line 427)
                      ; - java.net.URLClassLoader$1::run@1 (line 421)
  0x000001cc1071fbe0: 9cf4 4cff 

  0x000001cc1071fbe4: ;   {other}
  0x000001cc1071fbe4: 0f1f 8400 | 546e 00d2 | 488b 5c24 | 68e9 a203 | 0000 488b | d8e9 9a03 | 0000 488b | d8e9 9203 
  0x000001cc1071fc04: 0000 488b | d8e9 8a03 | 0000 488b | d8e9 8203 | 0000 488b | d8e9 7a03 | 0000 488b | d8e9 9102 
  0x000001cc1071fc24: 0000 4889 | 4424 7048 | 8b6c 2428 | 4c8b 5424 | 304c 8954 | 2420 4c8b | 5424 384c | 8954 2428 
  0x000001cc1071fc44: 488b 5424 | 6866 6690 

  0x000001cc1071fc4c: ;   {static_call}
  0x000001cc1071fc4c: c5f8 77e8 

  0x000001cc1071fc50: ; ImmutableOopMap {rbp=Oop [32]=Oop [64]=Oop [72]=Oop [80]=NarrowOop [88]=Oop [96]=Oop [112]=Oop }
                      ;*invokestatic end {reexecute=0 rethrow=0 return_oop=0}
                      ; - java.io.FileInputStream::open@19 (line 215)
                      ; - java.io.FileInputStream::<init>@96 (line 152)
                      ; - jdk.internal.loader.URLClassPath$FileLoader$1::getInputStream@8 (line 1119)
                      ; - jdk.internal.loader.Resource::cachedInputStream@9 (line 77)
                      ; - jdk.internal.loader.Resource::getBytes@1 (line 89)
                      ; - java.net.URLClassLoader::defineClass@179 (line 519)
                      ; - java.net.URLClassLoader$1::run@43 (line 427)
                      ; - java.net.URLClassLoader$1::run@1 (line 421)
  0x000001cc1071fc50: 2cf4 4cff 

  0x000001cc1071fc54: ;   {other}
  0x000001cc1071fc54: 0f1f 8400 | c46e 00d3 | 488b 5c24 | 70e9 5102 | 0000 488b | d8e9 4902 | 0000 488b | d8e9 4102 
  0x000001cc1071fc74: 0000 488b | d8e9 3902 | 0000 488b | d8e9 3102 | 0000 488b | d844 8b50 | 0849 b800 | 0000 18cc 
  0x000001cc1071fc94: 0100 004d | 03c2 4d8b 

  0x000001cc1071fc9c: ;   {metadata('java/io/IOException')}
  0x000001cc1071fc9c: 5048 49bb | 5853 0419 | cc01 0000 | 4d3b d30f | 851a feff | ff4c 8bd3 | 498b 87b8 | 0100 004c 
  0x000001cc1071fcbc: 8bd8 4983 | c328 4d3b | 9fc8 0100 | 000f 8315 | 0500 004d | 899f b801 | 0000 410f | 0d8b c000 
  0x000001cc1071fcdc: 0000 48c7 | 0001 0000 

  0x000001cc1071fce4: ;   {metadata('java/lang/RuntimeException')}
  0x000001cc1071fce4: 00c7 4008 | a8b7 0500 | 4489 600c | 4c89 6010 | 4c89 6018 | 4c89 6020 | 488b e84c | 8b5c 2430 
  0x000001cc1071fd04: 4c89 5c24 | 204c 8b5c | 2458 4c89 | 5c24 284c | 8b5c 2438 | 4c89 5c24 | 3048 8bd5 | 4d8b c244 
  0x000001cc1071fd24: 8b54 2460 | 4489 5424 | 5866 6690 

  0x000001cc1071fd30: ;   {optimized virtual_call}
  0x000001cc1071fd30: c5f8 77e8 

  0x000001cc1071fd34: ; ImmutableOopMap {rbp=Oop [32]=Oop [40]=Oop [64]=Oop [72]=Oop [88]=NarrowOop [104]=Oop [128]=Oop [160]=Oop }
                      ;*invokespecial <init> {reexecute=0 rethrow=0 return_oop=0}
                      ; - java.util.jar.JarFile::ensureInitialization@13 (line 1066)
                      ; - java.util.jar.JavaUtilJarAccessImpl::ensureInitialization@1 (line 42)
                      ; - jdk.internal.loader.URLClassPath$JarLoader$2::getManifest@10 (line 852)
                      ; - java.net.URLClassLoader::defineClass@34 (line 491)
                      ; - java.net.URLClassLoader$1::run@43 (line 427)
                      ; - java.net.URLClassLoader$1::run@1 (line 421)
  0x000001cc1071fd34: 48ed 4cff 

  0x000001cc1071fd38: ;   {other}
  0x000001cc1071fd38: 0f1f 8400 | a86f 00d4 | 4c8b 9c24 | 8000 0000 | 488d 8424 | c000 0000 | 4883 3800 | 0f84 7900 
  0x000001cc1071fd58: 0000 4d8b | 1341 f6c2 | 020f 8462 | 0000 0049 | 83ba 8600 | 0000 0074 | 0949 ff8a | 8600 0000 
  0x000001cc1071fd78: eb4b 498b | 8296 0000 | 0049 0b82 | 8e00 0000 | 750a 49c7 | 423e 0000 | 0000 eb3d | 4983 ba9e 
  0x000001cc1071fd98: 0000 0000 | 7422 4833 | c049 c742 | 3e00 0000 | 00f0 8304 | 2400 4983 | ba9e 0000 | 0000 750d 
  0x000001cc1071fdb8: f04d 0fb1 | 7a3e 7505 | 83c8 01eb | 0ca8 00eb | 084c 8b10 | f04d 0fb1 | 1375 0a49 | ff8f 5005 
  0x000001cc1071fdd8: 0000 4533 | d266 6690 | 0f85 a204 | 0000 488b | d5e9 cd03 | 0000 488b | d844 8b50 | 0849 bb00 
  0x000001cc1071fdf8: 0000 18cc | 0100 004d | 03da 4d8b 

  0x000001cc1071fe04: ;   {metadata('java/io/IOException')}
  0x000001cc1071fe04: 5348 49bb | 5853 0419 | cc01 0000 | 4d3b d30f | 8437 0400 | 0044 8b5b | 0849 b800 | 0000 18cc 
  0x000001cc1071fe24: 0100 004d | 03c3 4c8b | 5424 404c | 8954 2420 | e9ea 0200 | 0048 8bd8 | 448b 5808 | 49b8 0000 
  0x000001cc1071fe44: 0018 cc01 | 0000 4d03 | c34d 8b50 | 504c 3bd5 | 754f 4c8b | 4c24 2048 | 8b54 2428 | 4c8b 8424 
  0x000001cc1071fe64: a000 0000 | 488b 7c24 | 5866 6690 

  0x000001cc1071fe70: ;   {optimized virtual_call}
  0x000001cc1071fe70: c5f8 77e8 

  0x000001cc1071fe74: ; ImmutableOopMap {[40]=Oop [48]=Oop [64]=Oop [72]=Oop [80]=NarrowOop [112]=Oop [120]=NarrowOop [124]=NarrowOop [160]=Oop }
                      ;*invokevirtual getAndVerifyPackage {reexecute=0 rethrow=0 return_oop=1}
                      ; - java.net.URLClassLoader::defineClass@97 (line 502)
                      ; - java.net.URLClassLoader$1::run@43 (line 427)
                      ; - java.net.URLClassLoader$1::run@1 (line 421)
  0x000001cc1071fe74: 08ec 4cff 

  0x000001cc1071fe78: ;   {other}
  0x000001cc1071fe78: 0f1f 8400 | e870 00d5 | 4885 c00f | 84b0 0300 | 0048 8b7c | 2430 4c8b | 4424 284c | 8b4c 2440 
  0x000001cc1071fe98: 448b 5424 | 5066 6690 | e9c3 a4ff | ff4c 8b54 | 2430 4c89 | 5424 20e9 | 6f02 0000 | 488b d84c 
  0x000001cc1071feb8: 8b5c 2458 | 488d 8424 | c000 0000 | 4883 3800 | 0f84 7900 | 0000 4d8b | 1341 f6c2 | 020f 8462 
  0x000001cc1071fed8: 0000 0049 | 83ba 8600 | 0000 0074 | 0949 ff8a | 8600 0000 | eb4b 498b | 8296 0000 | 0049 0b82 
  0x000001cc1071fef8: 8e00 0000 | 750a 49c7 | 423e 0000 | 0000 eb3d | 4983 ba9e | 0000 0000 | 7422 4833 | c049 c742 
  0x000001cc1071ff18: 3e00 0000 | 00f0 8304 | 2400 4983 | ba9e 0000 | 0000 750d | f04d 0fb1 | 7a3e 7505 | 83c8 01eb 
  0x000001cc1071ff38: 0ca8 00eb | 084c 8b10 | f04d 0fb1 | 1375 0a49 | ff8f 5005 | 0000 4533 | d20f 8465 | 0100 0048 
  0x000001cc1071ff58: 8b4c 2458 | 488d 9424 | c000 0000 | 4d8b c7c5 | f877 49ba | 709b 3efb | fe7f 0000 

  0x000001cc1071ff74: ;   {other}
  0x000001cc1071ff74: 41ff d20f | 1f84 0000 | 0000 0090 | e937 0100 | 004c 8bd0 | e978 0100 | 004c 8bd0 | e970 0100 
  0x000001cc1071ff94: 0048 8bd8 | 4c8b 5c24 | 304c 895c | 2420 488d | 8424 c000 | 0000 4883 | 3800 0f84 | 7900 0000 
  0x000001cc1071ffb4: 4d8b 1341 | f6c2 020f | 8462 0000 | 0049 83ba | 8600 0000 | 0074 0949 | ff8a 8600 | 0000 eb4b 
  0x000001cc1071ffd4: 498b 8296 | 0000 0049 | 0b82 8e00 | 0000 750a | 49c7 423e | 0000 0000 | eb3d 4983 | ba9e 0000 
  0x000001cc1071fff4: 0000 7422 | 4833 c049 | c742 3e00 | 0000 00f0 | 8304 2400 | 4983 ba9e | 0000 0000 | 750d f04d 
  0x000001cc10720014: 0fb1 7a3e | 7505 83c8 | 01eb 0ca8 | 00eb 084c | 8b10 f04d | 0fb1 1375 | 0a49 ff8f | 5005 0000 
  0x000001cc10720034: 4533 d20f | 85cf 0100 | 0044 8b5b | 0849 b800 | 0000 18cc | 0100 004d | 03c3 e9d0 | 0000 0048 
  0x000001cc10720054: 8bd8 448b | 5308 49b8 | 0000 0018 | cc01 0000 | 4d03 c24c | 8b54 2440 | 4c89 5424 | 20e9 ad00 
  0x000001cc10720074: ;   {no_reloc}
  0x000001cc10720074: 0000 4c8b | d0e9 8700 | 0000 4c8b | d0e9 7f00 | 0000 4c8b | d0e9 7700 | 0000 4c8b | d0e9 6f00 
  0x000001cc10720094: 0000 488b | d844 8b50 | 0849 b800 | 0000 18cc | 0100 004d | 03c2 4c8b | 5424 404c | 8954 2420 
  0x000001cc107200b4: e96a 0000 | 0048 8bd8 | 448b 5308 | 49b8 0000 | 0018 cc01 | 0000 4d03 | c24c 8b54 | 2440 4c89 
  0x000001cc107200d4: 5424 20eb | 4a4c 8bd0 | eb03 4c8b | d049 8bda | 458b 5208 | 49b8 0000 | 0018 cc01 | 0000 4d03 
  0x000001cc107200f4: c24c 8b54 | 2430 4c89 | 5424 2090 | eb21 4c8b | d049 8bda | 458b 5208 | 49b8 0000 | 0018 cc01 
  0x000001cc10720114: 0000 4d03 | c24c 8b54 | 2440 4c89 | 5424 204d 

  0x000001cc10720124: ;   {metadata('java/io/IOException')}
  0x000001cc10720124: 8b50 4849 | bb58 5304 | 19cc 0100 | 004d 3bd3 | 0f84 9100 | 0000 4d8b 

  0x000001cc1072013c: ;   {metadata('java/lang/ClassFormatError')}
  0x000001cc1072013c: 5050 49bb | 20a5 3c19 | cc01 0000 | 4d3b d30f | 8567 0000 | 0048 8beb | 488b 5424 | 2090 c5f8 
  0x000001cc1072015c: 7748 b8ff | ffff ffff 

  0x000001cc10720164: ;   {virtual_call}
  0x000001cc10720164: ffff ffe8 

  0x000001cc10720168: ; ImmutableOopMap {rbp=Oop [32]=Oop }
                      ;*invokevirtual getDataError {reexecute=0 rethrow=0 return_oop=1}
                      ; - java.net.URLClassLoader$1::run@63 (line 431)
                      ; - java.net.URLClassLoader$1::run@1 (line 421)
  0x000001cc10720168: 14ec 4cff 

  0x000001cc1072016c: ;   {other}
  0x000001cc1072016c: 0f1f 8400 | dc73 00d6 | 4885 c074 | 3748 8b54 | 2420 c5f8 | 7748 b8ff | ffff ffff 

  0x000001cc10720188: ;   {virtual_call}
  0x000001cc10720188: ffff ffe8 

  0x000001cc1072018c: ; ImmutableOopMap {rbp=Oop }
                      ;*invokevirtual getDataError {reexecute=0 rethrow=0 return_oop=1}
                      ; - java.net.URLClassLoader$1::run@71 (line 432)
                      ; - java.net.URLClassLoader$1::run@1 (line 421)
  0x000001cc1072018c: f0eb 4cff 

  0x000001cc10720190: ;   {other}
  0x000001cc10720190: 0f1f 8400 | 0074 00d7 | 488b d54c | 8bc0 6690 

  0x000001cc107201a0: ;   {optimized virtual_call}
  0x000001cc107201a0: c5f8 77e8 

  0x000001cc107201a4: ; ImmutableOopMap {rbp=Oop }
                      ;*invokevirtual addSuppressed {reexecute=0 rethrow=0 return_oop=0}
                      ; - java.net.URLClassLoader$1::run@74 (line 432)
                      ; - java.net.URLClassLoader$1::run@1 (line 421)
  0x000001cc107201a4: d8e8 4cff 

  0x000001cc107201a8: ;   {other}
  0x000001cc107201a8: 0f1f 8400 | 1874 00d8 | 488b d5eb | 0648 8bd8 | 488b d3c5 | f877 4881 | c4e0 0000 

  0x000001cc107201c4: ;   {runtime_call _rethrow_Java}
  0x000001cc107201c4: 005d e935 | b059 ff48 | 8beb ba2f | 0000 0090 

  0x000001cc107201d4: ;   {runtime_call UncommonTrapBlob}
  0x000001cc107201d4: c5f8 77e8 

  0x000001cc107201d8: ; ImmutableOopMap {rbp=Oop [72]=Oop }
                      ;*new {reexecute=0 rethrow=0 return_oop=0}
                      ; - java.net.URLClassLoader$1::run@48 (line 429)
                      ; - java.net.URLClassLoader$1::run@1 (line 421)
  0x000001cc107201d8: a441 4dff 

  0x000001cc107201dc: ;   {other}
  0x000001cc107201dc: 0f1f 8400 | 4c74 00d9 

  0x000001cc107201e4: ;   {metadata('java/lang/RuntimeException')}
  0x000001cc107201e4: 498b ea48 | baa8 b705 | 18cc 0100 | 0066 6690 

  0x000001cc107201f4: ;   {runtime_call _new_instance_Java}
  0x000001cc107201f4: c5f8 77e8 

  0x000001cc107201f8: ; ImmutableOopMap {rbp=Oop [48]=Oop [64]=Oop [72]=Oop [88]=Oop [96]=NarrowOop [104]=Oop [128]=Oop [160]=Oop }
                      ;*new {reexecute=0 rethrow=0 return_oop=1}
                      ; - java.util.jar.JarFile::ensureInitialization@8 (line 1066)
                      ; - java.util.jar.JavaUtilJarAccessImpl::ensureInitialization@1 (line 42)
                      ; - jdk.internal.loader.URLClassPath$JarLoader$2::getManifest@10 (line 852)
                      ; - java.net.URLClassLoader::defineClass@34 (line 491)
                      ; - java.net.URLClassLoader$1::run@43 (line 427)
                      ; - java.net.URLClassLoader$1::run@1 (line 421)
  0x000001cc107201f8: 8473 59ff 

  0x000001cc107201fc: ;   {other}
  0x000001cc107201fc: 0f1f 8400 | 6c74 00da | 4c8b d5e9 | f0fa ffff | 488b 4c24 | 3048 8d94 | 24c0 0000 | 004d 8bc7 
  0x000001cc1072021c: c5f8 7749 | ba70 9b3e | fbfe 7f00 | 0041 ffd2 

  0x000001cc1072022c: ;   {other}
  0x000001cc1072022c: 0f1f 8400 | 0000 0000 | e904 feff | ffba fd00 | 0000 6690 

  0x000001cc10720240: ;   {runtime_call UncommonTrapBlob}
  0x000001cc10720240: c5f8 77e8 

  0x000001cc10720244: ; ImmutableOopMap {[48]=Oop [72]=Oop [160]=Oop }
                      ;*new {reexecute=0 rethrow=0 return_oop=0}
                      ; - java.net.URLClassLoader::defineClass@103 (line 504)
                      ; - java.net.URLClassLoader$1::run@43 (line 427)
                      ; - java.net.URLClassLoader$1::run@1 (line 421)
  0x000001cc10720244: 3841 4dff 

  0x000001cc10720248: ;   {other}
  0x000001cc10720248: 0f1f 8400 | b874 00db | 488b ebba | 2a00 0000 | 4c8b 5424 | 484c 8954 | 2420 4c8b | 5424 404c 
  0x000001cc10720268: 8954 2428 | 4c8b 5424 | 384c 8954 | 2430 6690 

  0x000001cc10720278: ;   {runtime_call UncommonTrapBlob}
  0x000001cc10720278: c5f8 77e8 

  0x000001cc1072027c: ; ImmutableOopMap {rbp=Oop [32]=Oop [40]=Oop [80]=NarrowOop [120]=NarrowOop [124]=NarrowOop [128]=Oop }
                      ;*new {reexecute=0 rethrow=0 return_oop=0}
                      ; - java.util.jar.JarFile$JarFileEntry::getCodeSigners@11 (line 672)
                      ; - jdk.internal.loader.URLClassPath$JarLoader$2::getCodeSigners@4 (line 858)
                      ; - java.net.URLClassLoader::defineClass@185 (line 521)
                      ; - java.net.URLClassLoader$1::run@43 (line 427)
                      ; - java.net.URLClassLoader$1::run@1 (line 421)
  0x000001cc1072027c: 0041 4dff 

  0x000001cc10720280: ;   {other}
  0x000001cc10720280: 0f1f 8400 | f074 00dc | 498b cb48 | 8d94 24c0 | 0000 004d | 8bc7 c5f8 | 7749 ba70 | 9b3e fbfe 
  0x000001cc107202a0: 7f00 0041 

  0x000001cc107202a4: ;   {other}
  0x000001cc107202a4: ffd2 0f1f | 8400 0000 | 0000 e933 

  0x000001cc107202b0: ;   {internal_word}
  0x000001cc107202b0: fbff ff49 | baef af71 | 10cc 0100 | 004d 8997 | 6804 0000 

  0x000001cc107202c4: ;   {runtime_call SafepointBlob}
  0x000001cc107202c4: e9b7 514d 

  0x000001cc107202c8: ;   {runtime_call StubRoutines (final stubs)}
  0x000001cc107202c8: ffe8 d261 | 4bff e98b | 93ff fff4 | f4f4 f4f4 
[Stub Code]
  0x000001cc107202d8: ;   {no_reloc}
  0x000001cc107202d8: 48bb 0000 | 0000 0000 

  0x000001cc107202e0: ;   {runtime_call nmethod}
  0x000001cc107202e0: 0000 e9fb 

  0x000001cc107202e4: ;   {static_stub}
  0x000001cc107202e4: ffff ff48 | bb00 0000 | 0000 0000 

  0x000001cc107202f0: ;   {runtime_call nmethod}
  0x000001cc107202f0: 00e9 fbff 

  0x000001cc107202f4: ;   {static_stub}
  0x000001cc107202f4: ffff 48bb | 0000 0000 | 0000 0000 

  0x000001cc10720300: ;   {runtime_call nmethod}
  0x000001cc10720300: e9fb ffff 

  0x000001cc10720304: ;   {static_stub}
  0x000001cc10720304: ff48 bb00 | 0000 0000 

  0x000001cc1072030c: ;   {runtime_call nmethod}
  0x000001cc1072030c: 0000 00e9 | fbff ffff 

  0x000001cc10720314: ;   {static_stub}
  0x000001cc10720314: 48bb 0000 | 0000 0000 

  0x000001cc1072031c: ;   {runtime_call nmethod}
  0x000001cc1072031c: 0000 e9fb 

  0x000001cc10720320: ;   {static_stub}
  0x000001cc10720320: ffff ff48 | bb00 0000 | 0000 0000 

  0x000001cc1072032c: ;   {runtime_call nmethod}
  0x000001cc1072032c: 00e9 fbff 

  0x000001cc10720330: ;   {static_stub}
  0x000001cc10720330: ffff 48bb | 0000 0000 | 0000 0000 

  0x000001cc1072033c: ;   {runtime_call nmethod}
  0x000001cc1072033c: e9fb ffff 

  0x000001cc10720340: ;   {static_stub}
  0x000001cc10720340: ff48 bb00 | 0000 0000 

  0x000001cc10720348: ;   {runtime_call nmethod}
  0x000001cc10720348: 0000 00e9 | fbff ffff 

  0x000001cc10720350: ;   {static_stub}
  0x000001cc10720350: 48bb 0000 | 0000 0000 

  0x000001cc10720358: ;   {runtime_call nmethod}
  0x000001cc10720358: 0000 e9fb 

  0x000001cc1072035c: ;   {static_stub}
  0x000001cc1072035c: ffff ff48 | bb00 0000 | 0000 0000 

  0x000001cc10720368: ;   {runtime_call nmethod}
  0x000001cc10720368: 00e9 fbff 

  0x000001cc1072036c: ;   {static_stub}
  0x000001cc1072036c: ffff 48bb | 0000 0000 | 0000 0000 

  0x000001cc10720378: ;   {runtime_call nmethod}
  0x000001cc10720378: e9fb ffff 

  0x000001cc1072037c: ;   {static_stub}
  0x000001cc1072037c: ff48 bb00 | 0000 0000 

  0x000001cc10720384: ;   {runtime_call nmethod}
  0x000001cc10720384: 0000 00e9 | fbff ffff 

  0x000001cc1072038c: ;   {static_stub}
  0x000001cc1072038c: 48bb 0000 | 0000 0000 

  0x000001cc10720394: ;   {runtime_call nmethod}
  0x000001cc10720394: 0000 e9fb 

  0x000001cc10720398: ;   {static_stub}
  0x000001cc10720398: ffff ff48 | bb00 0000 | 0000 0000 

  0x000001cc107203a4: ;   {runtime_call nmethod}
  0x000001cc107203a4: 00e9 fbff 

  0x000001cc107203a8: ;   {static_stub}
  0x000001cc107203a8: ffff 48bb | 0000 0000 | 0000 0000 

  0x000001cc107203b4: ;   {runtime_call nmethod}
  0x000001cc107203b4: e9fb ffff 

  0x000001cc107203b8: ;   {static_stub}
  0x000001cc107203b8: ff48 bb00 | 0000 0000 

  0x000001cc107203c0: ;   {runtime_call nmethod}
  0x000001cc107203c0: 0000 00e9 | fbff ffff 

  0x000001cc107203c8: ;   {static_stub}
  0x000001cc107203c8: 48bb 0000 | 0000 0000 

  0x000001cc107203d0: ;   {runtime_call nmethod}
  0x000001cc107203d0: 0000 e9fb 

  0x000001cc107203d4: ;   {static_stub}
  0x000001cc107203d4: ffff ff48 | bb00 0000 | 0000 0000 

  0x000001cc107203e0: ;   {runtime_call nmethod}
  0x000001cc107203e0: 00e9 fbff 

  0x000001cc107203e4: ;   {static_stub}
  0x000001cc107203e4: ffff 48bb | 0000 0000 | 0000 0000 

  0x000001cc107203f0: ;   {runtime_call nmethod}
  0x000001cc107203f0: e9fb ffff 

  0x000001cc107203f4: ;   {static_stub}
  0x000001cc107203f4: ff48 bb00 | 0000 0000 

  0x000001cc107203fc: ;   {runtime_call nmethod}
  0x000001cc107203fc: 0000 00e9 | fbff ffff 

  0x000001cc10720404: ;   {static_stub}
  0x000001cc10720404: 48bb 0000 | 0000 0000 

  0x000001cc1072040c: ;   {runtime_call nmethod}
  0x000001cc1072040c: 0000 e9fb 

  0x000001cc10720410: ;   {static_stub}
  0x000001cc10720410: ffff ff48 | bb00 0000 | 0000 0000 

  0x000001cc1072041c: ;   {runtime_call nmethod}
  0x000001cc1072041c: 00e9 fbff 

  0x000001cc10720420: ;   {static_stub}
  0x000001cc10720420: ffff 48bb | 0000 0000 | 0000 0000 

  0x000001cc1072042c: ;   {runtime_call nmethod}
  0x000001cc1072042c: e9fb ffff 

  0x000001cc10720430: ;   {static_stub}
  0x000001cc10720430: ff48 bb00 | 0000 0000 

  0x000001cc10720438: ;   {runtime_call nmethod}
  0x000001cc10720438: 0000 00e9 | fbff ffff 

  0x000001cc10720440: ;   {static_stub}
  0x000001cc10720440: 48bb 0000 | 0000 0000 

  0x000001cc10720448: ;   {runtime_call nmethod}
  0x000001cc10720448: 0000 e9fb 

  0x000001cc1072044c: ;   {static_stub}
  0x000001cc1072044c: ffff ff48 | bb00 0000 | 0000 0000 

  0x000001cc10720458: ;   {runtime_call nmethod}
  0x000001cc10720458: 00e9 fbff 

  0x000001cc1072045c: ;   {static_stub}
  0x000001cc1072045c: ffff 48bb | 0000 0000 | 0000 0000 

  0x000001cc10720468: ;   {runtime_call nmethod}
  0x000001cc10720468: e9fb ffff 

  0x000001cc1072046c: ;   {static_stub}
  0x000001cc1072046c: ff48 bb00 | 0000 0000 

  0x000001cc10720474: ;   {runtime_call nmethod}
  0x000001cc10720474: 0000 00e9 | fbff ffff 

  0x000001cc1072047c: ;   {static_stub}
  0x000001cc1072047c: 48bb 0000 | 0000 0000 

  0x000001cc10720484: ;   {runtime_call nmethod}
  0x000001cc10720484: 0000 e9fb 

  0x000001cc10720488: ;   {static_stub}
  0x000001cc10720488: ffff ff48 | bbb0 5817 | 18cc 0100 

  0x000001cc10720494: ;   {runtime_call I2C/C2I adapters}
  0x000001cc10720494: 00e9 c92f 

  0x000001cc10720498: ;   {static_stub}
  0x000001cc10720498: 4dff 48bb | 0000 0000 | 0000 0000 

  0x000001cc107204a4: ;   {runtime_call nmethod}
  0x000001cc107204a4: e9fb ffff 

  0x000001cc107204a8: ;   {static_stub}
  0x000001cc107204a8: ff48 bb00 | 0000 0000 

  0x000001cc107204b0: ;   {runtime_call nmethod}
  0x000001cc107204b0: 0000 00e9 | fbff ffff 

  0x000001cc107204b8: ;   {static_stub}
  0x000001cc107204b8: 48bb 0000 | 0000 0000 

  0x000001cc107204c0: ;   {runtime_call nmethod}
  0x000001cc107204c0: 0000 e9fb 

  0x000001cc107204c4: ;   {static_stub}
  0x000001cc107204c4: ffff ff48 | bb00 0000 | 0000 0000 

  0x000001cc107204d0: ;   {runtime_call nmethod}
  0x000001cc107204d0: 00e9 fbff 

  0x000001cc107204d4: ;   {static_stub}
  0x000001cc107204d4: ffff 48bb | 0000 0000 | 0000 0000 

  0x000001cc107204e0: ;   {runtime_call nmethod}
  0x000001cc107204e0: e9fb ffff 

  0x000001cc107204e4: ;   {static_stub}
  0x000001cc107204e4: ff48 bb00 | 0000 0000 

  0x000001cc107204ec: ;   {runtime_call nmethod}
  0x000001cc107204ec: 0000 00e9 | fbff ffff 

  0x000001cc107204f4: ;   {static_stub}
  0x000001cc107204f4: 48bb 0000 | 0000 0000 

  0x000001cc107204fc: ;   {runtime_call nmethod}
  0x000001cc107204fc: 0000 e9fb 

  0x000001cc10720500: ;   {static_stub}
  0x000001cc10720500: ffff ff48 | bb00 0000 | 0000 0000 

  0x000001cc1072050c: ;   {runtime_call nmethod}
  0x000001cc1072050c: 00e9 fbff 

  0x000001cc10720510: ;   {static_stub}
  0x000001cc10720510: ffff 48bb | 0000 0000 | 0000 0000 

  0x000001cc1072051c: ;   {runtime_call nmethod}
  0x000001cc1072051c: e9fb ffff 

  0x000001cc10720520: ;   {static_stub}
  0x000001cc10720520: ff48 bb00 | 0000 0000 

  0x000001cc10720528: ;   {runtime_call nmethod}
  0x000001cc10720528: 0000 00e9 | fbff ffff 

  0x000001cc10720530: ;   {static_stub}
  0x000001cc10720530: 48bb 0000 | 0000 0000 

  0x000001cc10720538: ;   {runtime_call nmethod}
  0x000001cc10720538: 0000 e9fb 

  0x000001cc1072053c: ;   {static_stub}
  0x000001cc1072053c: ffff ff48 | bb00 0000 | 0000 0000 

  0x000001cc10720548: ;   {runtime_call nmethod}
  0x000001cc10720548: 00e9 fbff 

  0x000001cc1072054c: ;   {runtime_call ExceptionBlob}
  0x000001cc1072054c: ffff e92d | 2f59 ffe8 | 0000 0000 | 4883 2c24 

  0x000001cc1072055c: ;   {runtime_call DeoptimizationBlob}
  0x000001cc1072055c: 05e9 be41 | 4dff f4f4 | f4f4 f4f4 
[/MachCode]


Compiled method (c2) 42106 17925   !   4       org.gradle.internal.classloader.VisitableURLClassLoader$InstrumentingVisitableURLClassLoader::findClass (36 bytes)
 total in heap  [0x000001cc10c74b90,0x000001cc10c77d70] = 12768
 relocation     [0x000001cc10c74cf0,0x000001cc10c74f28] = 568
 main code      [0x000001cc10c74f40,0x000001cc10c76978] = 6712
 stub code      [0x000001cc10c76978,0x000001cc10c76a40] = 200
 oops           [0x000001cc10c76a40,0x000001cc10c76a50] = 16
 metadata       [0x000001cc10c76a50,0x000001cc10c76b58] = 264
 scopes data    [0x000001cc10c76b58,0x000001cc10c775e8] = 2704
 scopes pcs     [0x000001cc10c775e8,0x000001cc10c77ad8] = 1264
 dependencies   [0x000001cc10c77ad8,0x000001cc10c77b10] = 56
 handler table  [0x000001cc10c77b10,0x000001cc10c77cf0] = 480
 nul chk table  [0x000001cc10c77cf0,0x000001cc10c77d70] = 128

[Constant Pool (empty)]

[MachCode]
[Entry Point]
  # {method} {0x000001cc335ac9b8} 'findClass' '(Ljava/lang/String;)Ljava/lang/Class;' in 'org/gradle/internal/classloader/VisitableURLClassLoader$InstrumentingVisitableURLClassLoader'
  # this:     rdx:rdx   = 'org/gradle/internal/classloader/VisitableURLClassLoader$InstrumentingVisitableURLClassLoader'
  # parm0:    r8:r8     = 'java/lang/String'
  #           [sp+0xb0]  (sp of caller)
  0x000001cc10c74f40: 448b 5208 | 49bb 0000 | 0018 cc01 | 0000 4d03 | d349 3bc2 

  0x000001cc10c74f54: ;   {runtime_call ic_miss_stub}
  0x000001cc10c74f54: 0f85 2698 | f7fe 6690 | 0f1f 4000 
[Verified Entry Point]
  0x000001cc10c74f60: 8984 2400 | 80ff ff55 | 4881 eca0 | 0000 0090 | 4181 7f20 | 1300 0000 | 0f85 ec19 | 0000 4c89 
  0x000001cc10c74f80: 4424 3048 | 8bca 448b | 5a6c 458b | 430c 458b 

  0x000001cc10c74f90: ;   {metadata('java/lang/ThreadLocal')}
  0x000001cc10c74f90: 5008 4181 | fa58 0912 | 000f 8501 | 1100 0049 | 8bf3 4d8b | d049 8bc2 | 4d8b 9788 | 0300 0049 
  0x000001cc10c74fb0: 8b1a 448b | 4b4c 4585 | c90f 846e | 0d00 0041 | 8b69 1444 | 8b45 0c45 | 8bd0 41ff | ca44 2350 
  0x000001cc10c74fd0: 0c45 85c0 | 0f86 5e11 | 0000 468b | 4495 1090 | 4585 c074 | 1141 8b50 | 0c49 8bf8 | 4c8b c24c 
  0x000001cc10c74ff0: 3bc0 7452 | eb02 33ff | 4889 5c24 | 4848 8944 | 2440 4489 | 5c24 2848 | 894c 2420 | 498b d14c 
  0x000001cc10c75010: 8bc0 458b | ca48 8bee 

  0x000001cc10c75018: ;   {optimized virtual_call}
  0x000001cc10c75018: 6666 90e8 

  0x000001cc10c7501c: ; ImmutableOopMap {rbp=Oop [32]=Oop [40]=NarrowOop [48]=Oop [64]=Oop [72]=Oop }
                      ;*invokevirtual getEntryAfterMiss {reexecute=0 rethrow=0 return_oop=1}
                      ; - java.lang.ThreadLocal$ThreadLocalMap::getEntry@38 (line 504)
                      ; - java.lang.ThreadLocal::get@12 (line 187)
                      ; - java.lang.ThreadLocal::get@4 (line 172)
                      ; - org.gradle.internal.classloader.TransformErrorHandler::getLastErrorAndClear@4 (line 125)
                      ; - org.gradle.internal.classloader.TransformErrorHandler::enterClassLoadingScope@1 (line 67)
                      ; - org.gradle.internal.classloader.VisitableURLClassLoader$InstrumentingVisitableURLClassLoader::findClass@5 (line 184)
  0x000001cc10c7501c: a07e 63ff 

  0x000001cc10c75020: ;   {other}
  0x000001cc10c75020: 0f1f 8400 | 9004 0000 | 4885 c00f | 8492 0600 | 0048 8bf8 | 488b 4c24 | 2044 8b5c | 2428 488b 
  0x000001cc10c75040: f548 8b5c | 2448 448b | 471c 498b | c048 85c0 | 0f84 c90a | 0000 448b | 5008 660f | 1f44 0000 
  0x000001cc10c75060: ;   {metadata('java/lang/ClassNotFoundException')}
  0x000001cc10c75060: 4181 fa88 | 9306 000f | 85fb 1000 | 004c 8be8 | 458b 430c 

  0x000001cc10c75074: ; implicit exception: dispatches to 0x000001cc10c76670
  0x000001cc10c75074: 458b 5008 | 0f1f 8400 | 0000 0000 

  0x000001cc10c75080: ;   {metadata('java/lang/ThreadLocal')}
  0x000001cc10c75080: 4181 fa58 | 0912 000f | 8533 1000 | 008b 6b4c | 85ed 0f84 | e60c 0000 | 448b 4d14 | 0f1f 4000 
  0x000001cc10c750a0: ; implicit exception: dispatches to 0x000001cc10c76688
  0x000001cc10c750a0: 418b 790c | 498b c044 | 8bc7 41ff | c844 2340 | 0c85 ff0f | 864b 1000 | 0047 8b54 | 8110 6690 
  0x000001cc10c750c0: 4585 d20f | 84bd 0c00 | 0049 8bd2 | 4c8b d54d | 8bf1 c4c1 | f96e c645 | 33f6 4889 | 4c24 3844 
  0x000001cc10c750e0: 895c 246c | 4889 7424 | 284c 8974 | 2470 4889 | 5c24 784c | 896c 2448 | 896c 2450 | 4489 4424 
  0x000001cc10c75100: 244c 8954 | 2440 eb2f | 33ed 660f | 1f44 0000 | 3bef 0f83 | 760c 0000 | 458b 5ca9 | 104d 8b97 
  0x000001cc10c75120: ; ImmutableOopMap {r11=NarrowOop r9=NarrowOop rax=Oop xmm0=Oop [40]=Oop [48]=Oop [56]=Oop [64]=Oop [72]=Oop [80]=NarrowOop [108]=NarrowOop [120]=Oop }
                      ;*goto {reexecute=1 rethrow=0 return_oop=0}
                      ; - (reexecute) java.lang.ThreadLocal$ThreadLocalMap::remove@64 (line 578)
                      ; - java.lang.ThreadLocal::remove@12 (line 294)
                      ; - java.lang.ThreadLocal::remove@4 (line 283)
                      ; - org.gradle.internal.classloader.TransformErrorHandler::getLastErrorAndClear@15 (line 126)
                      ; - org.gradle.internal.classloader.TransformErrorHandler::enterClassLoadingScope@1 (line 67)
                      ; - org.gradle.internal.classloader.VisitableURLClassLoader$InstrumentingVisitableURLClassLoader::findClass@5 (line 184)
  0x000001cc10c75120: 5804 0000 

  0x000001cc10c75124: ;   {poll}
  0x000001cc10c75124: 4185 0245 | 85db 0f84 | cf0b 0000 | 498b d389 | 6c24 2444 | 8b52 0c8b | 6c24 24ff | c589 6c24 
  0x000001cc10c75144: 204c 3bd0 | 0f84 5700 | 0000 3bef | 7db6 ebbc | 33db 6666 | 0f1f 8400 | 0000 0000 | 3bde 0f83 
  0x000001cc10c75164: b80d 0000 | 448b 449f | 1049 8b8f 

  0x000001cc10c75170: ; ImmutableOopMap {r10=Oop r11=Oop r8=NarrowOop r9=Oop rdi=NarrowOop rax=Oop rbp=NarrowOop r13=Oop }
                      ;*goto {reexecute=1 rethrow=0 return_oop=0}
                      ; - (reexecute) java.lang.ThreadLocal$ThreadLocalMap::remove@64 (line 578)
                      ; - java.lang.ThreadLocal::remove@12 (line 294)
                      ; - java.lang.ThreadLocal::remove@4 (line 283)
                      ; - org.gradle.internal.classloader.TransformErrorHandler::getLastErrorAndClear@15 (line 126)
                      ; - org.gradle.internal.classloader.TransformErrorHandler::exitClassLoadingScope@1 (line 102)
                      ; - org.gradle.internal.classloader.VisitableURLClassLoader$InstrumentingVisitableURLClassLoader::findClass@31 (line 191)
  0x000001cc10c75170: 5804 0000 

  0x000001cc10c75174: ;   {poll}
  0x000001cc10c75174: 8501 4585 | c00f 8422 | 0500 0049 | 8bd0 448b | c3e9 a703 | 0000 448b | 9424 8000 | 0000 8b74 
  0x000001cc10c75194: 2424 8b5c | 2468 4c8b | 4424 5890 | e99c 0000 | 0048 8b6c 

  0x000001cc10c751a8: ;   {optimized virtual_call}
  0x000001cc10c751a8: 2430 90e8 

  0x000001cc10c751ac: ; ImmutableOopMap {rbp=Oop [40]=Oop [48]=Oop [56]=Oop [64]=Oop [72]=Oop [80]=NarrowOop [108]=NarrowOop [120]=Oop }
                      ;*invokevirtual clear0 {reexecute=0 rethrow=0 return_oop=0}
                      ; - java.lang.ref.Reference::clear@1 (line 398)
                      ; - java.lang.ThreadLocal$ThreadLocalMap::remove@40 (line 580)
                      ; - java.lang.ThreadLocal::remove@12 (line 294)
                      ; - java.lang.ThreadLocal::remove@4 (line 283)
                      ; - org.gradle.internal.classloader.TransformErrorHandler::getLastErrorAndClear@15 (line 126)
                      ; - org.gradle.internal.classloader.TransformErrorHandler::enterClassLoadingScope@1 (line 67)
                      ; - org.gradle.internal.classloader.VisitableURLClassLoader$InstrumentingVisitableURLClassLoader::findClass@5 (line 184)
  0x000001cc10c751ac: 90cf 4eff 

  0x000001cc10c751b0: ;   {other}
  0x000001cc10c751b0: 0f1f 8400 | 2006 0003 | 448b 5424 | 5041 8b7a | 148b 770c | 8b6c 2424 | 3bee 0f83 | e40d 0000 
  0x000001cc10c751d0: 8b5c af10 | 85db 0f84 | 0c0e 0000 | 0f1f 4000 | 4180 7f40 | 000f 851d | 0a00 0041 | 807f 4000 
  0x000001cc10c751f0: 0f85 590a | 0000 448b | 6c24 200f | 1f44 0000 | 443b ee0f | 8d70 0500 | 0044 8964 | af10 4489 
  0x000001cc10c75210: 631c 458b | 5a0c 41ff | cb45 895a | 0c66 6690 | 443b ee0f | 83d7 0d00 | 0046 8b44 | af10 4585 
  0x000001cc10c75230: c00f 84a7 | 0000 004d | 8bd8 8bde | ffcb 4c8b | c741 8b6b | 0c41 807f | 4000 0f85 | 2f08 0000 
  0x000001cc10c75250: 4489 9424 | 8000 0000 | 448b f789 | 7424 244c | 895c 2460 | 895c 2468 | 4c89 4424 | 5844 8b5d 
  0x000001cc10c75270: 0849 ba00 | 0000 18cc | 0100 004d | 03d3 4d8b 

  0x000001cc10c75280: ;   {metadata('java/lang/ThreadLocal')}
  0x000001cc10c75280: 5238 49bb | 5809 1218 | cc01 0000 | 4d3b d30f | 8563 0c00 | 004c 8bd5 | 448b 4c24 | 6845 234a 
  0x000001cc10c752a0: 0c45 3bcd | 0f85 e204 | 0000 41ff | c544 3b6c | 2424 0f8d | b204 0000 | 4d8b 9758 

  0x000001cc10c752bc: ; ImmutableOopMap {r14=NarrowOop [40]=Oop [48]=Oop [56]=Oop [64]=Oop [72]=Oop [88]=Oop [108]=NarrowOop [120]=Oop [128]=NarrowOop }
                      ;*goto {reexecute=1 rethrow=0 return_oop=0}
                      ; - (reexecute) java.lang.ThreadLocal$ThreadLocalMap::expungeStaleEntry@140 (line 683)
                      ; - java.lang.ThreadLocal$ThreadLocalMap::remove@46 (line 581)
                      ; - java.lang.ThreadLocal::remove@12 (line 294)
                      ; - java.lang.ThreadLocal::remove@4 (line 283)
                      ; - org.gradle.internal.classloader.TransformErrorHandler::getLastErrorAndClear@15 (line 126)
                      ; - org.gradle.internal.classloader.TransformErrorHandler::enterClassLoadingScope@1 (line 67)
                      ; - org.gradle.internal.classloader.VisitableURLClassLoader$InstrumentingVisitableURLClassLoader::findClass@5 (line 184)
                      ;   {poll}
  0x000001cc10c752bc: 0400 0041 | 8502 443b | 6c24 240f | 83d8 0b00 | 0041 8bfe | 478b 5cae | 1045 85db | 0f85 acfe 
  0x000001cc10c752dc: ffff 488b | 4c24 3844 | 8b5c 246c | 4c8b 4c24 | 7048 8b5c | 2478 4c8b | 6c24 4866 | 0f1f 8400 
  0x000001cc10c752fc: 0000 0000 | 4d85 ed0f | 85db 0d00 | 0049 8b87 | b801 0000 | 4c8b d049 | 83c2 1866 | 0f1f 8400 
  0x000001cc10c7531c: 0000 0000 | 4d3b 97c8 | 0100 000f | 8318 0a00 | 004d 8997 | b801 0000 | 410f 0d8a | c000 0000 
  0x000001cc10c7533c: 48c7 0001 

  0x000001cc10c75340: ;   {metadata('java/net/URLClassLoader$1')}
  0x000001cc10c75340: 0000 00c7 | 4008 388c | 0401 4489 | 6014 4c8b | d94c 8b54 | 2430 4d8b | c244 8940 | 0c44 8958 
  0x000001cc10c75360: 1044 8b59 | 5845 85db | 0f84 eb03 | 0000 4889 | 4424 4048 | 895c 2438 | 4c89 4c24 | 304c 8954 
  0x000001cc10c75380: 2428 4889 | 4c24 2049 | 8beb 488b 

  0x000001cc10c7538c: ;   {static_call}
  0x000001cc10c7538c: d566 90e8 

  0x000001cc10c75390: ; ImmutableOopMap {rbp=Oop [32]=Oop [40]=Oop [56]=Oop [64]=Oop }
                      ;*invokestatic ensureMaterializedForStackWalk {reexecute=0 rethrow=0 return_oop=0}
                      ; - java.security.AccessController::executePrivileged@5 (line 812)
                      ; - java.security.AccessController::doPrivileged@13 (line 714)
                      ; - java.net.URLClassLoader::findClass@13 (line 420)
                      ; - org.gradle.internal.classloader.VisitableURLClassLoader$InstrumentingVisitableURLClassLoader::findClass@10 (line 187)
  0x000001cc10c75390: 4c26 50ff 

  0x000001cc10c75394: ;   {other}
  0x000001cc10c75394: 0f1f 8400 | 0408 0005 | 488b 4c24 | 204c 8b54 | 2428 488b | 4424 404c | 8954 2428 | 4889 4c24 
  0x000001cc10c753b4: 2048 8bd0 

  0x000001cc10c753b8: ;   {optimized virtual_call}
  0x000001cc10c753b8: 6666 90e8 

  0x000001cc10c753bc: ; ImmutableOopMap {rbp=Oop [32]=Oop [40]=Oop [56]=Oop }
                      ;*invokeinterface run {reexecute=0 rethrow=0 return_oop=1}
                      ; - java.security.AccessController::executePrivileged@29 (line 816)
                      ; - java.security.AccessController::doPrivileged@13 (line 714)
                      ; - java.net.URLClassLoader::findClass@13 (line 420)
                      ; - org.gradle.internal.classloader.VisitableURLClassLoader$InstrumentingVisitableURLClassLoader::findClass@10 (line 187)
  0x000001cc10c753bc: 8042 aaff 

  0x000001cc10c753c0: ;   {other}
  0x000001cc10c753c0: 0f1f 8400 | 3008 0006 | 4889 4424 | 4048 8bd0 

  0x000001cc10c753d0: ;   {static_call}
  0x000001cc10c753d0: 6666 90e8 

  0x000001cc10c753d4: ; ImmutableOopMap {rbp=Oop [32]=Oop [40]=Oop [56]=Oop [64]=Oop }
                      ;*invokestatic ensureMaterializedForStackWalk {reexecute=0 rethrow=0 return_oop=0}
                      ; - java.security.AccessController::executePrivileged@56 (line 824)
                      ; - java.security.AccessController::doPrivileged@13 (line 714)
                      ; - java.net.URLClassLoader::findClass@13 (line 420)
                      ; - org.gradle.internal.classloader.VisitableURLClassLoader$InstrumentingVisitableURLClassLoader::findClass@10 (line 187)
  0x000001cc10c753d4: 0826 50ff 

  0x000001cc10c753d8: ;   {other}
  0x000001cc10c753d8: 0f1f 8400 | 4808 0007 | 4c8b 5424 | 404d 85d2 | 0f84 3907 | 0000 458b 

  0x000001cc10c753f0: ;   {metadata('java/lang/Class')}
  0x000001cc10c753f0: 5a08 4181 | fb50 6b00 | 000f 85b5 | 1100 004d | 8bca 4c8b | 5424 2041 | 8b4a 6c8b | 790c 448b 
  0x000001cc10c75410: ;   {metadata('java/lang/ThreadLocal')}
  0x000001cc10c75410: 5f08 4181 | fb58 0912 | 000f 8565 | 0d00 0048 | 8b5c 2438 | 448b 434c | 4c8b d749 | 8bf2 488b 
  0x000001cc10c75430: d145 85c0 | 0f84 fd08 | 0000 418b | 6814 6690 

  0x000001cc10c75440: ; implicit exception: dispatches to 0x000001cc10c76730
  0x000001cc10c75440: 448b 550c | 458b da41 | ffcb 4423 | 5e0c 4585 | d20f 86b9 | 0d00 0042 | 8b7c 9d10 | 0f1f 4000 
  0x000001cc10c75460: 85ff 740b | 448b 570c | 4c3b d674 | 4beb 0233 | ff48 8954 | 2440 4889 | 7424 3889 | 4c24 284c 
  0x000001cc10c75480: 894c 2420 | 488b eb49 | 8bd0 4c8b | c645 8bcb 

  0x000001cc10c75490: ;   {optimized virtual_call}
  0x000001cc10c75490: 6666 90e8 

  0x000001cc10c75494: ; ImmutableOopMap {rbp=Oop [32]=Oop [40]=NarrowOop [56]=Oop [64]=Oop }
                      ;*invokevirtual getEntryAfterMiss {reexecute=0 rethrow=0 return_oop=1}
                      ; - java.lang.ThreadLocal$ThreadLocalMap::getEntry@38 (line 504)
                      ; - java.lang.ThreadLocal::get@12 (line 187)
                      ; - java.lang.ThreadLocal::get@4 (line 172)
                      ; - org.gradle.internal.classloader.TransformErrorHandler::getLastErrorAndClear@4 (line 125)
                      ; - org.gradle.internal.classloader.TransformErrorHandler::exitClassLoadingScope@1 (line 102)
                      ; - org.gradle.internal.classloader.VisitableURLClassLoader$InstrumentingVisitableURLClassLoader::findClass@31 (line 191)
  0x000001cc10c75494: 287a 63ff 

  0x000001cc10c75498: ;   {other}
  0x000001cc10c75498: 0f1f 8400 | 0809 0008 | 4885 c00f | 846a 0200 | 0048 8bf8 | 488b dd4c | 8b4c 2420 | 8b4c 2428 
  0x000001cc10c754b8: 448b 5f1c | 498b c390 | 4885 c00f | 84ca 0700 | 0044 8b50 

  0x000001cc10c754cc: ;   {metadata('java/lang/ClassNotFoundException')}
  0x000001cc10c754cc: 0841 81fa | 8893 0600 | 0f85 620d | 0000 4c8b | d044 8b59 | 0c45 8b43 

  0x000001cc10c754e4: ;   {metadata('java/lang/ThreadLocal')}
  0x000001cc10c754e4: 0841 81f8 | 5809 1200 | 0f85 b20c | 0000 8b6b | 4c85 ed0f | 84a4 0100 | 008b 7d14 

  0x000001cc10c75500: ; implicit exception: dispatches to 0x000001cc10c76718
  0x000001cc10c75500: 8b77 0c4d | 8beb 448b | c641 ffc8 | 4523 450c | 85f6 0f86 | c80c 0000 | 428b 4c87 | 1066 6690 
  0x000001cc10c75520: 85c9 0f84 | 7901 0000 | 488b d148 | 8bc5 4c8b | df8b 4a0c | 418b d8ff | c30f 1f80 | 0000 0000 
  0x000001cc10c75540: 493b cd0f | 85ba 0000 | 0089 5c24 | 3448 8944 | 2438 4489 | 4424 304c | 894c 2428 | 4c89 5424 
  0x000001cc10c75560: ;   {optimized virtual_call}
  0x000001cc10c75560: 2066 90e8 

  0x000001cc10c75564: ; ImmutableOopMap {rbp=NarrowOop [32]=Oop [40]=Oop [56]=Oop }
                      ;*invokevirtual clear0 {reexecute=0 rethrow=0 return_oop=0}
                      ; - java.lang.ref.Reference::clear@1 (line 398)
                      ; - java.lang.ThreadLocal$ThreadLocalMap::remove@40 (line 580)
                      ; - java.lang.ThreadLocal::remove@12 (line 294)
                      ; - java.lang.ThreadLocal::remove@4 (line 283)
                      ; - org.gradle.internal.classloader.TransformErrorHandler::getLastErrorAndClear@15 (line 126)
                      ; - org.gradle.internal.classloader.TransformErrorHandler::exitClassLoadingScope@1 (line 102)
                      ; - org.gradle.internal.classloader.VisitableURLClassLoader$InstrumentingVisitableURLClassLoader::findClass@31 (line 191)
  0x000001cc10c75564: d8cb 4eff 

  0x000001cc10c75568: ;   {other}
  0x000001cc10c75568: 0f1f 8400 | d809 0009 | 448b dd44 | 8b4d 1445 | 8b41 0c8b | 6c24 3090 | 413b e80f | 83af 0a00 
  0x000001cc10c75588: 0041 8b74 | a910 85f6 | 0f84 c60a | 0000 6666 | 0f1f 8400 | 0000 0000 | 4180 7f40 | 000f 8522 
  0x000001cc10c755a8: 0700 0041 | 807f 4000 | 0f85 e706 | 0000 8b5c | 2434 660f | 1f44 0000 | 413b d80f | 8dbc 0100 
  0x000001cc10c755c8: 0045 8964 | a910 4489 | 661c 458b | 530c 41ff | ca45 8953 | 0c66 6690 | 413b d80f | 838b 0a00 
  0x000001cc10c755e8: 0041 8b4c | 9910 85c9 | 0f84 a100 | 0000 488b | f141 8bd0 | ffca 498b | c1eb 103b | de0f 8d49 
  0x000001cc10c75608: fbff ffe9 | 50fb ffff | 498b f28b | 6e0c 6666 | 0f1f 8400 | 0000 0000 | 4180 7f40 | 000f 85c5 
  0x000001cc10c75628: 0400 008b | 4d08 49ba | 0000 0018 | cc01 0000 | 4c03 d14d 

  0x000001cc10c7563c: ;   {metadata('java/lang/ThreadLocal')}
  0x000001cc10c7563c: 8b52 3848 | b958 0912 | 18cc 0100 | 004c 3bd1 | 0f85 ba08 | 0000 488b | cd44 8bd2 | 4423 510c 
  0x000001cc10c7565c: 0f1f 4000 | 443b d30f | 856f 0100 | 00ff c341 | 3bd8 0f8d | fe00 0000 | 4d8b 9758 

  0x000001cc10c75678: ; ImmutableOopMap {r11=NarrowOop r9=NarrowOop rax=Oop [32]=Oop [40]=Oop [56]=Oop }
                      ;*goto {reexecute=1 rethrow=0 return_oop=0}
                      ; - (reexecute) java.lang.ThreadLocal$ThreadLocalMap::expungeStaleEntry@140 (line 683)
                      ; - java.lang.ThreadLocal$ThreadLocalMap::remove@46 (line 581)
                      ; - java.lang.ThreadLocal::remove@12 (line 294)
                      ; - java.lang.ThreadLocal::remove@4 (line 283)
                      ; - org.gradle.internal.classloader.TransformErrorHandler::getLastErrorAndClear@15 (line 126)
                      ; - org.gradle.internal.classloader.TransformErrorHandler::exitClassLoadingScope@1 (line 102)
                      ; - org.gradle.internal.classloader.VisitableURLClassLoader$InstrumentingVisitableURLClassLoader::findClass@31 (line 191)
                      ;   {poll}
  0x000001cc10c75678: 0400 0041 | 8502 6690 | 413b d80f | 8343 0800 | 0045 8b54 | 9910 4585 | d20f 8579 | ffff ff4c 
  0x000001cc10c75698: 8b54 2420 | 4c8b 4c24 | 284d 85d2 | 0f85 1a0b | 0000 498b | c148 81c4 | a000 0000 

  0x000001cc10c756b4: ;   {poll_return}
  0x000001cc10c756b4: 5d49 3ba7 | 5004 0000 | 0f87 9212 | 0000 c348 | 8b4c 2420 | 488b f548 | 8b44 2440 | 488b 5c24 
  0x000001cc10c756d4: 4848 895c | 2440 488b | d048 8974 | 2438 4889 | 4c24 204c | 8bc3 488b 

  0x000001cc10c756ec: ;   {optimized virtual_call}
  0x000001cc10c756ec: ee66 90e8 

  0x000001cc10c756f0: ; ImmutableOopMap {rbp=Oop [32]=Oop [40]=NarrowOop [48]=Oop [56]=Oop [64]=Oop }
                      ;*invokevirtual setInitialValue {reexecute=0 rethrow=0 return_oop=1}
                      ; - java.lang.ThreadLocal::get@31 (line 194)
                      ; - java.lang.ThreadLocal::get@4 (line 172)
                      ; - org.gradle.internal.classloader.TransformErrorHandler::getLastErrorAndClear@4 (line 125)
                      ; - org.gradle.internal.classloader.TransformErrorHandler::enterClassLoadingScope@1 (line 67)
                      ; - org.gradle.internal.classloader.VisitableURLClassLoader$InstrumentingVisitableURLClassLoader::findClass@5 (line 184)
  0x000001cc10c756f0: cccc 0200 

  0x000001cc10c756f4: ;   {other}
  0x000001cc10c756f4: 0f1f 8400 | 640b 000b | 488b 4c24 | 2044 8b5c | 2428 488b | f548 8b5c | 2440 e93a | f9ff ff48 
  0x000001cc10c75714: 8bdd 4c8b | 4c24 2048 | 8b74 2438 | 488b 5424 | 4048 8954 | 2438 4c89 | 4c24 2048 | 8beb 488b 
  0x000001cc10c75734: d64c 8bc3 

  0x000001cc10c75738: ;   {optimized virtual_call}
  0x000001cc10c75738: 6666 90e8 

  0x000001cc10c7573c: ; ImmutableOopMap {rbp=Oop [32]=Oop [40]=NarrowOop [56]=Oop }
                      ;*invokevirtual setInitialValue {reexecute=0 rethrow=0 return_oop=1}
                      ; - java.lang.ThreadLocal::get@31 (line 194)
                      ; - java.lang.ThreadLocal::get@4 (line 172)
                      ; - org.gradle.internal.classloader.TransformErrorHandler::getLastErrorAndClear@4 (line 125)
                      ; - org.gradle.internal.classloader.TransformErrorHandler::exitClassLoadingScope@1 (line 102)
                      ; - org.gradle.internal.classloader.VisitableURLClassLoader$InstrumentingVisitableURLClassLoader::findClass@31 (line 191)
  0x000001cc10c7573c: 80cc 0200 

  0x000001cc10c75740: ;   {other}
  0x000001cc10c75740: 0f1f 8400 | b00b 000c | 488b dd4c | 8b4c 2420 | 8b4c 2428 | e966 fdff | ff33 ed4c | 894c 2430 
  0x000001cc10c75760: 4889 5c24 | 38e9 41fc | ffff 4533 | ede9 46fb | ffff 33db | e9fb feff | ff45 33ed | 0f1f 4000 
  0x000001cc10c75780: e984 faff | ff33 dbe9 | 3dfe ffff | 418b dd44 | 3b6c 2424 | 0f83 de0b | 0000 660f | 1f44 0000 
  0x000001cc10c757a0: 4180 7f40 | 000f 8505 | 0600 0045 | 8bd6 4789 | 64aa 108b | 4c24 2485 | c90f 8691 | 0c00 0090 
  0x000001cc10c757c0: 473b 648a | 100f 8452 | 0500 0044 | 8994 2484 | 0000 00e9 | 6100 0000 | 0f1f 8400 | 0000 0000 
  0x000001cc10c757e0: 413b d80f | 83ff 0b00 | 0041 807f | 4000 0f85 | 4006 0000 | 4589 6499 | 100f 1f80 | 0000 0000 
  0x000001cc10c75800: 4585 c00f | 868b 0c00 | 0047 3b64 | 9110 0f84 | 1105 0000 | 4489 5c24 | 3444 894c | 2450 8954 
  0x000001cc10c75820: 2454 e93d | 0100 0066 | 0f1f 8400 | 0000 0000 | 8bdd 8b4c | 2420 448b | c889 4c24 

  0x000001cc10c7583c: ;   {no_reloc}
  0x000001cc10c7583c: 208b eb41 | 8bd1 448b 

  0x000001cc10c75844: ;   {static_call}
  0x000001cc10c75844: c166 90e8 

  0x000001cc10c75848: ; ImmutableOopMap {[40]=Oop [48]=Oop [56]=Oop [64]=Oop [72]=Oop [88]=Oop [96]=Oop [108]=NarrowOop [120]=Oop [128]=NarrowOop [132]=NarrowOop }
                      ;*invokestatic nextIndex {reexecute=0 rethrow=0 return_oop=0}
                      ; - java.lang.ThreadLocal$ThreadLocalMap::expungeStaleEntry@118 (line 697)
                      ; - java.lang.ThreadLocal$ThreadLocalMap::remove@46 (line 581)
                      ; - java.lang.ThreadLocal::remove@12 (line 294)
                      ; - java.lang.ThreadLocal::remove@4 (line 283)
                      ; - org.gradle.internal.classloader.TransformErrorHandler::getLastErrorAndClear@15 (line 126)
                      ; - org.gradle.internal.classloader.TransformErrorHandler::enterClassLoadingScope@1 (line 67)
                      ; - org.gradle.internal.classloader.VisitableURLClassLoader$InstrumentingVisitableURLClassLoader::findClass@5 (line 184)
  0x000001cc10c75848: 3452 5aff 

  0x000001cc10c7584c: ;   {other}
  0x000001cc10c7584c: 0f1f 8400 | bc0c 000d | 4d8b 9f58 

  0x000001cc10c75858: ; ImmutableOopMap {[40]=Oop [48]=Oop [56]=Oop [64]=Oop [72]=Oop [88]=Oop [96]=Oop [108]=NarrowOop [120]=Oop [128]=NarrowOop [132]=NarrowOop }
                      ;*goto {reexecute=1 rethrow=0 return_oop=0}
                      ; - (reexecute) java.lang.ThreadLocal$ThreadLocalMap::expungeStaleEntry@123 (line 697)
                      ; - java.lang.ThreadLocal$ThreadLocalMap::remove@46 (line 581)
                      ; - java.lang.ThreadLocal::remove@12 (line 294)
                      ; - java.lang.ThreadLocal::remove@4 (line 283)
                      ; - org.gradle.internal.classloader.TransformErrorHandler::getLastErrorAndClear@15 (line 126)
                      ; - org.gradle.internal.classloader.TransformErrorHandler::enterClassLoadingScope@1 (line 67)
                      ; - org.gradle.internal.classloader.VisitableURLClassLoader$InstrumentingVisitableURLClassLoader::findClass@5 (line 184)
                      ;   {poll}
  0x000001cc10c75858: 0400 0041 | 8503 448b | c03b 4424 | 200f 83be | 0a00 0044 | 8b94 2484 | 0000 0045 | 3b64 8210 
  0x000001cc10c75878: 75b6 8bdd | 8b4c 2420 | 443b c10f | 8327 0b00 | 004b 8d7c | 8210 4180 | 7f40 000f | 855f 0500 
  0x000001cc10c75898: 0044 8beb | 458b f289 | 4c24 244c | 8bc7 4c8b | 5424 604d | 8bda 4489 | 1f4d 33d0 | 49c1 ea14 
  0x000001cc10c758b8: 0f1f 8400 | 0000 0000 | 4d85 d20f | 84e1 f9ff | ff49 c1e8 | 0948 b900 | 001d 7acc | 0100 0049 
  0x000001cc10c758d8: 03c8 660f | 1f44 0000 | 8039 020f | 84c1 f9ff | ff4d 8b57 | 484d 8b5f | 58f0 8344 | 24c0 0066 
  0x000001cc10c758f8: 0f1f 8400 | 0000 0000 | 8039 000f | 84a1 f9ff | ff44 8821 | 4d85 d275 | 1d49 8bd7 | 49ba 1027 
  0x000001cc10c75918: fdfa fe7f | 0000 41ff 

  0x000001cc10c75920: ;   {other}
  0x000001cc10c75920: d20f 1f84 | 0000 0000 | 00e9 7cf9 | ffff 4b89 | 4c13 f849 | 83c2 f84d | 8957 480f | 1f44 0000 
  0x000001cc10c75940: e965 f9ff | ff66 6666 | 0f1f 8400 | 0000 0000 | 448b d08b | dd44 8b44 | 2430 488b | 7424 4048 
  0x000001cc10c75960: 8b44 2448 | 4889 4424 | 4848 8974 | 2440 4489 | 4424 308b | eb41 8bd2 

  0x000001cc10c75978: ;   {static_call}
  0x000001cc10c75978: 6666 90e8 

  0x000001cc10c7597c: ; ImmutableOopMap {[32]=Oop [40]=Oop [52]=NarrowOop [56]=Oop [64]=Oop [72]=Oop [80]=NarrowOop }
                      ;*invokestatic nextIndex {reexecute=0 rethrow=0 return_oop=0}
                      ; - java.lang.ThreadLocal$ThreadLocalMap::expungeStaleEntry@118 (line 697)
                      ; - java.lang.ThreadLocal$ThreadLocalMap::remove@46 (line 581)
                      ; - java.lang.ThreadLocal::remove@12 (line 294)
                      ; - java.lang.ThreadLocal::remove@4 (line 283)
                      ; - org.gradle.internal.classloader.TransformErrorHandler::getLastErrorAndClear@15 (line 126)
                      ; - org.gradle.internal.classloader.TransformErrorHandler::exitClassLoadingScope@1 (line 102)
                      ; - org.gradle.internal.classloader.VisitableURLClassLoader$InstrumentingVisitableURLClassLoader::findClass@31 (line 191)
  0x000001cc10c7597c: 0051 5aff 

  0x000001cc10c75980: ;   {other}
  0x000001cc10c75980: 0f1f 8400 | f00d 000f | 4d8b 9f58 

  0x000001cc10c7598c: ; ImmutableOopMap {[32]=Oop [40]=Oop [52]=NarrowOop [56]=Oop [64]=Oop [72]=Oop [80]=NarrowOop }
                      ;*goto {reexecute=1 rethrow=0 return_oop=0}
                      ; - (reexecute) java.lang.ThreadLocal$ThreadLocalMap::expungeStaleEntry@123 (line 697)
                      ; - java.lang.ThreadLocal$ThreadLocalMap::remove@46 (line 581)
                      ; - java.lang.ThreadLocal::remove@12 (line 294)
                      ; - java.lang.ThreadLocal::remove@4 (line 283)
                      ; - org.gradle.internal.classloader.TransformErrorHandler::getLastErrorAndClear@15 (line 126)
                      ; - org.gradle.internal.classloader.TransformErrorHandler::exitClassLoadingScope@1 (line 102)
                      ; - org.gradle.internal.classloader.VisitableURLClassLoader$InstrumentingVisitableURLClassLoader::findClass@31 (line 191)
                      ;   {poll}
  0x000001cc10c7598c: 0400 0041 | 8503 8bc8 | 3b44 2430 | 0f83 c209 | 0000 448b | 4c24 5045 | 3b64 8110 | 75a6 448b 
  0x000001cc10c759ac: 5c24 348b | dd44 8b44 | 2430 488b | 7424 408b | 5424 5448 | 8b44 2448 | 413b c80f | 834f 0a00 
  0x000001cc10c759cc: 0049 8d7c | 8910 4180 | 7f40 000f | 8591 0400 | 0048 8bef | 4c8b d644 | 8917 4c8b | d64c 33d5 
  0x000001cc10c759ec: 49c1 ea14 | 4d85 d20f | 8470 fcff | ff48 c1ed | 0948 b900 | 001d 7acc | 0100 0048 | 03cd 8039 
  0x000001cc10c75a0c: 020f 8456 | fcff ff4d | 8b57 4849 | 8b7f 58f0 | 8344 24c0 | 0080 3900 | 0f84 3ffc | ffff 4488 
  0x000001cc10c75a2c: 214d 85d2 | 753b 4c8b | e844 8bf2 | 418b f041 | 8be9 418b | fb49 8bd7 | 49ba 1027 | fdfa fe7f 
  0x000001cc10c75a4c: 0000 41ff 

  0x000001cc10c75a50: ;   {other}
  0x000001cc10c75a50: d20f 1f84 | 0000 0000 | 0044 8bdf | 448b cd44 | 8bc6 418b | d649 8bc5 | e9fc fbff | ff4a 894c 
  0x000001cc10c75a70: 17f8 4983 | c2f8 4d89 | 5748 e9ea | fbff ff90 | 85ed 744a | 4c89 4424 | 5889 5c24 | 504c 895c 
  0x000001cc10c75a90: 2420 448b | f741 8bfa | 4d8b 5728 | 488b cd90 | 4d85 d20f | 84a7 0400 | 004d 8b5f | 384b 894c 
  0x000001cc10c75ab0: 13f8 4983 | c2f8 4d89 | 5728 448b | d741 8bfe | 4c8b 5c24 | 208b 5c24 | 504c 8b44 | 2458 4489 
  0x000001cc10c75ad0: 9424 8000 | 0000 448b | f789 7424 | 244c 895c | 2460 895c | 2468 4c89 | 4424 58e9 | 7df7 ffff 
  0x000001cc10c75af0: 85ed 0f84 | 33fb ffff | 4d8b 5728 | 488b cd90 | 4d85 d20f | 8464 0400 | 0049 8b7f | 384a 894c 
  0x000001cc10c75b10: 17f8 4983 | c2f8 4d89 | 5728 e90c | fbff ff45 | 33ed e949 | f5ff ff49 | 8b87 b801 | 0000 4c8b 
  0x000001cc10c75b30: d049 83c2 | 2866 6666 | 0f1f 8400 | 0000 0000 | 4d3b 97c8 | 0100 000f | 83b8 0700 | 004d 8997 
  0x000001cc10c75b50: ;   {no_reloc}
  0x000001cc10c75b50: b801 0000 | 410f 0d8a | c000 0000 | 48c7 0001 

  0x000001cc10c75b60: ;   {metadata('java/lang/ClassNotFoundException')}
  0x000001cc10c75b60: 0000 00c7 | 4008 8893 | 0600 4489 | 600c 4c89 | 6010 4c89 | 6018 4c89 | 6020 488b | e848 8bd5 
  0x000001cc10c75b80: 4c8b 4424 

  0x000001cc10c75b84: ;   {optimized virtual_call}
  0x000001cc10c75b84: 2866 90e8 

  0x000001cc10c75b88: ; ImmutableOopMap {rbp=Oop [32]=Oop }
                      ;*invokespecial <init> {reexecute=0 rethrow=0 return_oop=0}
                      ; - java.net.URLClassLoader::findClass@41 (line 445)
                      ; - org.gradle.internal.classloader.VisitableURLClassLoader$InstrumentingVisitableURLClassLoader::findClass@10 (line 187)
  0x000001cc10c75b88: f48e f7fe 

  0x000001cc10c75b8c: ;   {other}
  0x000001cc10c75b8c: 0f1f 8400 | fc0f 0011 | 4c8b 5424 | 2045 8b52 | 6c66 6690 | 4585 d20f | 84f6 0900 | 0049 8bd2 
  0x000001cc10c75bac: ;   {optimized virtual_call}
  0x000001cc10c75bac: 6666 90e8 

  0x000001cc10c75bb0: ; ImmutableOopMap {rbp=Oop }
                      ;*invokespecial getLastErrorAndClear {reexecute=0 rethrow=0 return_oop=1}
                      ; - org.gradle.internal.classloader.TransformErrorHandler::exitClassLoadingScopeWithException@1 (line 115)
                      ; - org.gradle.internal.classloader.VisitableURLClassLoader$InstrumentingVisitableURLClassLoader::findClass@23 (line 189)
  0x000001cc10c75bb0: cc8e f7fe 

  0x000001cc10c75bb4: ;   {other}
  0x000001cc10c75bb4: 0f1f 8400 | 2410 0012 | 0f1f 4000 | 4885 c074 | 1348 8bd5 

  0x000001cc10c75bc8: ;   {static_call}
  0x000001cc10c75bc8: 4c8b c0e8 

  0x000001cc10c75bcc: ; ImmutableOopMap {rbp=Oop }
                      ;*invokestatic addSuppressedIfAvailable {reexecute=0 rethrow=0 return_oop=0}
                      ; - org.gradle.internal.classloader.TransformErrorHandler::exitClassLoadingScopeWithException@11 (line 117)
                      ; - org.gradle.internal.classloader.VisitableURLClassLoader$InstrumentingVisitableURLClassLoader::findClass@23 (line 189)
  0x000001cc10c75bcc: b094 f7fe 

  0x000001cc10c75bd0: ;   {other}
  0x000001cc10c75bd0: 0f1f 8400 | 4010 0013 

  0x000001cc10c75bd8: ;   {oop(a 'java/lang/Class'{0x00000000c072e620} = 'java/lang/ClassNotFoundException')}
  0x000001cc10c75bd8: 49b8 20e6 | 72c0 0000 | 0000 488b 

  0x000001cc10c75be4: ;   {static_call}
  0x000001cc10c75be4: d566 90e8 

  0x000001cc10c75be8: ; ImmutableOopMap {rbp=Oop }
                      ;*invokestatic propagateIfPossible {reexecute=0 rethrow=0 return_oop=0}
                      ; - org.gradle.internal.classloader.TransformErrorHandler::exitClassLoadingScopeWithException@17 (line 119)
                      ; - org.gradle.internal.classloader.VisitableURLClassLoader$InstrumentingVisitableURLClassLoader::findClass@23 (line 189)
  0x000001cc10c75be8: 9494 f7fe 

  0x000001cc10c75bec: ;   {other}
  0x000001cc10c75bec: 0f1f 8400 | 5c10 0014 | ba15 0000 

  0x000001cc10c75bf8: ;   {runtime_call UncommonTrapBlob}
  0x000001cc10c75bf8: 0066 90e8 

  0x000001cc10c75bfc: ; ImmutableOopMap {rbp=Oop }
                      ;*new {reexecute=0 rethrow=0 return_oop=0}
                      ; - org.gradle.internal.classloader.TransformErrorHandler::exitClassLoadingScopeWithException@20 (line 120)
                      ; - org.gradle.internal.classloader.VisitableURLClassLoader$InstrumentingVisitableURLClassLoader::findClass@23 (line 189)
  0x000001cc10c75bfc: 80e7 f7fe 

  0x000001cc10c75c00: ;   {other}
  0x000001cc10c75c00: 0f1f 8400 | 7010 0015 | 448b 431c | 4585 c00f | 84d6 f5ff | ff4d 8b5f | 2849 8bc8 | 0f1f 4000 
  0x000001cc10c75c20: 4d85 db0f | 8454 0600 | 0044 8bf6 | 8bf7 418b | fa4d 8b57 | 384b 894c | 1af8 4983 | c3f8 4d89 
  0x000001cc10c75c40: 5f28 448b | d78b fe41 | 8bf6 e99c | f5ff ff44 | 8b5c af10 | 4585 db0f | 8499 f5ff | ff4d 8b47 
  0x000001cc10c75c60: 2849 8bcb | 4d85 c00f | 84eb 0500 | 0044 8bf6 | 8bf7 418b | fa4d 8b57 | 384b 894c | 02f8 4983 
  0x000001cc10c75c80: c0f8 4d89 | 4728 448b | d78b fe41 | 8bf6 e963 | f5ff ff4c | 8b54 2430 | e940 f8ff | ff41 8b4c 
  0x000001cc10c75ca0: a910 85c9 | 0f84 0cf9 | ffff 4d8b | 5728 4d85 | d20f 841d | 0600 0049 | 8b5f 384a | 894c 13f8 
  0x000001cc10c75cc0: 4983 c2f8 | 4d89 5728 | e9e9 f8ff | ff8b 4e1c | 85c9 0f84 | d3f8 ffff | 4d8b 5728 | 0f1f 4000 
  0x000001cc10c75ce0: 4d85 d20f | 84bc 0500 | 0049 8b5f | 384a 894c | 13f8 4983 | c2f8 4d89 | 5728 e9ac 

  0x000001cc10c75cfc: ;   {no_reloc}
  0x000001cc10c75cfc: f8ff ff48 | 8b4c 2438 | 448b 5c24 | 6c4c 8b4c | 2470 488b | 5c24 784c | 8b6c 2448 | e9da f5ff 
  0x000001cc10c75d1c: ff45 8bc1 | e95b fbff | ff41 8bca | e997 fcff | ff44 895c | 2428 e99e | f9ff ff89 | 4c24 280f 
  0x000001cc10c75d3c: 1f44 0000 | e9e0 f9ff | ff48 895c | 2428 498b | e948 894c 

  0x000001cc10c75d50: ;   {metadata('java/net/URLClassLoader$1')}
  0x000001cc10c75d50: 2420 48ba | 388c 0419 | cc01 0000 

  0x000001cc10c75d5c: ;   {runtime_call _new_instance_Java}
  0x000001cc10c75d5c: 6666 90e8 

  0x000001cc10c75d60: ; ImmutableOopMap {[32]=Oop [40]=Oop [48]=Oop }
                      ;*new {reexecute=0 rethrow=0 return_oop=1}
                      ; - java.net.URLClassLoader::findClass@0 (line 420)
                      ; - org.gradle.internal.classloader.VisitableURLClassLoader$InstrumentingVisitableURLClassLoader::findClass@10 (line 187)
  0x000001cc10c75d60: 1c18 04ff 

  0x000001cc10c75d64: ;   {other}
  0x000001cc10c75d64: 0f1f 8400 | d411 0016 | 488b 4c24 | 204c 8bcd | 488b 5c24 | 28e9 d0f5 | ffff 4533 | c9e9 71f5 
  0x000001cc10c75d84: ffff 4533 | c9e9 69f5 | ffff bae4 | ffff ff48 | 8944 2420 | 897c 2458 | 4489 4c24 

  0x000001cc10c75da0: ;   {runtime_call UncommonTrapBlob}
  0x000001cc10c75da0: 5c66 90e8 

  0x000001cc10c75da4: ; ImmutableOopMap {[32]=Oop [48]=Oop [56]=Oop [72]=Oop [80]=NarrowOop [92]=NarrowOop [108]=NarrowOop }
                      ;*aaload {reexecute=0 rethrow=0 return_oop=0}
                      ; - java.lang.ThreadLocal$ThreadLocalMap::remove@61 (line 578)
                      ; - java.lang.ThreadLocal::remove@12 (line 294)
                      ; - java.lang.ThreadLocal::remove@4 (line 283)
                      ; - org.gradle.internal.classloader.TransformErrorHandler::getLastErrorAndClear@15 (line 126)
                      ; - org.gradle.internal.classloader.TransformErrorHandler::enterClassLoadingScope@1 (line 67)
                      ; - org.gradle.internal.classloader.VisitableURLClassLoader$InstrumentingVisitableURLClassLoader::findClass@5 (line 184)
  0x000001cc10c75da4: d8e5 f7fe 

  0x000001cc10c75da8: ;   {other}
  0x000001cc10c75da8: 0f1f 8400 | 1812 0017 | 458b d647 | 8b5c ae10 | 0f1f 8400 | 0000 0000 | 4585 db0f | 84e5 f9ff 
  0x000001cc10c75dc8: ff41 8bf9 | 4d8b 5728 | 498b cb4d | 85d2 0f84 | ec06 0000 | 4d8b 5f38 | 4b89 4c13 | f849 83c2 
  0x000001cc10c75de8: f84d 8957 | 2845 8bd6 | 448b cfe9 | b6f9 ffff | 894c 2424 | 458b f244 | 8beb 448b | 1745 85d2 
  0x000001cc10c75e08: 0f84 95fa | ffff 4d8b | 5f28 498b | ca4d 85db | 0f84 c706 | 0000 4d8b | 5738 4b89 | 4c1a f849 
  0x000001cc10c75e28: 83c3 f84d | 895f 28e9 | 6ffa ffff | 418b 7c99 | 100f 1f80 | 0000 0000 | 85ff 0f84 | acf9 ffff 
  0x000001cc10c75e48: 498b 6f28 | 488b cf48 | 85ed 0f84 | ad06 0000 | 498b 7f38 | 4889 4c2f | f848 83c5 | f849 896f 
  0x000001cc10c75e68: 28e9 86f9 | ffff 448b | 1745 85d2 | 0f84 63fb | ffff 498b | 6f28 498b | ca48 85ed | 0f84 ca06 
  0x000001cc10c75e88: 0000 4d8b | 5738 4989 | 4c2a f848 | 83c5 f849 | 896f 280f | 1f44 0000 | e938 fbff 

  0x000001cc10c75ea4: ;   {no_reloc}
  0x000001cc10c75ea4: ffba e4ff | ffff 4489 | 6c24 204c | 8b54 2438 | 4c89 5424 | 2844 8974 

  0x000001cc10c75ebc: ;   {runtime_call UncommonTrapBlob}
  0x000001cc10c75ebc: 2454 90e8 

  0x000001cc10c75ec0: ; ImmutableOopMap {[40]=Oop [48]=Oop [72]=Oop [84]=NarrowOop [108]=NarrowOop [128]=NarrowOop }
                      ;*aaload {reexecute=0 rethrow=0 return_oop=0}
                      ; - java.lang.ThreadLocal$ThreadLocalMap::expungeStaleEntry@39 (line 682)
                      ; - java.lang.ThreadLocal$ThreadLocalMap::remove@46 (line 581)
                      ; - java.lang.ThreadLocal::remove@12 (line 294)
                      ; - java.lang.ThreadLocal::remove@4 (line 283)
                      ; - org.gradle.internal.classloader.TransformErrorHandler::getLastErrorAndClear@15 (line 126)
                      ; - org.gradle.internal.classloader.TransformErrorHandler::enterClassLoadingScope@1 (line 67)
                      ; - org.gradle.internal.classloader.VisitableURLClassLoader$InstrumentingVisitableURLClassLoader::findClass@5 (line 184)
  0x000001cc10c75ec0: bce4 f7fe 

  0x000001cc10c75ec4: ;   {other}
  0x000001cc10c75ec4: 0f1f 8400 | 3413 0018 | bae4 ffff | ff48 8b6c | 2428 4489 | 5c24 2844 | 8944 2430 | 4489 4c24 
  0x000001cc10c75ee4: 3889 5c24 

  0x000001cc10c75ee8: ;   {runtime_call UncommonTrapBlob}
  0x000001cc10c75ee8: 3c66 90e8 

  0x000001cc10c75eec: ; ImmutableOopMap {rbp=Oop [32]=Oop [40]=NarrowOop [56]=NarrowOop }
                      ;*aaload {reexecute=0 rethrow=0 return_oop=0}
                      ; - java.lang.ThreadLocal$ThreadLocalMap::expungeStaleEntry@39 (line 682)
                      ; - java.lang.ThreadLocal$ThreadLocalMap::remove@46 (line 581)
                      ; - java.lang.ThreadLocal::remove@12 (line 294)
                      ; - java.lang.ThreadLocal::remove@4 (line 283)
                      ; - org.gradle.internal.classloader.TransformErrorHandler::getLastErrorAndClear@15 (line 126)
                      ; - org.gradle.internal.classloader.TransformErrorHandler::exitClassLoadingScope@1 (line 102)
                      ; - org.gradle.internal.classloader.VisitableURLClassLoader$InstrumentingVisitableURLClassLoader::findClass@31 (line 191)
  0x000001cc10c75eec: 90e4 f7fe 

  0x000001cc10c75ef0: ;   {other}
  0x000001cc10c75ef0: 0f1f 8400 | 6013 0019 | bade ffff 

  0x000001cc10c75efc: ;   {runtime_call UncommonTrapBlob}
  0x000001cc10c75efc: ff66 90e8 

  0x000001cc10c75f00: ; ImmutableOopMap {rbp=NarrowOop [48]=Oop [56]=Oop }
                      ;*checkcast {reexecute=0 rethrow=0 return_oop=0}
                      ; - java.lang.ThreadLocal$ThreadLocalMap::expungeStaleEntry@51 (line 684)
                      ; - java.lang.ThreadLocal$ThreadLocalMap::remove@46 (line 581)
                      ; - java.lang.ThreadLocal::remove@12 (line 294)
                      ; - java.lang.ThreadLocal::remove@4 (line 283)
                      ; - org.gradle.internal.classloader.TransformErrorHandler::getLastErrorAndClear@15 (line 126)
                      ; - org.gradle.internal.classloader.TransformErrorHandler::enterClassLoadingScope@1 (line 67)
                      ; - org.gradle.internal.classloader.VisitableURLClassLoader$InstrumentingVisitableURLClassLoader::findClass@5 (line 184)
  0x000001cc10c75f00: 7ce4 f7fe 

  0x000001cc10c75f04: ;   {other}
  0x000001cc10c75f04: 0f1f 8400 | 7413 001a | bade ffff 

  0x000001cc10c75f10: ;   {runtime_call UncommonTrapBlob}
  0x000001cc10c75f10: ff66 90e8 

  0x000001cc10c75f14: ; ImmutableOopMap {rbp=NarrowOop [40]=Oop }
                      ;*checkcast {reexecute=0 rethrow=0 return_oop=0}
                      ; - java.lang.ThreadLocal$ThreadLocalMap::expungeStaleEntry@51 (line 684)
                      ; - java.lang.ThreadLocal$ThreadLocalMap::remove@46 (line 581)
                      ; - java.lang.ThreadLocal::remove@12 (line 294)
                      ; - java.lang.ThreadLocal::remove@4 (line 283)
                      ; - org.gradle.internal.classloader.TransformErrorHandler::getLastErrorAndClear@15 (line 126)
                      ; - org.gradle.internal.classloader.TransformErrorHandler::exitClassLoadingScope@1 (line 102)
                      ; - org.gradle.internal.classloader.VisitableURLClassLoader$InstrumentingVisitableURLClassLoader::findClass@31 (line 191)
  0x000001cc10c75f14: 68e4 f7fe 

  0x000001cc10c75f18: ;   {other}
  0x000001cc10c75f18: 0f1f 8400 | 8813 001b | bae4 ffff | ff4c 894c | 2420 4c89 | 5424 284c | 896c 2430 | 8974 243c 
  0x000001cc10c75f38: 897c 2444 | 895c 2448 

  0x000001cc10c75f40: ;   {runtime_call UncommonTrapBlob}
  0x000001cc10c75f40: 6666 90e8 

  0x000001cc10c75f44: ; ImmutableOopMap {rbp=NarrowOop [32]=Oop [40]=Oop [48]=Oop [68]=NarrowOop }
                      ;*aaload {reexecute=0 rethrow=0 return_oop=0}
                      ; - java.lang.ThreadLocal$ThreadLocalMap::remove@61 (line 578)
                      ; - java.lang.ThreadLocal::remove@12 (line 294)
                      ; - java.lang.ThreadLocal::remove@4 (line 283)
                      ; - org.gradle.internal.classloader.TransformErrorHandler::getLastErrorAndClear@15 (line 126)
                      ; - org.gradle.internal.classloader.TransformErrorHandler::exitClassLoadingScope@1 (line 102)
                      ; - org.gradle.internal.classloader.VisitableURLClassLoader$InstrumentingVisitableURLClassLoader::findClass@31 (line 191)
  0x000001cc10c75f44: 38e4 f7fe 

  0x000001cc10c75f48: ;   {other}
  0x000001cc10c75f48: 0f1f 8400 | b813 001c | 498b d749 | ba30 27fd | fafe 7f00 | 0041 ffd2 

  0x000001cc10c75f60: ;   {other}
  0x000001cc10c75f60: 0f1f 8400 | 0000 0000 | e94d fbff | ff48 8944 | 2440 8954 | 2430 4c8b | f641 8bf0 | 458b e941 
  0x000001cc10c75f80: 8bfb 498b | d749 ba30 | 27fd fafe | 7f00 0041 

  0x000001cc10c75f90: ;   {other}
  0x000001cc10c75f90: ffd2 0f1f | 8400 0000 | 0000 448b | df45 8bcd | 448b c649 | 8bf6 8b54 | 2430 488b | 4424 40e9 
  0x000001cc10c75fb0: 77f6 ffff | bae4 ffff | ff4c 8b5c | 2438 4c89 | 5c24 284c | 8b5c 2448 | 4c89 5c24 | 4044 8954 
  0x000001cc10c75fd0: 2448 8974 | 2450 897c 

  0x000001cc10c75fd8: ;   {runtime_call UncommonTrapBlob}
  0x000001cc10c75fd8: 2454 90e8 

  0x000001cc10c75fdc: ; ImmutableOopMap {[40]=Oop [48]=Oop [64]=Oop [72]=NarrowOop [84]=NarrowOop [108]=NarrowOop }
                      ;*aaload {reexecute=0 rethrow=0 return_oop=0}
                      ; - java.lang.ThreadLocal$ThreadLocalMap::expungeStaleEntry@10 (line 674)
                      ; - java.lang.ThreadLocal$ThreadLocalMap::remove@46 (line 581)
                      ; - java.lang.ThreadLocal::remove@12 (line 294)
                      ; - java.lang.ThreadLocal::remove@4 (line 283)
                      ; - org.gradle.internal.classloader.TransformErrorHandler::getLastErrorAndClear@15 (line 126)
                      ; - org.gradle.internal.classloader.TransformErrorHandler::enterClassLoadingScope@1 (line 67)
                      ; - org.gradle.internal.classloader.VisitableURLClassLoader$InstrumentingVisitableURLClassLoader::findClass@5 (line 184)
  0x000001cc10c75fdc: a0e3 f7fe 

  0x000001cc10c75fe0: ;   {other}
  0x000001cc10c75fe0: 0f1f 8400 | 5014 001d | baf6 ffff | ff48 8b6c 

  0x000001cc10c75ff0: ;   {runtime_call UncommonTrapBlob}
  0x000001cc10c75ff0: 2438 90e8 

  0x000001cc10c75ff4: ; ImmutableOopMap {rbp=Oop [48]=Oop }
                      ;*putfield value {reexecute=1 rethrow=0 return_oop=0}
                      ; - (reexecute) java.lang.ThreadLocal$ThreadLocalMap::expungeStaleEntry@12 (line 674)
                      ; - java.lang.ThreadLocal$ThreadLocalMap::remove@46 (line 581)
                      ; - java.lang.ThreadLocal::remove@12 (line 294)
                      ; - java.lang.ThreadLocal::remove@4 (line 283)
                      ; - org.gradle.internal.classloader.TransformErrorHandler::getLastErrorAndClear@15 (line 126)
                      ; - org.gradle.internal.classloader.TransformErrorHandler::enterClassLoadingScope@1 (line 67)
                      ; - org.gradle.internal.classloader.VisitableURLClassLoader$InstrumentingVisitableURLClassLoader::findClass@5 (line 184)
  0x000001cc10c75ff4: 88e3 f7fe 

  0x000001cc10c75ff8: ;   {other}
  0x000001cc10c75ff8: 0f1f 8400 | 6814 001e | bae4 ffff | ff44 896c | 2420 4c8b | 5c24 384c | 895c 2428 | 4c8b 5c24 
  0x000001cc10c76018: 484c 895c | 2440 4489 | 5424 4889 | 7424 5089 

  0x000001cc10c76028: ;   {runtime_call UncommonTrapBlob}
  0x000001cc10c76028: 7c24 54e8 

  0x000001cc10c7602c: ; ImmutableOopMap {[40]=Oop [48]=Oop [64]=Oop [72]=NarrowOop [84]=NarrowOop [108]=NarrowOop }
                      ;*aaload {reexecute=0 rethrow=0 return_oop=0}
                      ; - java.lang.ThreadLocal$ThreadLocalMap::expungeStaleEntry@39 (line 682)
                      ; - java.lang.ThreadLocal$ThreadLocalMap::remove@46 (line 581)
                      ; - java.lang.ThreadLocal::remove@12 (line 294)
                      ; - java.lang.ThreadLocal::remove@4 (line 283)
                      ; - org.gradle.internal.classloader.TransformErrorHandler::getLastErrorAndClear@15 (line 126)
                      ; - org.gradle.internal.classloader.TransformErrorHandler::enterClassLoadingScope@1 (line 67)
                      ; - org.gradle.internal.classloader.VisitableURLClassLoader$InstrumentingVisitableURLClassLoader::findClass@5 (line 184)
  0x000001cc10c7602c: 50e3 f7fe 

  0x000001cc10c76030: ;   {other}
  0x000001cc10c76030: 0f1f 8400 | a014 001f | bae4 ffff | ff44 895c | 2430 4489 | 4424 3844 | 894c 243c 

  0x000001cc10c7604c: ;   {runtime_call UncommonTrapBlob}
  0x000001cc10c7604c: 6666 90e8 

  0x000001cc10c76050: ; ImmutableOopMap {[32]=Oop [40]=Oop [48]=NarrowOop [60]=NarrowOop }
                      ;*aaload {reexecute=0 rethrow=0 return_oop=0}
                      ; - java.lang.ThreadLocal$ThreadLocalMap::expungeStaleEntry@10 (line 674)
                      ; - java.lang.ThreadLocal$ThreadLocalMap::remove@46 (line 581)
                      ; - java.lang.ThreadLocal::remove@12 (line 294)
                      ; - java.lang.ThreadLocal::remove@4 (line 283)
                      ; - org.gradle.internal.classloader.TransformErrorHandler::getLastErrorAndClear@15 (line 126)
                      ; - org.gradle.internal.classloader.TransformErrorHandler::exitClassLoadingScope@1 (line 102)
                      ; - org.gradle.internal.classloader.VisitableURLClassLoader$InstrumentingVisitableURLClassLoader::findClass@31 (line 191)
  0x000001cc10c76050: 2ce3 f7fe 

  0x000001cc10c76054: ;   {other}
  0x000001cc10c76054: 0f1f 8400 | c414 0020 | baf6 ffff | ff48 8b6c 

  0x000001cc10c76064: ;   {runtime_call UncommonTrapBlob}
  0x000001cc10c76064: 2428 90e8 

  0x000001cc10c76068: ; ImmutableOopMap {rbp=Oop }
                      ;*putfield value {reexecute=1 rethrow=0 return_oop=0}
                      ; - (reexecute) java.lang.ThreadLocal$ThreadLocalMap::expungeStaleEntry@12 (line 674)
                      ; - java.lang.ThreadLocal$ThreadLocalMap::remove@46 (line 581)
                      ; - java.lang.ThreadLocal::remove@12 (line 294)
                      ; - java.lang.ThreadLocal::remove@4 (line 283)
                      ; - org.gradle.internal.classloader.TransformErrorHandler::getLastErrorAndClear@15 (line 126)
                      ; - org.gradle.internal.classloader.TransformErrorHandler::exitClassLoadingScope@1 (line 102)
                      ; - org.gradle.internal.classloader.VisitableURLClassLoader$InstrumentingVisitableURLClassLoader::findClass@31 (line 191)
  0x000001cc10c76068: 14e3 f7fe 

  0x000001cc10c7606c: ;   {other}
  0x000001cc10c7606c: 0f1f 8400 | dc14 0021 | bae4 ffff | ff48 8b6c | 2428 4489 | 5c24 2844 | 8944 2430 | 4489 4c24 
  0x000001cc10c7608c: 3889 5c24 

  0x000001cc10c76090: ;   {runtime_call UncommonTrapBlob}
  0x000001cc10c76090: 3c66 90e8 

  0x000001cc10c76094: ; ImmutableOopMap {rbp=Oop [32]=Oop [40]=NarrowOop [56]=NarrowOop }
                      ;*aaload {reexecute=0 rethrow=0 return_oop=0}
                      ; - java.lang.ThreadLocal$ThreadLocalMap::expungeStaleEntry@39 (line 682)
                      ; - java.lang.ThreadLocal$ThreadLocalMap::remove@46 (line 581)
                      ; - java.lang.ThreadLocal::remove@12 (line 294)
                      ; - java.lang.ThreadLocal::remove@4 (line 283)
                      ; - org.gradle.internal.classloader.TransformErrorHandler::getLastErrorAndClear@15 (line 126)
                      ; - org.gradle.internal.classloader.TransformErrorHandler::exitClassLoadingScope@1 (line 102)
                      ; - org.gradle.internal.classloader.VisitableURLClassLoader$InstrumentingVisitableURLClassLoader::findClass@31 (line 191)
  0x000001cc10c76094: e8e2 f7fe 

  0x000001cc10c76098: ;   {other}
  0x000001cc10c76098: 0f1f 8400 | 0815 0022 | bade ffff | ff48 8be9 | 4489 5c24 | 2c44 8944 

  0x000001cc10c760b0: ;   {runtime_call UncommonTrapBlob}
  0x000001cc10c760b0: 2438 90e8 

  0x000001cc10c760b4: ; ImmutableOopMap {rbp=Oop [44]=NarrowOop [48]=Oop [56]=NarrowOop }
                      ;*invokevirtual get {reexecute=0 rethrow=0 return_oop=0}
                      ; - org.gradle.internal.classloader.TransformErrorHandler::getLastErrorAndClear@4 (line 125)
                      ; - org.gradle.internal.classloader.TransformErrorHandler::enterClassLoadingScope@1 (line 67)
                      ; - org.gradle.internal.classloader.VisitableURLClassLoader$InstrumentingVisitableURLClassLoader::findClass@5 (line 184)
  0x000001cc10c760b4: c8e2 f7fe 

  0x000001cc10c760b8: ;   {other}
  0x000001cc10c760b8: 0f1f 8400 | 2815 0023 | bade ffff | ff48 8be9 | 4489 5c24 | 284c 896c | 2438 4489 

  0x000001cc10c760d4: ;   {runtime_call UncommonTrapBlob}
  0x000001cc10c760d4: 4424 2ce8 

  0x000001cc10c760d8: ; ImmutableOopMap {rbp=Oop [40]=NarrowOop [44]=NarrowOop [48]=Oop [56]=Oop }
                      ;*invokevirtual remove {reexecute=0 rethrow=0 return_oop=0}
                      ; - org.gradle.internal.classloader.TransformErrorHandler::getLastErrorAndClear@15 (line 126)
                      ; - org.gradle.internal.classloader.TransformErrorHandler::enterClassLoadingScope@1 (line 67)
                      ; - org.gradle.internal.classloader.VisitableURLClassLoader$InstrumentingVisitableURLClassLoader::findClass@5 (line 184)
  0x000001cc10c760d8: a4e2 f7fe 

  0x000001cc10c760dc: ;   {other}
  0x000001cc10c760dc: 0f1f 8400 | 4c15 0024 | ba54 ffff | ff48 8be9 | 4489 5c24 | 284c 896c 

  0x000001cc10c760f4: ;   {runtime_call UncommonTrapBlob}
  0x000001cc10c760f4: 2440 90e8 

  0x000001cc10c760f8: ; ImmutableOopMap {rbp=Oop [40]=NarrowOop [48]=Oop [64]=Oop }
                      ;*ifnull {reexecute=1 rethrow=0 return_oop=0}
                      ; - (reexecute) org.gradle.internal.classloader.TransformErrorHandler::enterClassLoadingScope@6 (line 68)
                      ; - org.gradle.internal.classloader.VisitableURLClassLoader$InstrumentingVisitableURLClassLoader::findClass@5 (line 184)
  0x000001cc10c760f8: 84e2 f7fe 

  0x000001cc10c760fc: ;   {other}
  0x000001cc10c760fc: 0f1f 8400 | 6c15 0025 | bae4 ffff | ff48 8944 | 2420 4489 | 4424 2c48 | 894c 2438 | 4489 5c24 
  0x000001cc10c7611c: 404c 896c | 2450 897c | 2458 4489 

  0x000001cc10c76128: ;   {runtime_call UncommonTrapBlob}
  0x000001cc10c76128: 4c24 5ce8 

  0x000001cc10c7612c: ; ImmutableOopMap {rbp=NarrowOop [32]=Oop [48]=Oop [56]=Oop [64]=NarrowOop [80]=Oop [92]=NarrowOop }
                      ;*aaload {reexecute=0 rethrow=0 return_oop=0}
                      ; - java.lang.ThreadLocal$ThreadLocalMap::remove@21 (line 576)
                      ; - java.lang.ThreadLocal::remove@12 (line 294)
                      ; - java.lang.ThreadLocal::remove@4 (line 283)
                      ; - org.gradle.internal.classloader.TransformErrorHandler::getLastErrorAndClear@15 (line 126)
                      ; - org.gradle.internal.classloader.TransformErrorHandler::enterClassLoadingScope@1 (line 67)
                      ; - org.gradle.internal.classloader.VisitableURLClassLoader$InstrumentingVisitableURLClassLoader::findClass@5 (line 184)
  0x000001cc10c7612c: 50e2 f7fe 

  0x000001cc10c76130: ;   {other}
  0x000001cc10c76130: 0f1f 8400 | a015 0026 | bae4 ffff | ff48 894c | 2420 4489 | 5c24 3c48 | 895c 2448 | 4489 4c24 
  0x000001cc10c76150: 5048 8944 | 2458 4489 

  0x000001cc10c76158: ;   {runtime_call UncommonTrapBlob}
  0x000001cc10c76158: 5424 60e8 

  0x000001cc10c7615c: ; ImmutableOopMap {rbp=NarrowOop [32]=Oop [48]=Oop [60]=NarrowOop [72]=Oop [80]=NarrowOop [88]=Oop }
                      ;*aaload {reexecute=0 rethrow=0 return_oop=0}
                      ; - java.lang.ThreadLocal$ThreadLocalMap::getEntry@18 (line 500)
                      ; - java.lang.ThreadLocal::get@12 (line 187)
                      ; - java.lang.ThreadLocal::get@4 (line 172)
                      ; - org.gradle.internal.classloader.TransformErrorHandler::getLastErrorAndClear@4 (line 125)
                      ; - org.gradle.internal.classloader.TransformErrorHandler::enterClassLoadingScope@1 (line 67)
                      ; - org.gradle.internal.classloader.VisitableURLClassLoader$InstrumentingVisitableURLClassLoader::findClass@5 (line 184)
  0x000001cc10c7615c: 20e2 f7fe 

  0x000001cc10c76160: ;   {other}
  0x000001cc10c76160: 0f1f 8400 | d015 0027 | bade ffff | ff48 8be9 | 4889 4424 

  0x000001cc10c76174: ;   {runtime_call UncommonTrapBlob}
  0x000001cc10c76174: 2866 90e8 

  0x000001cc10c76178: ; ImmutableOopMap {rbp=Oop [40]=Oop [48]=Oop }
                      ;*checkcast {reexecute=0 rethrow=0 return_oop=0}
                      ; - org.gradle.internal.classloader.TransformErrorHandler::getLastErrorAndClear@7 (line 125)
                      ; - org.gradle.internal.classloader.TransformErrorHandler::enterClassLoadingScope@1 (line 67)
                      ; - org.gradle.internal.classloader.VisitableURLClassLoader$InstrumentingVisitableURLClassLoader::findClass@5 (line 184)
  0x000001cc10c76178: 04e2 f7fe 

  0x000001cc10c7617c: ;   {other}
  0x000001cc10c7617c: 0f1f 8400 | ec15 0028 | bade ffff | ff49 8be9 | 894c 2420 | 897c 2424 

  0x000001cc10c76194: ;   {runtime_call UncommonTrapBlob}
  0x000001cc10c76194: 6666 90e8 

  0x000001cc10c76198: ; ImmutableOopMap {rbp=Oop [32]=NarrowOop [36]=NarrowOop }
                      ;*invokevirtual get {reexecute=0 rethrow=0 return_oop=0}
                      ; - org.gradle.internal.classloader.TransformErrorHandler::getLastErrorAndClear@4 (line 125)
                      ; - org.gradle.internal.classloader.TransformErrorHandler::exitClassLoadingScope@1 (line 102)
                      ; - org.gradle.internal.classloader.VisitableURLClassLoader$InstrumentingVisitableURLClassLoader::findClass@31 (line 191)
  0x000001cc10c76198: e4e1 f7fe 

  0x000001cc10c7619c: ;   {other}
  0x000001cc10c7619c: 0f1f 8400 | 0c16 0029 | bade ffff | ff49 8be9 | 4c89 5424 | 2044 895c 

  0x000001cc10c761b4: ;   {runtime_call UncommonTrapBlob}
  0x000001cc10c761b4: 2428 90e8 

  0x000001cc10c761b8: ; ImmutableOopMap {rbp=Oop [32]=Oop [40]=NarrowOop }
                      ;*invokevirtual remove {reexecute=0 rethrow=0 return_oop=0}
                      ; - org.gradle.internal.classloader.TransformErrorHandler::getLastErrorAndClear@15 (line 126)
                      ; - org.gradle.internal.classloader.TransformErrorHandler::exitClassLoadingScope@1 (line 102)
                      ; - org.gradle.internal.classloader.VisitableURLClassLoader$InstrumentingVisitableURLClassLoader::findClass@31 (line 191)
  0x000001cc10c761b8: c4e1 f7fe 

  0x000001cc10c761bc: ;   {other}
  0x000001cc10c761bc: 0f1f 8400 | 2c16 002a | ba54 ffff | ff49 8be9 | 4c89 5424 

  0x000001cc10c761d0: ;   {runtime_call UncommonTrapBlob}
  0x000001cc10c761d0: 2866 90e8 

  0x000001cc10c761d4: ; ImmutableOopMap {rbp=Oop [40]=Oop }
                      ;*ifnull {reexecute=1 rethrow=0 return_oop=0}
                      ; - (reexecute) org.gradle.internal.classloader.TransformErrorHandler::exitClassLoadingScope@6 (line 103)
                      ; - org.gradle.internal.classloader.VisitableURLClassLoader$InstrumentingVisitableURLClassLoader::findClass@31 (line 191)
  0x000001cc10c761d4: a8e1 f7fe 

  0x000001cc10c761d8: ;   {other}
  0x000001cc10c761d8: 0f1f 8400 | 4816 002b | bae4 ffff | ff4c 894c | 2420 4c89 | 5424 284c | 896c 2430 | 8974 243c 
  0x000001cc10c761f8: 897c 2444 | 4489 4424 

  0x000001cc10c76200: ;   {runtime_call UncommonTrapBlob}
  0x000001cc10c76200: 4866 90e8 

  0x000001cc10c76204: ; ImmutableOopMap {rbp=NarrowOop [32]=Oop [40]=Oop [48]=Oop [68]=NarrowOop }
                      ;*aaload {reexecute=0 rethrow=0 return_oop=0}
                      ; - java.lang.ThreadLocal$ThreadLocalMap::remove@21 (line 576)
                      ; - java.lang.ThreadLocal::remove@12 (line 294)
                      ; - java.lang.ThreadLocal::remove@4 (line 283)
                      ; - org.gradle.internal.classloader.TransformErrorHandler::getLastErrorAndClear@15 (line 126)
                      ; - org.gradle.internal.classloader.TransformErrorHandler::exitClassLoadingScope@1 (line 102)
                      ; - org.gradle.internal.classloader.VisitableURLClassLoader$InstrumentingVisitableURLClassLoader::findClass@31 (line 191)
  0x000001cc10c76204: 78e1 f7fe 

  0x000001cc10c76208: ;   {other}
  0x000001cc10c76208: 0f1f 8400 | 7816 002c | bae4 ffff | ff4c 894c | 2420 894c | 2428 4489 | 4424 2c48 | 8974 2440 
  0x000001cc10c76228: 4489 5c24 

  0x000001cc10c7622c: ;   {runtime_call UncommonTrapBlob}
  0x000001cc10c7622c: 4c66 90e8 

  0x000001cc10c76230: ; ImmutableOopMap {rbp=NarrowOop [32]=Oop [40]=NarrowOop [44]=NarrowOop [56]=Oop [64]=Oop }
                      ;*aaload {reexecute=0 rethrow=0 return_oop=0}
                      ; - java.lang.ThreadLocal$ThreadLocalMap::getEntry@18 (line 500)
                      ; - java.lang.ThreadLocal::get@12 (line 187)
                      ; - java.lang.ThreadLocal::get@4 (line 172)
                      ; - org.gradle.internal.classloader.TransformErrorHandler::getLastErrorAndClear@4 (line 125)
                      ; - org.gradle.internal.classloader.TransformErrorHandler::exitClassLoadingScope@1 (line 102)
                      ; - org.gradle.internal.classloader.VisitableURLClassLoader$InstrumentingVisitableURLClassLoader::findClass@31 (line 191)
  0x000001cc10c76230: 4ce1 f7fe 

  0x000001cc10c76234: ;   {other}
  0x000001cc10c76234: 0f1f 8400 | a416 002d | bade ffff | ff49 8be9 | 4889 4424 

  0x000001cc10c76248: ;   {runtime_call UncommonTrapBlob}
  0x000001cc10c76248: 2066 90e8 

  0x000001cc10c7624c: ; ImmutableOopMap {rbp=Oop [32]=Oop }
                      ;*checkcast {reexecute=0 rethrow=0 return_oop=0}
                      ; - org.gradle.internal.classloader.TransformErrorHandler::getLastErrorAndClear@7 (line 125)
                      ; - org.gradle.internal.classloader.TransformErrorHandler::exitClassLoadingScope@1 (line 102)
                      ; - org.gradle.internal.classloader.VisitableURLClassLoader$InstrumentingVisitableURLClassLoader::findClass@31 (line 191)
  0x000001cc10c7624c: 30e1 f7fe 

  0x000001cc10c76250: ;   {other}
  0x000001cc10c76250: 0f1f 8400 | c016 002e | 448b f68b | f741 8bfa | 498b d749 | ba30 27fd | fafe 7f00 | 0041 ffd2 
  0x000001cc10c76270: ;   {other}
  0x000001cc10c76270: 0f1f 8400 | 0000 0000 | e909 faff | ff44 8bf6 | 8bf7 418b | fa49 8bd7 | 49ba 3027 | fdfa fe7f 
  0x000001cc10c76290: 0000 41ff 

  0x000001cc10c76294: ;   {other}
  0x000001cc10c76294: d20f 1f84 | 0000 0000 | 0066 6690 | e99d f9ff | ff45 8bf0 | 418b f941 | 8bdb 498b | d749 ba30 
  0x000001cc10c762b4: 27fd fafe | 7f00 0041 

  0x000001cc10c762bc: ;   {other}
  0x000001cc10c762bc: ffd2 0f1f | 8400 0000 | 0000 448b | db44 8bcf | 458b c6e9 | d7f2 ffff | 458b f041 | 8bf9 418b 
  0x000001cc10c762dc: db49 8bd7 | 49ba 3027 | fdfa fe7f | 0000 41ff 

  0x000001cc10c762ec: ;   {other}
  0x000001cc10c762ec: d20f 1f84 | 0000 0000 | 0044 8bdb | 448b cf45 | 8bc6 6690 | e9b1 f2ff 

  0x000001cc10c76304: ;   {metadata('java/lang/ClassNotFoundException')}
  0x000001cc10c76304: ff48 ba88 | 9306 18cc | 0100 0048 | 8b6c 2420 

  0x000001cc10c76314: ;   {runtime_call _new_instance_Java}
  0x000001cc10c76314: 6666 90e8 

  0x000001cc10c76318: ; ImmutableOopMap {rbp=Oop [32]=Oop [40]=Oop }
                      ;*new {reexecute=0 rethrow=0 return_oop=1}
                      ; - java.net.URLClassLoader::findClass@36 (line 445)
                      ; - org.gradle.internal.classloader.VisitableURLClassLoader$InstrumentingVisitableURLClassLoader::findClass@10 (line 187)
  0x000001cc10c76318: 6412 04ff 

  0x000001cc10c7631c: ;   {other}
  0x000001cc10c7631c: 0f1f 8400 | 8c17 002f | e951 f8ff | ffba e4ff | ffff 4c8b | 5424 384c | 8954 2428 | 4c8b 5424 
  0x000001cc10c7633c: 484c 8954 | 2440 4c8b | 5424 604c | 8954 2450 | 8944 2460 

  0x000001cc10c76350: ;   {runtime_call UncommonTrapBlob}
  0x000001cc10c76350: 6666 90e8 

  0x000001cc10c76354: ; ImmutableOopMap {[40]=Oop [48]=Oop [64]=Oop [80]=Oop [108]=NarrowOop [128]=NarrowOop [132]=NarrowOop }
                      ;*aaload {reexecute=0 rethrow=0 return_oop=0}
                      ; - java.lang.ThreadLocal$ThreadLocalMap::expungeStaleEntry@111 (line 696)
                      ; - java.lang.ThreadLocal$ThreadLocalMap::remove@46 (line 581)
                      ; - java.lang.ThreadLocal::remove@12 (line 294)
                      ; - java.lang.ThreadLocal::remove@4 (line 283)
                      ; - org.gradle.internal.classloader.TransformErrorHandler::getLastErrorAndClear@15 (line 126)
                      ; - org.gradle.internal.classloader.TransformErrorHandler::enterClassLoadingScope@1 (line 67)
                      ; - org.gradle.internal.classloader.VisitableURLClassLoader$InstrumentingVisitableURLClassLoader::findClass@5 (line 184)
  0x000001cc10c76354: 28e0 f7fe 

  0x000001cc10c76358: ;   {other}
  0x000001cc10c76358: 0f1f 8400 | c817 0030 | bae4 ffff | ff89 4424 

  0x000001cc10c76368: ;   {runtime_call UncommonTrapBlob}
  0x000001cc10c76368: 4c66 90e8 

  0x000001cc10c7636c: ; ImmutableOopMap {[32]=Oop [40]=Oop [52]=NarrowOop [64]=Oop [80]=NarrowOop }
                      ;*aaload {reexecute=0 rethrow=0 return_oop=0}
                      ; - java.lang.ThreadLocal$ThreadLocalMap::expungeStaleEntry@111 (line 696)
                      ; - java.lang.ThreadLocal$ThreadLocalMap::remove@46 (line 581)
                      ; - java.lang.ThreadLocal::remove@12 (line 294)
                      ; - java.lang.ThreadLocal::remove@4 (line 283)
                      ; - org.gradle.internal.classloader.TransformErrorHandler::getLastErrorAndClear@15 (line 126)
                      ; - org.gradle.internal.classloader.TransformErrorHandler::exitClassLoadingScope@1 (line 102)
                      ; - org.gradle.internal.classloader.VisitableURLClassLoader$InstrumentingVisitableURLClassLoader::findClass@31 (line 191)
  0x000001cc10c7636c: 10e0 f7fe 

  0x000001cc10c76370: ;   {other}
  0x000001cc10c76370: 0f1f 8400 | e017 0031 | bae4 ffff | ff44 896c | 2420 4c8b | 5424 384c | 8954 2428 | 4c8b 5424 
  0x000001cc10c76390: 604c 8954 | 2458 4489 | 4c24 5444 | 8974 2460 

  0x000001cc10c763a0: ;   {runtime_call UncommonTrapBlob}
  0x000001cc10c763a0: 6666 90e8 

  0x000001cc10c763a4: ; ImmutableOopMap {[40]=Oop [48]=Oop [72]=Oop [88]=Oop [96]=NarrowOop [108]=NarrowOop [128]=NarrowOop }
                      ;*aastore {reexecute=1 rethrow=0 return_oop=0}
                      ; - (reexecute) java.lang.ThreadLocal$ThreadLocalMap::expungeStaleEntry@107 (line 692)
                      ; - java.lang.ThreadLocal$ThreadLocalMap::remove@46 (line 581)
                      ; - java.lang.ThreadLocal::remove@12 (line 294)
                      ; - java.lang.ThreadLocal::remove@4 (line 283)
                      ; - org.gradle.internal.classloader.TransformErrorHandler::getLastErrorAndClear@15 (line 126)
                      ; - org.gradle.internal.classloader.TransformErrorHandler::enterClassLoadingScope@1 (line 67)
                      ; - org.gradle.internal.classloader.VisitableURLClassLoader$InstrumentingVisitableURLClassLoader::findClass@5 (line 184)
  0x000001cc10c763a4: d8df f7fe 

  0x000001cc10c763a8: ;   {other}
  0x000001cc10c763a8: 0f1f 8400 | 1818 0032 | bae4 ffff | ff8b eb4c | 8b5c 2438 | 4c89 5c24 | 204c 8b5c | 2448 4c89 
  0x000001cc10c763c8: 5c24 4089 | 4c24 4c44 | 8954 2450 | 4489 4424 

  0x000001cc10c763d8: ;   {runtime_call UncommonTrapBlob}
  0x000001cc10c763d8: 5466 90e8 

  0x000001cc10c763dc: ; ImmutableOopMap {[32]=Oop [48]=Oop [64]=Oop [80]=NarrowOop [96]=Oop [108]=NarrowOop [128]=NarrowOop }
                      ;*aastore {reexecute=1 rethrow=0 return_oop=0}
                      ; - (reexecute) java.lang.ThreadLocal$ThreadLocalMap::expungeStaleEntry@131 (line 698)
                      ; - java.lang.ThreadLocal$ThreadLocalMap::remove@46 (line 581)
                      ; - java.lang.ThreadLocal::remove@12 (line 294)
                      ; - java.lang.ThreadLocal::remove@4 (line 283)
                      ; - org.gradle.internal.classloader.TransformErrorHandler::getLastErrorAndClear@15 (line 126)
                      ; - org.gradle.internal.classloader.TransformErrorHandler::enterClassLoadingScope@1 (line 67)
                      ; - org.gradle.internal.classloader.VisitableURLClassLoader$InstrumentingVisitableURLClassLoader::findClass@5 (line 184)
  0x000001cc10c763dc: a0df f7fe 

  0x000001cc10c763e0: ;   {other}
  0x000001cc10c763e0: 0f1f 8400 | 5018 0033 | bae4 ffff | ff48 8b6c | 2428 4489 | 5c24 2844 | 8944 2430 | 4889 7424 
  0x000001cc10c76400: 3844 8954 | 2440 4489 | 4c24 4489 

  0x000001cc10c7640c: ;   {runtime_call UncommonTrapBlob}
  0x000001cc10c7640c: 5c24 48e8 

  0x000001cc10c76410: ; ImmutableOopMap {rbp=Oop [32]=Oop [40]=NarrowOop [56]=Oop [68]=NarrowOop }
                      ;*aastore {reexecute=1 rethrow=0 return_oop=0}
                      ; - (reexecute) java.lang.ThreadLocal$ThreadLocalMap::expungeStaleEntry@107 (line 692)
                      ; - java.lang.ThreadLocal$ThreadLocalMap::remove@46 (line 581)
                      ; - java.lang.ThreadLocal::remove@12 (line 294)
                      ; - java.lang.ThreadLocal::remove@4 (line 283)
                      ; - org.gradle.internal.classloader.TransformErrorHandler::getLastErrorAndClear@15 (line 126)
                      ; - org.gradle.internal.classloader.TransformErrorHandler::exitClassLoadingScope@1 (line 102)
                      ; - org.gradle.internal.classloader.VisitableURLClassLoader$InstrumentingVisitableURLClassLoader::findClass@31 (line 191)
  0x000001cc10c76410: 6cdf f7fe 

  0x000001cc10c76414: ;   {other}
  0x000001cc10c76414: 0f1f 8400 | 8418 0034 | bae4 ffff | ff48 8b6c | 2428 4489 | 5c24 2844 | 8944 2430 | 895c 2434 
  0x000001cc10c76434: 4489 4c24 | 3889 4c24 | 3c48 8974 

  0x000001cc10c76440: ;   {runtime_call UncommonTrapBlob}
  0x000001cc10c76440: 2440 90e8 

  0x000001cc10c76444: ; ImmutableOopMap {rbp=Oop [32]=Oop [40]=NarrowOop [56]=NarrowOop [64]=Oop }
                      ;*aastore {reexecute=1 rethrow=0 return_oop=0}
                      ; - (reexecute) java.lang.ThreadLocal$ThreadLocalMap::expungeStaleEntry@131 (line 698)
                      ; - java.lang.ThreadLocal$ThreadLocalMap::remove@46 (line 581)
                      ; - java.lang.ThreadLocal::remove@12 (line 294)
                      ; - java.lang.ThreadLocal::remove@4 (line 283)
                      ; - org.gradle.internal.classloader.TransformErrorHandler::getLastErrorAndClear@15 (line 126)
                      ; - org.gradle.internal.classloader.TransformErrorHandler::exitClassLoadingScope@1 (line 102)
                      ; - org.gradle.internal.classloader.VisitableURLClassLoader$InstrumentingVisitableURLClassLoader::findClass@31 (line 191)
  0x000001cc10c76444: 38df f7fe 

  0x000001cc10c76448: ;   {other}
  0x000001cc10c76448: 0f1f 8400 | b818 0035 | bae4 ffff | ff41 8bed | 4c8b 5c24 | 384c 895c | 2420 4c8b | 5c24 484c 
  0x000001cc10c76468: 895c 2440 | 894c 244c | 4c8b 5c24 | 604c 895c | 2450 4489 | 5424 5c44 | 894c 2460 

  0x000001cc10c76484: ;   {runtime_call UncommonTrapBlob}
  0x000001cc10c76484: 6666 90e8 

  0x000001cc10c76488: ; ImmutableOopMap {[32]=Oop [48]=Oop [64]=Oop [80]=Oop [92]=NarrowOop [108]=NarrowOop [128]=NarrowOop }
                      ;*aaload {reexecute=0 rethrow=0 return_oop=0}
                      ; - java.lang.ThreadLocal$ThreadLocalMap::expungeStaleEntry@111 (line 696)
                      ; - java.lang.ThreadLocal$ThreadLocalMap::remove@46 (line 581)
                      ; - java.lang.ThreadLocal::remove@12 (line 294)
                      ; - java.lang.ThreadLocal::remove@4 (line 283)
                      ; - org.gradle.internal.classloader.TransformErrorHandler::getLastErrorAndClear@15 (line 126)
                      ; - org.gradle.internal.classloader.TransformErrorHandler::enterClassLoadingScope@1 (line 67)
                      ; - org.gradle.internal.classloader.VisitableURLClassLoader$InstrumentingVisitableURLClassLoader::findClass@5 (line 184)
  0x000001cc10c76488: f4de f7fe 

  0x000001cc10c7648c: ;   {other}
  0x000001cc10c7648c: 0f1f 8400 | fc18 0036 | bae4 ffff | ff48 8b6c | 2428 4489 | 5c24 2844 | 8944 2430 | 4889 7424 
  0x000001cc10c764ac: 3889 5c24 | 3444 894c | 2444 4489 

  0x000001cc10c764b8: ;   {runtime_call UncommonTrapBlob}
  0x000001cc10c764b8: 5424 48e8 

  0x000001cc10c764bc: ; ImmutableOopMap {rbp=Oop [32]=Oop [40]=NarrowOop [56]=Oop [68]=NarrowOop }
                      ;*aaload {reexecute=0 rethrow=0 return_oop=0}
                      ; - java.lang.ThreadLocal$ThreadLocalMap::expungeStaleEntry@111 (line 696)
                      ; - java.lang.ThreadLocal$ThreadLocalMap::remove@46 (line 581)
                      ; - java.lang.ThreadLocal::remove@12 (line 294)
                      ; - java.lang.ThreadLocal::remove@4 (line 283)
                      ; - org.gradle.internal.classloader.TransformErrorHandler::getLastErrorAndClear@15 (line 126)
                      ; - org.gradle.internal.classloader.TransformErrorHandler::exitClassLoadingScope@1 (line 102)
                      ; - org.gradle.internal.classloader.VisitableURLClassLoader$InstrumentingVisitableURLClassLoader::findClass@31 (line 191)
  0x000001cc10c764bc: c0de f7fe 

  0x000001cc10c764c0: ;   {other}
  0x000001cc10c764c0: 0f1f 8400 | 3019 0037 | 498b d749 | ba30 27fd | fafe 7f00 | 0041 ffd2 

  0x000001cc10c764d8: ;   {other}
  0x000001cc10c764d8: 0f1f 8400 | 0000 0000 | e908 f9ff | ff49 8bd7 | 49ba 3027 | fdfa fe7f | 0000 41ff 

  0x000001cc10c764f4: ;   {other}
  0x000001cc10c764f4: d20f 1f84 | 0000 0000 | 0066 6690 | e99e f3ff | ff44 8954 | 2440 4889 | 4424 3044 | 8bf2 4c8b 
  0x000001cc10c76514: ee41 8bf0 | 418b e941 | 8bfb 498b | d749 ba30 | 27fd fafe | 7f00 0041 

  0x000001cc10c7652c: ;   {other}
  0x000001cc10c7652c: ffd2 0f1f | 8400 0000 | 0000 448b | df44 8bcd | 448b c649 | 8bf5 418b | d648 8b44 | 2430 448b 
  0x000001cc10c7654c: 5424 40e9 | a0f2 ffff | 4889 4424 | 4089 5424 | 304c 8bee | 458b f041 | 8bf1 8beb | 418b db49 
  0x000001cc10c7656c: 8bd7 49ba | 3027 fdfa | fe7f 0000 

  0x000001cc10c76578: ;   {other}
  0x000001cc10c76578: 41ff d20f | 1f84 0000 | 0000 0044 | 8bdb 8bdd | 448b ce45 | 8bc6 498b | f58b 5424 | 3048 8b44 
  0x000001cc10c76598: 2440 e93e | f4ff ffba | f6ff ffff 

  0x000001cc10c765a4: ;   {runtime_call UncommonTrapBlob}
  0x000001cc10c765a4: 6666 90e8 

  0x000001cc10c765a8: ; ImmutableOopMap {rbp=Oop }
                      ;*invokevirtual exitClassLoadingScopeWithException {reexecute=0 rethrow=0 return_oop=0}
                      ; - org.gradle.internal.classloader.VisitableURLClassLoader$InstrumentingVisitableURLClassLoader::findClass@23 (line 189)
  0x000001cc10c765a8: d4dd f7fe 

  0x000001cc10c765ac: ;   {other}
  0x000001cc10c765ac: 0f1f 8400 | 1c1a 0038 | bade ffff | ff48 8b6c | 2420 4c8b | 5c24 284c | 895c 2420 

  0x000001cc10c765c8: ;   {runtime_call UncommonTrapBlob}
  0x000001cc10c765c8: 6666 90e8 

  0x000001cc10c765cc: ; ImmutableOopMap {rbp=Oop [32]=Oop [64]=Oop }
                      ;*checkcast {reexecute=0 rethrow=0 return_oop=0}
                      ; - java.net.URLClassLoader::findClass@16 (line 420)
                      ; - org.gradle.internal.classloader.VisitableURLClassLoader$InstrumentingVisitableURLClassLoader::findClass@10 (line 187)
  0x000001cc10c765cc: b0dd f7fe 

  0x000001cc10c765d0: ;   {other}
  0x000001cc10c765d0: 0f1f 8400 | 401a 0039 | baf4 ffff | ff41 8bed | 4c8b 5424 | 384c 8954 | 2428 4c8b | 5424 484c 
  0x000001cc10c765f0: 8954 2440 | 4489 7424 

  0x000001cc10c765f8: ;   {runtime_call UncommonTrapBlob}
  0x000001cc10c765f8: 4c66 90e8 

  0x000001cc10c765fc: ; ImmutableOopMap {[40]=Oop [48]=Oop [64]=Oop [76]=NarrowOop [96]=Oop [108]=NarrowOop [128]=NarrowOop }
                      ;*checkcast {reexecute=0 rethrow=0 return_oop=0}
                      ; - java.lang.ThreadLocal$ThreadLocalMap::expungeStaleEntry@51 (line 684)
                      ; - java.lang.ThreadLocal$ThreadLocalMap::remove@46 (line 581)
                      ; - java.lang.ThreadLocal::remove@12 (line 294)
                      ; - java.lang.ThreadLocal::remove@4 (line 283)
                      ; - org.gradle.internal.classloader.TransformErrorHandler::getLastErrorAndClear@15 (line 126)
                      ; - org.gradle.internal.classloader.TransformErrorHandler::enterClassLoadingScope@1 (line 67)
                      ; - org.gradle.internal.classloader.VisitableURLClassLoader$InstrumentingVisitableURLClassLoader::findClass@5 (line 184)
  0x000001cc10c765fc: 80dd f7fe 

  0x000001cc10c76600: ;   {other}
  0x000001cc10c76600: 0f1f 8400 | 701a 003a | baf4 ffff | ff48 8b6c | 2428 4489 | 5c24 2844 | 894c 242c | 4489 4424 
  0x000001cc10c76620: 3048 8974 | 2438 895c 

  0x000001cc10c76628: ;   {runtime_call UncommonTrapBlob}
  0x000001cc10c76628: 2434 90e8 

  0x000001cc10c7662c: ; ImmutableOopMap {rbp=Oop [32]=Oop [40]=NarrowOop [44]=NarrowOop [56]=Oop }
                      ;*checkcast {reexecute=0 rethrow=0 return_oop=0}
                      ; - java.lang.ThreadLocal$ThreadLocalMap::expungeStaleEntry@51 (line 684)
                      ; - java.lang.ThreadLocal$ThreadLocalMap::remove@46 (line 581)
                      ; - java.lang.ThreadLocal::remove@12 (line 294)
                      ; - java.lang.ThreadLocal::remove@4 (line 283)
                      ; - org.gradle.internal.classloader.TransformErrorHandler::getLastErrorAndClear@15 (line 126)
                      ; - org.gradle.internal.classloader.TransformErrorHandler::exitClassLoadingScope@1 (line 102)
                      ; - org.gradle.internal.classloader.VisitableURLClassLoader$InstrumentingVisitableURLClassLoader::findClass@31 (line 191)
  0x000001cc10c7662c: 50dd f7fe 

  0x000001cc10c76630: ;   {other}
  0x000001cc10c76630: 0f1f 8400 | a01a 003b | baf6 ffff | ff48 8be9 | 4c8b 5424 | 304c 8954 

  0x000001cc10c76648: ;   {runtime_call UncommonTrapBlob}
  0x000001cc10c76648: 2428 90e8 

  0x000001cc10c7664c: ; ImmutableOopMap {rbp=Oop [40]=Oop [48]=Oop }
                      ;*invokevirtual enterClassLoadingScope {reexecute=0 rethrow=0 return_oop=0}
                      ; - org.gradle.internal.classloader.VisitableURLClassLoader$InstrumentingVisitableURLClassLoader::findClass@5 (line 184)
  0x000001cc10c7664c: 30dd f7fe 

  0x000001cc10c76650: ;   {other}
  0x000001cc10c76650: 0f1f 8400 | c01a 003c | baf6 ffff | ff48 8be9 

  0x000001cc10c76660: ;   {runtime_call UncommonTrapBlob}
  0x000001cc10c76660: 6666 90e8 

  0x000001cc10c76664: ; ImmutableOopMap {rbp=Oop [48]=Oop }
                      ;*invokevirtual get {reexecute=0 rethrow=0 return_oop=0}
                      ; - org.gradle.internal.classloader.TransformErrorHandler::getLastErrorAndClear@4 (line 125)
                      ; - org.gradle.internal.classloader.TransformErrorHandler::enterClassLoadingScope@1 (line 67)
                      ; - org.gradle.internal.classloader.VisitableURLClassLoader$InstrumentingVisitableURLClassLoader::findClass@5 (line 184)
  0x000001cc10c76664: 18dd f7fe 

  0x000001cc10c76668: ;   {other}
  0x000001cc10c76668: 0f1f 8400 | d81a 003d | baf6 ffff | ff48 8be9 

  0x000001cc10c76678: ;   {runtime_call UncommonTrapBlob}
  0x000001cc10c76678: 6666 90e8 

  0x000001cc10c7667c: ; ImmutableOopMap {rbp=Oop [48]=Oop }
                      ;*invokevirtual remove {reexecute=0 rethrow=0 return_oop=0}
                      ; - org.gradle.internal.classloader.TransformErrorHandler::getLastErrorAndClear@15 (line 126)
                      ; - org.gradle.internal.classloader.TransformErrorHandler::enterClassLoadingScope@1 (line 67)
                      ; - org.gradle.internal.classloader.VisitableURLClassLoader$InstrumentingVisitableURLClassLoader::findClass@5 (line 184)
  0x000001cc10c7667c: 00dd f7fe 

  0x000001cc10c76680: ;   {other}
  0x000001cc10c76680: 0f1f 8400 | f01a 003e | baf6 ffff | ff48 8be9 

  0x000001cc10c76690: ;   {runtime_call UncommonTrapBlob}
  0x000001cc10c76690: 6666 90e8 

  0x000001cc10c76694: ; ImmutableOopMap {rbp=Oop [48]=Oop }
                      ;*arraylength {reexecute=0 rethrow=0 return_oop=0}
                      ; - java.lang.ThreadLocal$ThreadLocalMap::remove@6 (line 574)
                      ; - java.lang.ThreadLocal::remove@12 (line 294)
                      ; - java.lang.ThreadLocal::remove@4 (line 283)
                      ; - org.gradle.internal.classloader.TransformErrorHandler::getLastErrorAndClear@15 (line 126)
                      ; - org.gradle.internal.classloader.TransformErrorHandler::enterClassLoadingScope@1 (line 67)
                      ; - org.gradle.internal.classloader.VisitableURLClassLoader$InstrumentingVisitableURLClassLoader::findClass@5 (line 184)
  0x000001cc10c76694: e8dc f7fe 

  0x000001cc10c76698: ;   {other}
  0x000001cc10c76698: 0f1f 8400 | 081b 003f | baf6 ffff | ff48 8be9 

  0x000001cc10c766a8: ;   {runtime_call UncommonTrapBlob}
  0x000001cc10c766a8: 6666 90e8 

  0x000001cc10c766ac: ; ImmutableOopMap {rbp=Oop [48]=Oop }
                      ;*arraylength {reexecute=0 rethrow=0 return_oop=0}
                      ; - java.lang.ThreadLocal$ThreadLocalMap::getEntry@8 (line 499)
                      ; - java.lang.ThreadLocal::get@12 (line 187)
                      ; - java.lang.ThreadLocal::get@4 (line 172)
                      ; - org.gradle.internal.classloader.TransformErrorHandler::getLastErrorAndClear@4 (line 125)
                      ; - org.gradle.internal.classloader.TransformErrorHandler::enterClassLoadingScope@1 (line 67)
                      ; - org.gradle.internal.classloader.VisitableURLClassLoader$InstrumentingVisitableURLClassLoader::findClass@5 (line 184)
  0x000001cc10c766ac: d0dc f7fe 

  0x000001cc10c766b0: ;   {other}
  0x000001cc10c766b0: 0f1f 8400 | 201b 0040 | baf6 ffff | ff48 8b6c 

  0x000001cc10c766c0: ;   {runtime_call UncommonTrapBlob}
  0x000001cc10c766c0: 2438 90e8 

  0x000001cc10c766c4: ; ImmutableOopMap {rbp=Oop [48]=Oop }
                      ;*arraylength {reexecute=0 rethrow=0 return_oop=0}
                      ; - java.lang.ThreadLocal$ThreadLocalMap::expungeStaleEntry@6 (line 671)
                      ; - java.lang.ThreadLocal$ThreadLocalMap::remove@46 (line 581)
                      ; - java.lang.ThreadLocal::remove@12 (line 294)
                      ; - java.lang.ThreadLocal::remove@4 (line 283)
                      ; - org.gradle.internal.classloader.TransformErrorHandler::getLastErrorAndClear@15 (line 126)
                      ; - org.gradle.internal.classloader.TransformErrorHandler::enterClassLoadingScope@1 (line 67)
                      ; - org.gradle.internal.classloader.VisitableURLClassLoader$InstrumentingVisitableURLClassLoader::findClass@5 (line 184)
  0x000001cc10c766c4: b8dc f7fe 

  0x000001cc10c766c8: ;   {other}
  0x000001cc10c766c8: 0f1f 8400 | 381b 0041 | baf6 ffff | ff49 8be9 

  0x000001cc10c766d8: ;   {runtime_call UncommonTrapBlob}
  0x000001cc10c766d8: 6666 90e8 

  0x000001cc10c766dc: ; ImmutableOopMap {rbp=Oop }
                      ;*invokevirtual exitClassLoadingScope {reexecute=0 rethrow=0 return_oop=0}
                      ; - org.gradle.internal.classloader.VisitableURLClassLoader$InstrumentingVisitableURLClassLoader::findClass@31 (line 191)
  0x000001cc10c766dc: a0dc f7fe 

  0x000001cc10c766e0: ;   {other}
  0x000001cc10c766e0: 0f1f 8400 | 501b 0042 | baf6 ffff | ff49 8be9 

  0x000001cc10c766f0: ;   {runtime_call UncommonTrapBlob}
  0x000001cc10c766f0: 6666 90e8 

  0x000001cc10c766f4: ; ImmutableOopMap {rbp=Oop }
                      ;*invokevirtual get {reexecute=0 rethrow=0 return_oop=0}
                      ; - org.gradle.internal.classloader.TransformErrorHandler::getLastErrorAndClear@4 (line 125)
                      ; - org.gradle.internal.classloader.TransformErrorHandler::exitClassLoadingScope@1 (line 102)
                      ; - org.gradle.internal.classloader.VisitableURLClassLoader$InstrumentingVisitableURLClassLoader::findClass@31 (line 191)
  0x000001cc10c766f4: 88dc f7fe 

  0x000001cc10c766f8: ;   {other}
  0x000001cc10c766f8: 0f1f 8400 | 681b 0043 | baf6 ffff | ff49 8be9 

  0x000001cc10c76708: ;   {runtime_call UncommonTrapBlob}
  0x000001cc10c76708: 6666 90e8 

  0x000001cc10c7670c: ; ImmutableOopMap {rbp=Oop }
                      ;*invokevirtual remove {reexecute=0 rethrow=0 return_oop=0}
                      ; - org.gradle.internal.classloader.TransformErrorHandler::getLastErrorAndClear@15 (line 126)
                      ; - org.gradle.internal.classloader.TransformErrorHandler::exitClassLoadingScope@1 (line 102)
                      ; - org.gradle.internal.classloader.VisitableURLClassLoader$InstrumentingVisitableURLClassLoader::findClass@31 (line 191)
  0x000001cc10c7670c: 70dc f7fe 

  0x000001cc10c76710: ;   {other}
  0x000001cc10c76710: 0f1f 8400 | 801b 0044 | baf6 ffff | ff49 8be9 

  0x000001cc10c76720: ;   {runtime_call UncommonTrapBlob}
  0x000001cc10c76720: 6666 90e8 

  0x000001cc10c76724: ; ImmutableOopMap {rbp=Oop }
                      ;*arraylength {reexecute=0 rethrow=0 return_oop=0}
                      ; - java.lang.ThreadLocal$ThreadLocalMap::remove@6 (line 574)
                      ; - java.lang.ThreadLocal::remove@12 (line 294)
                      ; - java.lang.ThreadLocal::remove@4 (line 283)
                      ; - org.gradle.internal.classloader.TransformErrorHandler::getLastErrorAndClear@15 (line 126)
                      ; - org.gradle.internal.classloader.TransformErrorHandler::exitClassLoadingScope@1 (line 102)
                      ; - org.gradle.internal.classloader.VisitableURLClassLoader$InstrumentingVisitableURLClassLoader::findClass@31 (line 191)
  0x000001cc10c76724: 58dc f7fe 

  0x000001cc10c76728: ;   {other}
  0x000001cc10c76728: 0f1f 8400 | 981b 0045 | baf6 ffff | ff49 8be9 

  0x000001cc10c76738: ;   {runtime_call UncommonTrapBlob}
  0x000001cc10c76738: 6666 90e8 

  0x000001cc10c7673c: ; ImmutableOopMap {rbp=Oop }
                      ;*arraylength {reexecute=0 rethrow=0 return_oop=0}
                      ; - java.lang.ThreadLocal$ThreadLocalMap::getEntry@8 (line 499)
                      ; - java.lang.ThreadLocal::get@12 (line 187)
                      ; - java.lang.ThreadLocal::get@4 (line 172)
                      ; - org.gradle.internal.classloader.TransformErrorHandler::getLastErrorAndClear@4 (line 125)
                      ; - org.gradle.internal.classloader.TransformErrorHandler::exitClassLoadingScope@1 (line 102)
                      ; - org.gradle.internal.classloader.VisitableURLClassLoader$InstrumentingVisitableURLClassLoader::findClass@31 (line 191)
  0x000001cc10c7673c: 40dc f7fe 

  0x000001cc10c76740: ;   {other}
  0x000001cc10c76740: 0f1f 8400 | b01b 0046 | baf6 ffff | ff48 8b6c 

  0x000001cc10c76750: ;   {runtime_call UncommonTrapBlob}
  0x000001cc10c76750: 2428 90e8 

  0x000001cc10c76754: ; ImmutableOopMap {rbp=Oop }
                      ;*arraylength {reexecute=0 rethrow=0 return_oop=0}
                      ; - java.lang.ThreadLocal$ThreadLocalMap::expungeStaleEntry@6 (line 671)
                      ; - java.lang.ThreadLocal$ThreadLocalMap::remove@46 (line 581)
                      ; - java.lang.ThreadLocal::remove@12 (line 294)
                      ; - java.lang.ThreadLocal::remove@4 (line 283)
                      ; - org.gradle.internal.classloader.TransformErrorHandler::getLastErrorAndClear@15 (line 126)
                      ; - org.gradle.internal.classloader.TransformErrorHandler::exitClassLoadingScope@1 (line 102)
                      ; - org.gradle.internal.classloader.VisitableURLClassLoader$InstrumentingVisitableURLClassLoader::findClass@31 (line 191)
  0x000001cc10c76754: 28dc f7fe 

  0x000001cc10c76758: ;   {other}
  0x000001cc10c76758: 0f1f 8400 | c81b 0047 | eb02 eb00 | 488b d0e9 | 1900 0000 | e911 0000 | 00eb 06eb | 0deb 02eb 
  0x000001cc10c76778: 0048 8bd0 | eb07 6690 | eb00 488b | d048 81c4 | a000 0000 

  0x000001cc10c7678c: ;   {runtime_call _rethrow_Java}
  0x000001cc10c7678c: 5de9 6e4a | 04ff baf4 

  0x000001cc10c76794: ;   {runtime_call UncommonTrapBlob}
  0x000001cc10c76794: ffff ffe8 

  0x000001cc10c76798: ; ImmutableOopMap {[32]=Oop }
                      ;*checkcast {reexecute=0 rethrow=0 return_oop=0}
                      ; - java.net.URLClassLoader::findClass@28 (line 442)
                      ; - org.gradle.internal.classloader.VisitableURLClassLoader$InstrumentingVisitableURLClassLoader::findClass@10 (line 187)
  0x000001cc10c76798: e4db f7fe 

  0x000001cc10c7679c: ;   {other}
  0x000001cc10c7679c: 0f1f 8400 | 0c1c 0048 | eb05 e963 | 0100 0044 | 8b50 0849 | bb00 0000 | 18cc 0100 | 004d 03da 
  0x000001cc10c767bc: 0f1f 4000 | e931 0100 | 00e9 4401 | 0000 448b 

  0x000001cc10c767cc: ;   {metadata('java/security/PrivilegedActionException')}
  0x000001cc10c767cc: 5808 4181 | fbd0 5106 | 010f 8533 | 0100 0048 | 8bd0 6690 | e9d6 0000 | 0044 8b50 | 0849 bb00 
  0x000001cc10c767ec: 0000 18cc | 0100 004d | 03da eb24 | 448b 5008 | 49bb 0000 | 0018 cc01 | 0000 4d03 | daeb 1144 
  0x000001cc10c7680c: 8b50 0849 | bb00 0000 | 18cc 0100 | 004d 03da | 4d8b 5348 

  0x000001cc10c76820: ;   {metadata('java/lang/RuntimeException')}
  0x000001cc10c76820: 49b8 a8b7 | 0518 cc01 | 0000 4d3b | d075 0848 | 8be8 e95d | f3ff ff4d 

  0x000001cc10c76838: ;   {metadata('java/lang/Exception')}
  0x000001cc10c76838: 8b53 4049 | bb20 c000 | 18cc 0100 | 004d 3bd3 | 0f85 9700 | 0000 4c8b | d04c 8954 | 2430 498b 
  0x000001cc10c76858: 87b8 0100 | 004c 8bd0 | 4983 c228 | 4d3b 97c8 | 0100 000f | 83a5 0000 | 004d 8997 | b801 0000 
  0x000001cc10c76878: 410f 0d8a | c000 0000 | 48c7 0001 

  0x000001cc10c76884: ;   {metadata('java/security/PrivilegedActionException')}
  0x000001cc10c76884: 0000 00c7 | 4008 d051 | 0601 4489 | 600c 4c89 | 6010 4c89 | 6018 4c89 | 6020 488b | e848 8bd5 
  0x000001cc10c768a4: 4c8b 4424 

  0x000001cc10c768a8: ;   {optimized virtual_call}
  0x000001cc10c768a8: 3066 90e8 

  0x000001cc10c768ac: ; ImmutableOopMap {rbp=Oop [32]=Oop [40]=Oop }
                      ;*invokespecial <init> {reexecute=0 rethrow=0 return_oop=0}
                      ; - java.security.AccessController::wrapException@5 (line 844)
                      ; - java.security.AccessController::doPrivileged@22 (line 718)
                      ; - java.net.URLClassLoader::findClass@13 (line 420)
                      ; - org.gradle.internal.classloader.VisitableURLClassLoader$InstrumentingVisitableURLClassLoader::findClass@10 (line 187)
  0x000001cc10c768ac: d081 f7fe 

  0x000001cc10c768b0: ;   {other}
  0x000001cc10c768b0: 0f1f 8400 | 201d 0049 

  0x000001cc10c768b8: ;   {optimized virtual_call}
  0x000001cc10c768b8: 488b d5e8 

  0x000001cc10c768bc: ; ImmutableOopMap {[32]=Oop }
                      ;*invokevirtual getException {reexecute=0 rethrow=0 return_oop=1}
                      ; - java.net.URLClassLoader::findClass@25 (line 442)
                      ; - org.gradle.internal.classloader.VisitableURLClassLoader$InstrumentingVisitableURLClassLoader::findClass@10 (line 187)
  0x000001cc10c768bc: c081 f7fe 

  0x000001cc10c768c0: ;   {other}
  0x000001cc10c768c0: 0f1f 8400 | 301d 004a | 4c8b d044 

  0x000001cc10c768cc: ;   {metadata('java/lang/ClassNotFoundException')}
  0x000001cc10c768cc: 8b58 0841 | 81fb 8893 | 0600 0f85 | 5900 0000 | 498b ea90 | e9af f2ff | ff44 8b50 | 0849 bb00 
  0x000001cc10c768ec: 0000 18cc | 0100 004d | 03da 4d8b 

  0x000001cc10c768f8: ;   {metadata('java/security/PrivilegedActionException')}
  0x000001cc10c768f8: 5348 49bb | d051 0619 | cc01 0000 | 4d3b d375 | 0548 8bd0 | ebad 488b | e8e9 7ef2 

  0x000001cc10c76914: ;   {metadata('java/security/PrivilegedActionException')}
  0x000001cc10c76914: ffff 48ba | d051 0619 | cc01 0000 

  0x000001cc10c76920: ;   {runtime_call _new_instance_Java}
  0x000001cc10c76920: 6666 90e8 

  0x000001cc10c76924: ; ImmutableOopMap {[32]=Oop [40]=Oop [48]=Oop }
                      ;*new {reexecute=0 rethrow=0 return_oop=1}
                      ; - java.security.AccessController::wrapException@0 (line 844)
                      ; - java.security.AccessController::doPrivileged@22 (line 718)
                      ; - java.net.URLClassLoader::findClass@13 (line 420)
                      ; - org.gradle.internal.classloader.VisitableURLClassLoader$InstrumentingVisitableURLClassLoader::findClass@10 (line 187)
  0x000001cc10c76924: 580c 04ff 

  0x000001cc10c76928: ;   {other}
  0x000001cc10c76928: 0f1f 8400 | 981d 004b | e969 ffff | ffba deff | ffff 488b | 6c24 2048 | 8944 2420 

  0x000001cc10c76944: ;   {runtime_call UncommonTrapBlob}
  0x000001cc10c76944: 6666 90e8 

  0x000001cc10c76948: ; ImmutableOopMap {rbp=Oop [32]=Oop }
                      ;*checkcast {reexecute=0 rethrow=0 return_oop=0}
                      ; - java.net.URLClassLoader::findClass@28 (line 442)
                      ; - org.gradle.internal.classloader.VisitableURLClassLoader$InstrumentingVisitableURLClassLoader::findClass@10 (line 187)
  0x000001cc10c76948: 34da f7fe 

  0x000001cc10c7694c: ;   {other}
  0x000001cc10c7694c: 0f1f 8400 | bc1d 004c 

  0x000001cc10c76954: ;   {internal_word}
  0x000001cc10c76954: 49ba b556 | c710 cc01 | 0000 4d89 | 9768 0400 

  0x000001cc10c76964: ;   {runtime_call SafepointBlob}
  0x000001cc10c76964: 00e9 16eb 

  0x000001cc10c76968: ;   {runtime_call StubRoutines (final stubs)}
  0x000001cc10c76968: f7fe e831 | fbf5 fee9 | 0ae6 ffff | f4f4 f4f4 
[Stub Code]
  0x000001cc10c76978: ;   {no_reloc}
  0x000001cc10c76978: 48bb 0000 | 0000 0000 

  0x000001cc10c76980: ;   {runtime_call nmethod}
  0x000001cc10c76980: 0000 e9fb 

  0x000001cc10c76984: ;   {static_stub}
  0x000001cc10c76984: ffff ff48 | bb00 0000 | 0000 0000 

  0x000001cc10c76990: ;   {runtime_call nmethod}
  0x000001cc10c76990: 00e9 fbff 

  0x000001cc10c76994: ;   {static_stub}
  0x000001cc10c76994: ffff 48bb | 0000 0000 | 0000 0000 

  0x000001cc10c769a0: ;   {runtime_call nmethod}
  0x000001cc10c769a0: e9fb ffff 

  0x000001cc10c769a4: ;   {static_stub}
  0x000001cc10c769a4: ff48 bb00 | 0000 0000 

  0x000001cc10c769ac: ;   {runtime_call nmethod}
  0x000001cc10c769ac: 0000 00e9 | fbff ffff 

  0x000001cc10c769b4: ;   {static_stub}
  0x000001cc10c769b4: 48bb 0000 | 0000 0000 

  0x000001cc10c769bc: ;   {runtime_call nmethod}
  0x000001cc10c769bc: 0000 e9fb 

  0x000001cc10c769c0: ;   {static_stub}
  0x000001cc10c769c0: ffff ff48 | bb00 0000 | 0000 0000 

  0x000001cc10c769cc: ;   {runtime_call nmethod}
  0x000001cc10c769cc: 00e9 fbff 

  0x000001cc10c769d0: ;   {static_stub}
  0x000001cc10c769d0: ffff 48bb | 0000 0000 | 0000 0000 

  0x000001cc10c769dc: ;   {runtime_call nmethod}
  0x000001cc10c769dc: e9fb ffff 

  0x000001cc10c769e0: ;   {static_stub}
  0x000001cc10c769e0: ff48 bb00 | 0000 0000 

  0x000001cc10c769e8: ;   {runtime_call nmethod}
  0x000001cc10c769e8: 0000 00e9 | fbff ffff 

  0x000001cc10c769f0: ;   {static_stub}
  0x000001cc10c769f0: 48bb 0000 | 0000 0000 

  0x000001cc10c769f8: ;   {runtime_call nmethod}
  0x000001cc10c769f8: 0000 e9fb 

  0x000001cc10c769fc: ;   {static_stub}
  0x000001cc10c769fc: ffff ff48 | bb00 0000 | 0000 0000 

  0x000001cc10c76a08: ;   {runtime_call nmethod}
  0x000001cc10c76a08: 00e9 fbff 

  0x000001cc10c76a0c: ;   {static_stub}
  0x000001cc10c76a0c: ffff 48bb | 0000 0000 | 0000 0000 

  0x000001cc10c76a18: ;   {runtime_call nmethod}
  0x000001cc10c76a18: e9fb ffff 

  0x000001cc10c76a1c: ;   {static_stub}
  0x000001cc10c76a1c: ff48 bb00 | 0000 0000 

  0x000001cc10c76a24: ;   {runtime_call nmethod}
  0x000001cc10c76a24: 0000 00e9 | fbff ffff 
[Exception Handler]
  0x000001cc10c76a2c: ;   {runtime_call ExceptionBlob}
  0x000001cc10c76a2c: e94f ca03 | ffe8 0000 | 0000 4883 

  0x000001cc10c76a38: ;   {runtime_call DeoptimizationBlob}
  0x000001cc10c76a38: 2c24 05e9 | e0dc f7fe 
[/MachCode]


---------------  P R O C E S S  ---------------

Threads class SMR info:
_java_thread_list=0x000001cc37378590, length=154, elements={
0x000001cc7a1df500, 0x000001cc17726640, 0x000001cc177272a0, 0x000001cc1772d910,
0x000001cc1772e930, 0x000001cc1772f390, 0x000001cc1772ff20, 0x000001cc1773db50,
0x000001cc1774cf70, 0x000001cc17954f10, 0x000001cc1793d4a0, 0x000001cc38cd1260,
0x000001cc37b7f0c0, 0x000001cc389f0ea0, 0x000001cc38d720f0, 0x000001cc3891bc20,
0x000001cc38a9e0b0, 0x000001cc38d7b840, 0x000001cc38d7d280, 0x000001cc38d7bed0,
0x000001cc38d7b1b0, 0x000001cc38d7c560, 0x000001cc38d7cbf0, 0x000001cc38d79e00,
0x000001cc38d7ab20, 0x000001cc3baf96f0, 0x000001cc3baf6900, 0x000001cc3baf6270,
0x000001cc3baf7620, 0x000001cc3baf9060, 0x000001cc3baf9d80, 0x000001cc3baf7cb0,
0x000001cc3baf89d0, 0x000001cc3bafd890, 0x000001cc3bafa410, 0x000001cc3bafb130,
0x000001cc3bafcb70, 0x000001cc3bafaaa0, 0x000001cc3bafc4e0, 0x000001cc3bafd200,
0x000001cc3bafb7c0, 0x000001cc3b5b91e0, 0x000001cc3b5b84c0, 0x000001cc3b5b9870,
0x000001cc3b5b9f00, 0x000001cc3b5bac20, 0x000001cc3b5bb940, 0x000001cc3b5b8b50,
0x000001cc3b5bc660, 0x000001cc3b5bccf0, 0x000001cc3b5be730, 0x000001cc3b5be0a0,
0x000001cc3b5bedc0, 0x000001cc3b5bd380, 0x000001cc3b5bf450, 0x000001cc3b5bda10,
0x000001cc3b5bfae0, 0x000001cc37069630, 0x000001cc37068280, 0x000001cc37067bf0,
0x000001cc37068910, 0x000001cc37069cc0, 0x000001cc3706c420, 0x000001cc3706cab0,
0x000001cc392b1060, 0x000001cc392b1d80, 0x000001cc392b3130, 0x000001cc392b37c0,
0x000001cc392b16f0, 0x000001cc392b2aa0, 0x000001cc392b09d0, 0x000001cc395662c0,
0x000001cc39564f10, 0x000001cc395655a0, 0x000001cc39567670, 0x000001cc39568a20,
0x000001cc395690b0, 0x000001cc39565c30, 0x000001cc39569dd0, 0x000001cc39566950,
0x000001cc39569740, 0x000001cc3956a460, 0x000001cc39566fe0, 0x000001cc3956aaf0,
0x000001cc3956b810, 0x000001cc397c8db0, 0x000001cc397c9ad0, 0x000001cc397ca7f0,
0x000001cc397cc230, 0x000001cc397cc8c0, 0x000001cc397c9440, 0x000001cc397ce990,
0x000001cc397cb510, 0x000001cc3d43fb10, 0x000001cc3d441550, 0x000001cc3d43f480,
0x000001cc3d4401a0, 0x000001cc3d440830, 0x000001cc3d43e0d0, 0x000001cc3d441be0,
0x000001cc3d43e760, 0x000001cc3d443620, 0x000001cc3d442f90, 0x000001cc3d442900,
0x000001cc3d443cb0, 0x000001cc3d442270, 0x000001cc3d444340, 0x000001cc3d440ec0,
0x000001cc3d4449d0, 0x000001cc3d445060, 0x000001cc3d4456f0, 0x000001cc392b0340,
0x000001cc392b2410, 0x000001cc392b5890, 0x000001cc392b5f20, 0x000001cc392b44e0,
0x000001cc392b4b70, 0x000001cc392b65b0, 0x000001cc392b5200, 0x000001cc392b6c40,
0x000001cc392b72d0, 0x000001cc392b3e50, 0x000001cc392b7960, 0x000001cc397cae80,
0x000001cc397c8090, 0x000001cc397ca160, 0x000001cc397cbba0, 0x000001cc397c8720,
0x000001cc397cf020, 0x000001cc397cdc70, 0x000001cc397cf6b0, 0x000001cc397ccf50,
0x000001cc3956bea0, 0x000001cc3abc1bf0, 0x000001cc3abc0840, 0x000001cc3abc2280,
0x000001cc3c0e80a0, 0x000001cc3c0e8730, 0x000001cc3c0e5940, 0x000001cc3c0e9ae0,
0x000001cc3c0eae90, 0x000001cc3c0de320, 0x000001cc3c0e1e30, 0x000001cc3c0df6d0,
0x000001cc3c0e24c0, 0x000001cc3c0dfd60, 0x000001cc3a5dff00, 0x000001cc449ca8d0,
0x000001cc3c0e31e0, 0x000001cc44adcd00, 0x000001cc449ca240, 0x000001cc44add390,
0x000001cc44ae00c0, 0x000001cc375e1340
}

Java Threads: ( => current thread )
  0x000001cc7a1df500 JavaThread "main"                              [_thread_blocked, id=4720, stack(0x00000072de800000,0x00000072de900000) (1024K)]
  0x000001cc17726640 JavaThread "Reference Handler"          daemon [_thread_blocked, id=18624, stack(0x00000072df000000,0x00000072df100000) (1024K)]
  0x000001cc177272a0 JavaThread "Finalizer"                  daemon [_thread_blocked, id=18940, stack(0x00000072df100000,0x00000072df200000) (1024K)]
  0x000001cc1772d910 JavaThread "Signal Dispatcher"          daemon [_thread_blocked, id=9788, stack(0x00000072df200000,0x00000072df300000) (1024K)]
  0x000001cc1772e930 JavaThread "Attach Listener"            daemon [_thread_blocked, id=12588, stack(0x00000072df300000,0x00000072df400000) (1024K)]
  0x000001cc1772f390 JavaThread "Service Thread"             daemon [_thread_blocked, id=19144, stack(0x00000072df400000,0x00000072df500000) (1024K)]
  0x000001cc1772ff20 JavaThread "Monitor Deflation Thread"   daemon [_thread_blocked, id=17692, stack(0x00000072df500000,0x00000072df600000) (1024K)]
  0x000001cc1773db50 JavaThread "C2 CompilerThread0"         daemon [_thread_in_native, id=21048, stack(0x00000072df600000,0x00000072df700000) (1024K)]
  0x000001cc1774cf70 JavaThread "C1 CompilerThread0"         daemon [_thread_blocked, id=6332, stack(0x00000072df700000,0x00000072df800000) (1024K)]
  0x000001cc17954f10 JavaThread "Common-Cleaner"             daemon [_thread_blocked, id=19624, stack(0x00000072df800000,0x00000072df900000) (1024K)]
  0x000001cc1793d4a0 JavaThread "Notification Thread"        daemon [_thread_blocked, id=16940, stack(0x00000072df900000,0x00000072dfa00000) (1024K)]
  0x000001cc38cd1260 JavaThread "Daemon health stats"               [_thread_blocked, id=672, stack(0x00000072e0300000,0x00000072e0400000) (1024K)]
  0x000001cc37b7f0c0 JavaThread "Incoming local TCP Connector on port 57560"        [_thread_in_native, id=14232, stack(0x00000072e0400000,0x00000072e0500000) (1024K)]
  0x000001cc389f0ea0 JavaThread "Daemon periodic checks"            [_thread_blocked, id=19332, stack(0x00000072e0500000,0x00000072e0600000) (1024K)]
  0x000001cc38d720f0 JavaThread "Daemon"                            [_thread_blocked, id=13872, stack(0x00000072e0600000,0x00000072e0700000) (1024K)]
  0x000001cc3891bc20 JavaThread "Handler for socket connection from /127.0.0.1:57560 to /127.0.0.1:57561"        [_thread_in_native, id=3460, stack(0x00000072e0700000,0x00000072e0800000) (1024K)]
  0x000001cc38a9e0b0 JavaThread "Cancel handler"                    [_thread_blocked, id=16144, stack(0x00000072e0800000,0x00000072e0900000) (1024K)]
=>0x000001cc38d7b840 JavaThread "Daemon worker"                     [_thread_in_vm, id=19148, stack(0x00000072e0900000,0x00000072e0a00000) (1024K)]
  0x000001cc38d7d280 JavaThread "Asynchronous log dispatcher for DefaultDaemonConnection: socket connection from /127.0.0.1:57560 to /127.0.0.1:57561"        [_thread_blocked, id=15188, stack(0x00000072e0a00000,0x00000072e0b00000) (1024K)]
  0x000001cc38d7bed0 JavaThread "Stdin handler"                     [_thread_blocked, id=21196, stack(0x00000072e0b00000,0x00000072e0c00000) (1024K)]
  0x000001cc38d7b1b0 JavaThread "Daemon client event forwarder"        [_thread_blocked, id=14380, stack(0x00000072e0c00000,0x00000072e0d00000) (1024K)]
  0x000001cc38d7c560 JavaThread "Cache worker for journal cache (C:\Users\Admin\.gradle\caches\journal-1)"        [_thread_blocked, id=4140, stack(0x00000072e0d00000,0x00000072e0e00000) (1024K)]
  0x000001cc38d7cbf0 JavaThread "File lock request listener"        [_thread_in_native, id=18524, stack(0x00000072e0e00000,0x00000072e0f00000) (1024K)]
  0x000001cc38d79e00 JavaThread "Cache worker for file hash cache (C:\Users\Admin\.gradle\caches\8.7\fileHashes)"        [_thread_blocked, id=10984, stack(0x00000072e0f00000,0x00000072e1000000) (1024K)]
  0x000001cc38d7ab20 JavaThread "Cache worker for file hash cache (E:\GIT\AopayProject\AOPAY-FinanceAndroidApplication\.gradle\8.7\fileHashes)"        [_thread_blocked, id=20996, stack(0x00000072e1000000,0x00000072e1100000) (1024K)]
  0x000001cc3baf96f0 JavaThread "File watcher server"        daemon [_thread_in_native, id=10064, stack(0x00000072e1200000,0x00000072e1300000) (1024K)]
  0x000001cc3baf6900 JavaThread "File watcher consumer"      daemon [_thread_blocked, id=18692, stack(0x00000072e1300000,0x00000072e1400000) (1024K)]
  0x000001cc3baf6270 JavaThread "Cache worker for checksums cache (E:\GIT\AopayProject\AOPAY-FinanceAndroidApplication\.gradle\8.7\checksums)"        [_thread_blocked, id=340, stack(0x00000072e1400000,0x00000072e1500000) (1024K)]
  0x000001cc3baf7620 JavaThread "Cache worker for cache directory md-supplier (C:\Users\Admin\.gradle\caches\8.7\md-supplier)"        [_thread_blocked, id=16900, stack(0x00000072e1500000,0x00000072e1600000) (1024K)]
  0x000001cc3baf9060 JavaThread "Cache worker for cache directory md-rule (C:\Users\Admin\.gradle\caches\8.7\md-rule)"        [_thread_blocked, id=18656, stack(0x00000072e1600000,0x00000072e1700000) (1024K)]
  0x000001cc3baf9d80 JavaThread "Cache worker for file content cache (C:\Users\Admin\.gradle\caches\8.7\fileContent)"        [_thread_blocked, id=19648, stack(0x00000072e1700000,0x00000072e1800000) (1024K)]
  0x000001cc3baf7cb0 JavaThread "jar transforms"                    [_thread_blocked, id=20828, stack(0x00000072e1800000,0x00000072e1900000) (1024K)]
  0x000001cc3baf89d0 JavaThread "jar transforms Thread 2"           [_thread_blocked, id=19024, stack(0x00000072e1900000,0x00000072e1a00000) (1024K)]
  0x000001cc3bafd890 JavaThread "jar transforms Thread 3"           [_thread_blocked, id=12960, stack(0x00000072e1a00000,0x00000072e1b00000) (1024K)]
  0x000001cc3bafa410 JavaThread "Unconstrained build operations"        [_thread_blocked, id=1636, stack(0x00000072dfb00000,0x00000072dfc00000) (1024K)]
  0x000001cc3bafb130 JavaThread "Unconstrained build operations Thread 2"        [_thread_blocked, id=8072, stack(0x00000072e1b00000,0x00000072e1c00000) (1024K)]
  0x000001cc3bafcb70 JavaThread "Unconstrained build operations Thread 3"        [_thread_blocked, id=13764, stack(0x00000072e1c00000,0x00000072e1d00000) (1024K)]
  0x000001cc3bafaaa0 JavaThread "Unconstrained build operations Thread 4"        [_thread_blocked, id=9880, stack(0x00000072e1d00000,0x00000072e1e00000) (1024K)]
  0x000001cc3bafc4e0 JavaThread "Unconstrained build operations Thread 5"        [_thread_blocked, id=19636, stack(0x00000072e1e00000,0x00000072e1f00000) (1024K)]
  0x000001cc3bafd200 JavaThread "Unconstrained build operations Thread 6"        [_thread_blocked, id=18632, stack(0x00000072e1f00000,0x00000072e2000000) (1024K)]
  0x000001cc3bafb7c0 JavaThread "Unconstrained build operations Thread 7"        [_thread_blocked, id=19824, stack(0x00000072e2000000,0x00000072e2100000) (1024K)]
  0x000001cc3b5b91e0 JavaThread "jar transforms Thread 4"           [_thread_blocked, id=7460, stack(0x00000072e2100000,0x00000072e2200000) (1024K)]
  0x000001cc3b5b84c0 JavaThread "jar transforms Thread 5"           [_thread_blocked, id=4032, stack(0x00000072e2200000,0x00000072e2300000) (1024K)]
  0x000001cc3b5b9870 JavaThread "jar transforms Thread 6"           [_thread_blocked, id=3872, stack(0x00000072e2300000,0x00000072e2400000) (1024K)]
  0x000001cc3b5b9f00 JavaThread "jar transforms Thread 7"           [_thread_blocked, id=19188, stack(0x00000072e2400000,0x00000072e2500000) (1024K)]
  0x000001cc3b5bac20 JavaThread "jar transforms Thread 8"           [_thread_blocked, id=9732, stack(0x00000072e2500000,0x00000072e2600000) (1024K)]
  0x000001cc3b5bb940 JavaThread "Cache worker for Build Output Cleanup Cache (E:\GIT\AopayProject\AOPAY-FinanceAndroidApplication\.gradle\buildOutputCleanup)"        [_thread_blocked, id=18080, stack(0x00000072e2700000,0x00000072e2800000) (1024K)]
  0x000001cc3b5b8b50 JavaThread "Unconstrained build operations Thread 8"        [_thread_blocked, id=19112, stack(0x00000072e2800000,0x00000072e2900000) (1024K)]
  0x000001cc3b5bc660 JavaThread "Unconstrained build operations Thread 9"        [_thread_blocked, id=19360, stack(0x00000072e2900000,0x00000072e2a00000) (1024K)]
  0x000001cc3b5bccf0 JavaThread "Unconstrained build operations Thread 10"        [_thread_blocked, id=20488, stack(0x00000072e2a00000,0x00000072e2b00000) (1024K)]
  0x000001cc3b5be730 JavaThread "Unconstrained build operations Thread 11"        [_thread_blocked, id=2100, stack(0x00000072e2b00000,0x00000072e2c00000) (1024K)]
  0x000001cc3b5be0a0 JavaThread "Unconstrained build operations Thread 12"        [_thread_blocked, id=11284, stack(0x00000072e2c00000,0x00000072e2d00000) (1024K)]
  0x000001cc3b5bedc0 JavaThread "Unconstrained build operations Thread 13"        [_thread_blocked, id=13468, stack(0x00000072e2d00000,0x00000072e2e00000) (1024K)]
  0x000001cc3b5bd380 JavaThread "Unconstrained build operations Thread 14"        [_thread_blocked, id=19216, stack(0x00000072e2e00000,0x00000072e2f00000) (1024K)]
  0x000001cc3b5bf450 JavaThread "Unconstrained build operations Thread 15"        [_thread_blocked, id=100, stack(0x00000072e2f00000,0x00000072e3000000) (1024K)]
  0x000001cc3b5bda10 JavaThread "Unconstrained build operations Thread 16"        [_thread_blocked, id=18452, stack(0x00000072e3000000,0x00000072e3100000) (1024K)]
  0x000001cc3b5bfae0 JavaThread "Unconstrained build operations Thread 17"        [_thread_blocked, id=21192, stack(0x00000072e3100000,0x00000072e3200000) (1024K)]
  0x000001cc37069630 JavaThread "Unconstrained build operations Thread 18"        [_thread_blocked, id=16268, stack(0x00000072e3200000,0x00000072e3300000) (1024K)]
  0x000001cc37068280 JavaThread "Unconstrained build operations Thread 19"        [_thread_blocked, id=776, stack(0x00000072e3300000,0x00000072e3400000) (1024K)]
  0x000001cc37067bf0 JavaThread "Unconstrained build operations Thread 20"        [_thread_blocked, id=18584, stack(0x00000072e3400000,0x00000072e3500000) (1024K)]
  0x000001cc37068910 JavaThread "Unconstrained build operations Thread 21"        [_thread_blocked, id=12052, stack(0x00000072e3500000,0x00000072e3600000) (1024K)]
  0x000001cc37069cc0 JavaThread "Memory manager"                    [_thread_blocked, id=17576, stack(0x00000072e3600000,0x00000072e3700000) (1024K)]
  0x000001cc3706c420 JavaThread "included builds"                   [_thread_blocked, id=15372, stack(0x00000072e3900000,0x00000072e3a00000) (1024K)]
  0x000001cc3706cab0 JavaThread "Execution worker"                  [_thread_blocked, id=10304, stack(0x00000072e3a00000,0x00000072e3b00000) (1024K)]
  0x000001cc392b1060 JavaThread "Execution worker Thread 2"         [_thread_blocked, id=11180, stack(0x00000072e3b00000,0x00000072e3c00000) (1024K)]
  0x000001cc392b1d80 JavaThread "Execution worker Thread 3"         [_thread_blocked, id=18332, stack(0x00000072e3c00000,0x00000072e3d00000) (1024K)]
  0x000001cc392b3130 JavaThread "Execution worker Thread 4"         [_thread_blocked, id=12312, stack(0x00000072e3d00000,0x00000072e3e00000) (1024K)]
  0x000001cc392b37c0 JavaThread "Execution worker Thread 5"         [_thread_blocked, id=16228, stack(0x00000072e3e00000,0x00000072e3f00000) (1024K)]
  0x000001cc392b16f0 JavaThread "Execution worker Thread 6"         [_thread_blocked, id=8956, stack(0x00000072e3f00000,0x00000072e4000000) (1024K)]
  0x000001cc392b2aa0 JavaThread "Execution worker Thread 7"         [_thread_blocked, id=11192, stack(0x00000072e4000000,0x00000072e4100000) (1024K)]
  0x000001cc392b09d0 JavaThread "Cache worker for execution history cache (E:\GIT\AopayProject\AOPAY-FinanceAndroidApplication\.gradle\8.7\executionHistory)"        [_thread_blocked, id=6940, stack(0x00000072e4100000,0x00000072e4200000) (1024K)]
  0x000001cc395662c0 JavaThread "Unconstrained build operations Thread 22"        [_thread_blocked, id=8320, stack(0x00000072e4200000,0x00000072e4300000) (1024K)]
  0x000001cc39564f10 JavaThread "Unconstrained build operations Thread 23"        [_thread_blocked, id=15192, stack(0x00000072e4300000,0x00000072e4400000) (1024K)]
  0x000001cc395655a0 JavaThread "Unconstrained build operations Thread 24"        [_thread_blocked, id=17608, stack(0x00000072e4400000,0x00000072e4500000) (1024K)]
  0x000001cc39567670 JavaThread "Unconstrained build operations Thread 25"        [_thread_blocked, id=21008, stack(0x00000072e4500000,0x00000072e4600000) (1024K)]
  0x000001cc39568a20 JavaThread "Unconstrained build operations Thread 26"        [_thread_blocked, id=12264, stack(0x00000072e4600000,0x00000072e4700000) (1024K)]
  0x000001cc395690b0 JavaThread "Unconstrained build operations Thread 27"        [_thread_blocked, id=7432, stack(0x00000072e4700000,0x00000072e4800000) (1024K)]
  0x000001cc39565c30 JavaThread "Unconstrained build operations Thread 28"        [_thread_blocked, id=17980, stack(0x00000072e4800000,0x00000072e4900000) (1024K)]
  0x000001cc39569dd0 JavaThread "Unconstrained build operations Thread 29"        [_thread_blocked, id=11348, stack(0x00000072e4900000,0x00000072e4a00000) (1024K)]
  0x000001cc39566950 JavaThread "Unconstrained build operations Thread 30"        [_thread_blocked, id=15392, stack(0x00000072e4a00000,0x00000072e4b00000) (1024K)]
  0x000001cc39569740 JavaThread "Unconstrained build operations Thread 31"        [_thread_blocked, id=19476, stack(0x00000072e4b00000,0x00000072e4c00000) (1024K)]
  0x000001cc3956a460 JavaThread "Unconstrained build operations Thread 32"        [_thread_blocked, id=14916, stack(0x00000072e4c00000,0x00000072e4d00000) (1024K)]
  0x000001cc39566fe0 JavaThread "Unconstrained build operations Thread 33"        [_thread_blocked, id=21456, stack(0x00000072e4d00000,0x00000072e4e00000) (1024K)]
  0x000001cc3956aaf0 JavaThread "Unconstrained build operations Thread 34"        [_thread_blocked, id=3512, stack(0x00000072e4e00000,0x00000072e4f00000) (1024K)]
  0x000001cc3956b810 JavaThread "Unconstrained build operations Thread 35"        [_thread_blocked, id=14616, stack(0x00000072e4f00000,0x00000072e5000000) (1024K)]
  0x000001cc397c8db0 JavaThread "Unconstrained build operations Thread 36"        [_thread_blocked, id=18548, stack(0x00000072e5000000,0x00000072e5100000) (1024K)]
  0x000001cc397c9ad0 JavaThread "Unconstrained build operations Thread 37"        [_thread_blocked, id=11948, stack(0x00000072e5100000,0x00000072e5200000) (1024K)]
  0x000001cc397ca7f0 JavaThread "Unconstrained build operations Thread 38"        [_thread_blocked, id=20812, stack(0x00000072e5200000,0x00000072e5300000) (1024K)]
  0x000001cc397cc230 JavaThread "Unconstrained build operations Thread 39"        [_thread_blocked, id=15712, stack(0x00000072e5300000,0x00000072e5400000) (1024K)]
  0x000001cc397cc8c0 JavaThread "Unconstrained build operations Thread 40"        [_thread_blocked, id=12608, stack(0x00000072e5400000,0x00000072e5500000) (1024K)]
  0x000001cc397c9440 JavaThread "Unconstrained build operations Thread 41"        [_thread_blocked, id=13228, stack(0x00000072e5500000,0x00000072e5600000) (1024K)]
  0x000001cc397ce990 JavaThread "Unconstrained build operations Thread 42"        [_thread_blocked, id=9976, stack(0x00000072e5600000,0x00000072e5700000) (1024K)]
  0x000001cc397cb510 JavaThread "WorkerExecutor Queue"              [_thread_blocked, id=8832, stack(0x00000072e5700000,0x00000072e5800000) (1024K)]
  0x000001cc3d43fb10 JavaThread "Unconstrained build operations Thread 43"        [_thread_blocked, id=14548, stack(0x00000072e5800000,0x00000072e5900000) (1024K)]
  0x000001cc3d441550 JavaThread "WorkerExecutor Queue Thread 2"        [_thread_blocked, id=17444, stack(0x00000072e5900000,0x00000072e5a00000) (1024K)]
  0x000001cc3d43f480 JavaThread "Unconstrained build operations Thread 44"        [_thread_blocked, id=13984, stack(0x00000072e5a00000,0x00000072e5b00000) (1024K)]
  0x000001cc3d4401a0 JavaThread "Unconstrained build operations Thread 45"        [_thread_blocked, id=336, stack(0x00000072e5b00000,0x00000072e5c00000) (1024K)]
  0x000001cc3d440830 JavaThread "Unconstrained build operations Thread 46"        [_thread_blocked, id=5260, stack(0x00000072e5c00000,0x00000072e5d00000) (1024K)]
  0x000001cc3d43e0d0 JavaThread "Unconstrained build operations Thread 47"        [_thread_blocked, id=8740, stack(0x00000072e5d00000,0x00000072e5e00000) (1024K)]
  0x000001cc3d441be0 JavaThread "Unconstrained build operations Thread 48"        [_thread_blocked, id=18064, stack(0x00000072e5e00000,0x00000072e5f00000) (1024K)]
  0x000001cc3d43e760 JavaThread "Unconstrained build operations Thread 49"        [_thread_blocked, id=19844, stack(0x00000072e5f00000,0x00000072e6000000) (1024K)]
  0x000001cc3d443620 JavaThread "Unconstrained build operations Thread 50"        [_thread_blocked, id=15068, stack(0x00000072e6000000,0x00000072e6100000) (1024K)]
  0x000001cc3d442f90 JavaThread "Unconstrained build operations Thread 51"        [_thread_blocked, id=20684, stack(0x00000072e6100000,0x00000072e6200000) (1024K)]
  0x000001cc3d442900 JavaThread "Unconstrained build operations Thread 52"        [_thread_blocked, id=10912, stack(0x00000072e6200000,0x00000072e6300000) (1024K)]
  0x000001cc3d443cb0 JavaThread "Unconstrained build operations Thread 53"        [_thread_blocked, id=12828, stack(0x00000072e6300000,0x00000072e6400000) (1024K)]
  0x000001cc3d442270 JavaThread "Unconstrained build operations Thread 54"        [_thread_blocked, id=10516, stack(0x00000072e6400000,0x00000072e6500000) (1024K)]
  0x000001cc3d444340 JavaThread "Unconstrained build operations Thread 55"        [_thread_blocked, id=18532, stack(0x00000072e6500000,0x00000072e6600000) (1024K)]
  0x000001cc3d440ec0 JavaThread "Unconstrained build operations Thread 56"        [_thread_blocked, id=11548, stack(0x00000072e6600000,0x00000072e6700000) (1024K)]
  0x000001cc3d4449d0 JavaThread "Unconstrained build operations Thread 57"        [_thread_blocked, id=20928, stack(0x00000072e6700000,0x00000072e6800000) (1024K)]
  0x000001cc3d445060 JavaThread "Unconstrained build operations Thread 58"        [_thread_blocked, id=15048, stack(0x00000072e6800000,0x00000072e6900000) (1024K)]
  0x000001cc3d4456f0 JavaThread "Unconstrained build operations Thread 59"        [_thread_blocked, id=11520, stack(0x00000072e6900000,0x00000072e6a00000) (1024K)]
  0x000001cc392b0340 JavaThread "Unconstrained build operations Thread 60"        [_thread_blocked, id=8464, stack(0x00000072e6a00000,0x00000072e6b00000) (1024K)]
  0x000001cc392b2410 JavaThread "Unconstrained build operations Thread 61"        [_thread_blocked, id=2880, stack(0x00000072e6b00000,0x00000072e6c00000) (1024K)]
  0x000001cc392b5890 JavaThread "Unconstrained build operations Thread 62"        [_thread_blocked, id=15308, stack(0x00000072e6c00000,0x00000072e6d00000) (1024K)]
  0x000001cc392b5f20 JavaThread "Unconstrained build operations Thread 63"        [_thread_blocked, id=21404, stack(0x00000072e6d00000,0x00000072e6e00000) (1024K)]
  0x000001cc392b44e0 JavaThread "Unconstrained build operations Thread 64"        [_thread_blocked, id=16608, stack(0x00000072e6e00000,0x00000072e6f00000) (1024K)]
  0x000001cc392b4b70 JavaThread "Unconstrained build operations Thread 65"        [_thread_blocked, id=1964, stack(0x00000072e6f00000,0x00000072e7000000) (1024K)]
  0x000001cc392b65b0 JavaThread "Unconstrained build operations Thread 66"        [_thread_blocked, id=8672, stack(0x00000072e7000000,0x00000072e7100000) (1024K)]
  0x000001cc392b5200 JavaThread "Unconstrained build operations Thread 67"        [_thread_blocked, id=19840, stack(0x00000072e7100000,0x00000072e7200000) (1024K)]
  0x000001cc392b6c40 JavaThread "Unconstrained build operations Thread 68"        [_thread_blocked, id=14004, stack(0x00000072e7200000,0x00000072e7300000) (1024K)]
  0x000001cc392b72d0 JavaThread "Unconstrained build operations Thread 69"        [_thread_blocked, id=21164, stack(0x00000072e7300000,0x00000072e7400000) (1024K)]
  0x000001cc392b3e50 JavaThread "Unconstrained build operations Thread 70"        [_thread_blocked, id=8300, stack(0x00000072e7400000,0x00000072e7500000) (1024K)]
  0x000001cc392b7960 JavaThread "Unconstrained build operations Thread 71"        [_thread_blocked, id=20524, stack(0x00000072e7500000,0x00000072e7600000) (1024K)]
  0x000001cc397cae80 JavaThread "Unconstrained build operations Thread 72"        [_thread_blocked, id=14788, stack(0x00000072e7600000,0x00000072e7700000) (1024K)]
  0x000001cc397c8090 JavaThread "Unconstrained build operations Thread 73"        [_thread_blocked, id=15880, stack(0x00000072e7700000,0x00000072e7800000) (1024K)]
  0x000001cc397ca160 JavaThread "Unconstrained build operations Thread 74"        [_thread_blocked, id=18096, stack(0x00000072e7800000,0x00000072e7900000) (1024K)]
  0x000001cc397cbba0 JavaThread "Unconstrained build operations Thread 75"        [_thread_blocked, id=9100, stack(0x00000072e7900000,0x00000072e7a00000) (1024K)]
  0x000001cc397c8720 JavaThread "Unconstrained build operations Thread 76"        [_thread_blocked, id=18276, stack(0x00000072e7a00000,0x00000072e7b00000) (1024K)]
  0x000001cc397cf020 JavaThread "Unconstrained build operations Thread 77"        [_thread_blocked, id=17720, stack(0x00000072e7b00000,0x00000072e7c00000) (1024K)]
  0x000001cc397cdc70 JavaThread "Unconstrained build operations Thread 78"        [_thread_blocked, id=6660, stack(0x00000072e7c00000,0x00000072e7d00000) (1024K)]
  0x000001cc397cf6b0 JavaThread "Unconstrained build operations Thread 79"        [_thread_blocked, id=11732, stack(0x00000072e7d00000,0x00000072e7e00000) (1024K)]
  0x000001cc397ccf50 JavaThread "Unconstrained build operations Thread 80"        [_thread_blocked, id=8660, stack(0x00000072e7e00000,0x00000072e7f00000) (1024K)]
  0x000001cc3956bea0 JavaThread "WorkerExecutor Queue Thread 3"        [_thread_blocked, id=16112, stack(0x00000072e7f00000,0x00000072e8000000) (1024K)]
  0x000001cc3abc1bf0 JavaThread "pool-3-thread-1"                   [_thread_blocked, id=9604, stack(0x00000072e8000000,0x00000072e8100000) (1024K)]
  0x000001cc3abc0840 JavaThread "stderr"                            [_thread_in_native, id=16668, stack(0x00000072e8100000,0x00000072e8200000) (1024K)]
  0x000001cc3abc2280 JavaThread "stdout"                            [_thread_in_native, id=17496, stack(0x00000072e8200000,0x00000072e8300000) (1024K)]
  0x000001cc3c0e80a0 JavaThread "WorkerExecutor Queue Thread 4"        [_thread_blocked, id=16772, stack(0x00000072e8300000,0x00000072e8400000) (1024K)]
  0x000001cc3c0e8730 JavaThread "RMI Scheduler(0)"           daemon [_thread_blocked, id=12976, stack(0x00000072dfa00000,0x00000072dfb00000) (1024K)]
  0x000001cc3c0e5940 JavaThread "RMI GC Daemon"              daemon [_thread_blocked, id=2300, stack(0x00000072e8400000,0x00000072e8500000) (1024K)]
  0x000001cc3c0e9ae0 JavaThread "RMI TCP Accept-0"           daemon [_thread_in_native, id=17740, stack(0x00000072e8500000,0x00000072e8600000) (1024K)]
  0x000001cc3c0eae90 JavaThread "RMI Reaper"                        [_thread_blocked, id=6596, stack(0x00000072e8600000,0x00000072e8700000) (1024K)]
  0x000001cc3c0de320 JavaThread "RMI TCP Connection(1)-127.0.0.1" daemon [_thread_in_native, id=5276, stack(0x00000072e8700000,0x00000072e8800000) (1024K)]
  0x000001cc3c0e1e30 JavaThread "WorkerExecutor Queue Thread 5"        [_thread_blocked, id=4480, stack(0x00000072e8900000,0x00000072e8a00000) (1024K)]
  0x000001cc3c0df6d0 JavaThread "WorkerExecutor Queue Thread 6"        [_thread_blocked, id=11484, stack(0x00000072e8a00000,0x00000072e8b00000) (1024K)]
  0x000001cc3c0e24c0 JavaThread "WorkerExecutor Queue Thread 7"        [_thread_blocked, id=21476, stack(0x00000072e8b00000,0x00000072e8c00000) (1024K)]
  0x000001cc3c0dfd60 JavaThread "WorkerExecutor Queue Thread 8"        [_thread_blocked, id=10356, stack(0x00000072e8c00000,0x00000072e8d00000) (1024K)]
  0x000001cc3a5dff00 JavaThread "ForkJoinPool.commonPool-worker-1" daemon [_thread_blocked, id=17100, stack(0x00000072e3700000,0x00000072e3800000) (1024K)]
  0x000001cc449ca8d0 JavaThread "ForkJoinPool.commonPool-worker-2" daemon [_thread_blocked, id=19652, stack(0x00000072e8d00000,0x00000072e8e00000) (1024K)]
  0x000001cc3c0e31e0 JavaThread "ForkJoinPool.commonPool-worker-3" daemon [_thread_blocked, id=10008, stack(0x00000072e8e00000,0x00000072e8f00000) (1024K)]
  0x000001cc44adcd00 JavaThread "ForkJoinPool.commonPool-worker-4" daemon [_thread_blocked, id=14560, stack(0x00000072e8f00000,0x00000072e9000000) (1024K)]
  0x000001cc449ca240 JavaThread "ForkJoinPool.commonPool-worker-5" daemon [_thread_blocked, id=12868, stack(0x00000072e9000000,0x00000072e9100000) (1024K)]
  0x000001cc44add390 JavaThread "ForkJoinPool.commonPool-worker-6" daemon [_thread_blocked, id=8304, stack(0x00000072e9100000,0x00000072e9200000) (1024K)]
  0x000001cc44ae00c0 JavaThread "ForkJoinPool.commonPool-worker-7" daemon [_thread_blocked, id=300, stack(0x00000072e9200000,0x00000072e9300000) (1024K)]
  0x000001cc375e1340 JavaThread "C2 CompilerThread1"         daemon [_thread_blocked, id=19404, stack(0x00000072de700000,0x00000072de800000) (1024K)]
Total: 154

Other Threads:
  0x000001cc17708fd0 VMThread "VM Thread"                           [id=17008, stack(0x00000072def00000,0x00000072df000000) (1024K)] _threads_hazard_ptr=0x000001cc37378590
  0x000001cc7e44b6f0 WatcherThread "VM Periodic Task Thread"        [id=16276, stack(0x00000072dee00000,0x00000072def00000) (1024K)]
  0x000001cc7a2190c0 WorkerThread "GC Thread#0"                     [id=16332, stack(0x00000072de900000,0x00000072dea00000) (1024K)]
  0x000001cc3790b130 WorkerThread "GC Thread#1"                     [id=10828, stack(0x00000072dfc00000,0x00000072dfd00000) (1024K)]
  0x000001cc3790b4e0 WorkerThread "GC Thread#2"                     [id=3652, stack(0x00000072dfd00000,0x00000072dfe00000) (1024K)]
  0x000001cc3750f320 WorkerThread "GC Thread#3"                     [id=20632, stack(0x00000072dfe00000,0x00000072dff00000) (1024K)]
  0x000001cc37679c00 WorkerThread "GC Thread#4"                     [id=21124, stack(0x00000072dff00000,0x00000072e0000000) (1024K)]
  0x000001cc3786d3f0 WorkerThread "GC Thread#5"                     [id=15680, stack(0x00000072e0000000,0x00000072e0100000) (1024K)]
  0x000001cc3786d7a0 WorkerThread "GC Thread#6"                     [id=21440, stack(0x00000072e0100000,0x00000072e0200000) (1024K)]
  0x000001cc3786c530 WorkerThread "GC Thread#7"                     [id=4632, stack(0x00000072e0200000,0x00000072e0300000) (1024K)]
  0x000001cc77f29f90 ConcurrentGCThread "G1 Main Marker"            [id=19452, stack(0x00000072dea00000,0x00000072deb00000) (1024K)]
  0x000001cc77f2b830 WorkerThread "G1 Conc#0"                       [id=2676, stack(0x00000072deb00000,0x00000072dec00000) (1024K)]
  0x000001cc38dbd2a0 WorkerThread "G1 Conc#1"                       [id=8868, stack(0x00000072e1100000,0x00000072e1200000) (1024K)]
  0x000001cc7e3a1400 ConcurrentGCThread "G1 Refine#0"               [id=18684, stack(0x00000072dec00000,0x00000072ded00000) (1024K)]
  0x000001cc7e3a3040 ConcurrentGCThread "G1 Service"                [id=18488, stack(0x00000072ded00000,0x00000072dee00000) (1024K)]
Total: 15

Threads with active compile tasks:
C2 CompilerThread0  42163 21108   !   4       java.io.ObjectOutputStream::writeObject0 (620 bytes)
Total: 1

VM state: synchronizing (normal execution)

VM Mutex/Monitor currently owned by a thread:  ([mutex/lock_event])
[0x00007ffefb96c7b0] CodeCache_lock - owner thread: 0x000001cc38d7b840
[0x00007ffefb96c8b0] Threads_lock - owner thread: 0x000001cc17708fd0

Heap address: 0x00000000c0000000, size: 1024 MB, Compressed Oops mode: 32-bit

CDS archive(s) mapped at: [0x000001cc18000000-0x000001cc18c80000-0x000001cc18c80000), size 13107200, SharedBaseAddress: 0x000001cc18000000, ArchiveRelocationMode: 1.
Compressed class space mapped at: 0x000001cc19000000-0x000001cc33000000, reserved size: 436207616
Narrow klass base: 0x000001cc18000000, Narrow klass shift: 0, Narrow klass range: 0x100000000

GC Precious Log:
 CardTable entry size: 512
 Card Set container configuration: InlinePtr #cards 5 size 8 Array Of Cards #cards 12 size 40 Howl #buckets 4 coarsen threshold 1843 Howl Bitmap #cards 512 size 80 coarsen threshold 460 Card regions per heap region 1 cards per card region 2048
 CPUs: 8 total, 8 available
 Memory: 24427M
 Large Page Support: Disabled
 NUMA Support: Disabled
 Compressed Oops: Enabled (32-bit)
 Heap Region Size: 1M
 Heap Min Capacity: 8M
 Heap Initial Capacity: 382M
 Heap Max Capacity: 1G
 Pre-touch: Disabled
 Parallel Workers: 8
 Concurrent Workers: 2
 Concurrent Refinement Workers: 8
 Periodic GC: Disabled

Heap:
 garbage-first heap   total 1048576K, used 823296K [0x00000000c0000000, 0x0000000100000000)
  region size 1024K, 11 young (11264K), 3 survivors (3072K)
 Metaspace       used 132392K, committed 134976K, reserved 557056K
  class space    used 18304K, committed 19584K, reserved 425984K

Heap Regions: E=young(eden), S=young(survivor), O=old, HS=humongous(starts), HC=humongous(continues), CS=collection set, F=free, TAMS=top-at-mark-start, PB=parsable bottom
|   0|0x00000000c0000000, 0x00000000c0100000, 0x00000000c0100000|100%|HS|  |TAMS 0x00000000c0000000| PB 0x00000000c0000000| Complete 
|   1|0x00000000c0100000, 0x00000000c0200000, 0x00000000c0200000|100%|HC|  |TAMS 0x00000000c0100000| PB 0x00000000c0100000| Complete 
|   2|0x00000000c0200000, 0x00000000c0300000, 0x00000000c0300000|100%|HC|  |TAMS 0x00000000c0200000| PB 0x00000000c0200000| Complete 
|   3|0x00000000c0300000, 0x00000000c0400000, 0x00000000c0400000|100%|HC|  |TAMS 0x00000000c0300000| PB 0x00000000c0300000| Complete 
|   4|0x00000000c0400000, 0x00000000c0500000, 0x00000000c0500000|100%| O|  |TAMS 0x00000000c0400000| PB 0x00000000c0400000| Untracked 
|   5|0x00000000c0500000, 0x00000000c0600000, 0x00000000c0600000|100%| O|  |TAMS 0x00000000c0500000| PB 0x00000000c0500000| Untracked 
|   6|0x00000000c0600000, 0x00000000c0700000, 0x00000000c0700000|100%| O|  |TAMS 0x00000000c0600000| PB 0x00000000c0600000| Untracked 
|   7|0x00000000c0700000, 0x00000000c0800000, 0x00000000c0800000|100%| O|  |TAMS 0x00000000c0700000| PB 0x00000000c0700000| Untracked 
|   8|0x00000000c0800000, 0x00000000c0900000, 0x00000000c0900000|100%| O|  |TAMS 0x00000000c0800000| PB 0x00000000c0800000| Untracked 
|   9|0x00000000c0900000, 0x00000000c0a00000, 0x00000000c0a00000|100%| O|  |TAMS 0x00000000c0900000| PB 0x00000000c0900000| Untracked 
|  10|0x00000000c0a00000, 0x00000000c0b00000, 0x00000000c0b00000|100%| O|  |TAMS 0x00000000c0a00000| PB 0x00000000c0a00000| Untracked 
|  11|0x00000000c0b00000, 0x00000000c0c00000, 0x00000000c0c00000|100%| O|  |TAMS 0x00000000c0b00000| PB 0x00000000c0b00000| Untracked 
|  12|0x00000000c0c00000, 0x00000000c0d00000, 0x00000000c0d00000|100%| O|  |TAMS 0x00000000c0c00000| PB 0x00000000c0c00000| Untracked 
|  13|0x00000000c0d00000, 0x00000000c0e00000, 0x00000000c0e00000|100%| O|  |TAMS 0x00000000c0d00000| PB 0x00000000c0d00000| Untracked 
|  14|0x00000000c0e00000, 0x00000000c0f00000, 0x00000000c0f00000|100%| O|  |TAMS 0x00000000c0e00000| PB 0x00000000c0e00000| Untracked 
|  15|0x00000000c0f00000, 0x00000000c1000000, 0x00000000c1000000|100%| O|  |TAMS 0x00000000c0f00000| PB 0x00000000c0f00000| Untracked 
|  16|0x00000000c1000000, 0x00000000c1100000, 0x00000000c1100000|100%| O|  |TAMS 0x00000000c1000000| PB 0x00000000c1000000| Untracked 
|  17|0x00000000c1100000, 0x00000000c1200000, 0x00000000c1200000|100%| O|  |TAMS 0x00000000c1100000| PB 0x00000000c1100000| Untracked 
|  18|0x00000000c1200000, 0x00000000c1300000, 0x00000000c1300000|100%| O|  |TAMS 0x00000000c1200000| PB 0x00000000c1200000| Untracked 
|  19|0x00000000c1300000, 0x00000000c1400000, 0x00000000c1400000|100%| O|  |TAMS 0x00000000c1300000| PB 0x00000000c1300000| Untracked 
|  20|0x00000000c1400000, 0x00000000c1500000, 0x00000000c1500000|100%| O|  |TAMS 0x00000000c1400000| PB 0x00000000c1400000| Untracked 
|  21|0x00000000c1500000, 0x00000000c1600000, 0x00000000c1600000|100%| O|  |TAMS 0x00000000c1500000| PB 0x00000000c1500000| Untracked 
|  22|0x00000000c1600000, 0x00000000c1700000, 0x00000000c1700000|100%| O|  |TAMS 0x00000000c1600000| PB 0x00000000c1600000| Untracked 
|  23|0x00000000c1700000, 0x00000000c1800000, 0x00000000c1800000|100%|HS|  |TAMS 0x00000000c1700000| PB 0x00000000c1700000| Complete 
|  24|0x00000000c1800000, 0x00000000c1900000, 0x00000000c1900000|100%| O|  |TAMS 0x00000000c1800000| PB 0x00000000c1800000| Untracked 
|  25|0x00000000c1900000, 0x00000000c1a00000, 0x00000000c1a00000|100%| O|  |TAMS 0x00000000c1900000| PB 0x00000000c1900000| Untracked 
|  26|0x00000000c1a00000, 0x00000000c1b00000, 0x00000000c1b00000|100%| O|  |TAMS 0x00000000c1a00000| PB 0x00000000c1a00000| Untracked 
|  27|0x00000000c1b00000, 0x00000000c1c00000, 0x00000000c1c00000|100%| O|  |TAMS 0x00000000c1b00000| PB 0x00000000c1b00000| Untracked 
|  28|0x00000000c1c00000, 0x00000000c1d00000, 0x00000000c1d00000|100%| O|  |TAMS 0x00000000c1c00000| PB 0x00000000c1c00000| Untracked 
|  29|0x00000000c1d00000, 0x00000000c1e00000, 0x00000000c1e00000|100%| O|  |TAMS 0x00000000c1d00000| PB 0x00000000c1d00000| Untracked 
|  30|0x00000000c1e00000, 0x00000000c1f00000, 0x00000000c1f00000|100%| O|  |TAMS 0x00000000c1e00000| PB 0x00000000c1e00000| Untracked 
|  31|0x00000000c1f00000, 0x00000000c2000000, 0x00000000c2000000|100%| O|  |TAMS 0x00000000c1f00000| PB 0x00000000c1f00000| Untracked 
|  32|0x00000000c2000000, 0x00000000c2100000, 0x00000000c2100000|100%| O|  |TAMS 0x00000000c2000000| PB 0x00000000c2000000| Untracked 
|  33|0x00000000c2100000, 0x00000000c2200000, 0x00000000c2200000|100%| O|  |TAMS 0x00000000c2100000| PB 0x00000000c2100000| Untracked 
|  34|0x00000000c2200000, 0x00000000c2300000, 0x00000000c2300000|100%| O|  |TAMS 0x00000000c2200000| PB 0x00000000c2200000| Untracked 
|  35|0x00000000c2300000, 0x00000000c2400000, 0x00000000c2400000|100%| O|  |TAMS 0x00000000c2300000| PB 0x00000000c2300000| Untracked 
|  36|0x00000000c2400000, 0x00000000c2500000, 0x00000000c2500000|100%| O|  |TAMS 0x00000000c2400000| PB 0x00000000c2400000| Untracked 
|  37|0x00000000c2500000, 0x00000000c2600000, 0x00000000c2600000|100%|HS|  |TAMS 0x00000000c2500000| PB 0x00000000c2500000| Complete 
|  38|0x00000000c2600000, 0x00000000c2700000, 0x00000000c2700000|100%|HS|  |TAMS 0x00000000c2600000| PB 0x00000000c2600000| Complete 
|  39|0x00000000c2700000, 0x00000000c2800000, 0x00000000c2800000|100%|HS|  |TAMS 0x00000000c2700000| PB 0x00000000c2700000| Complete 
|  40|0x00000000c2800000, 0x00000000c2900000, 0x00000000c2900000|100%|HC|  |TAMS 0x00000000c2800000| PB 0x00000000c2800000| Complete 
|  41|0x00000000c2900000, 0x00000000c2a00000, 0x00000000c2a00000|100%|HS|  |TAMS 0x00000000c2900000| PB 0x00000000c2900000| Complete 
|  42|0x00000000c2a00000, 0x00000000c2b00000, 0x00000000c2b00000|100%|HC|  |TAMS 0x00000000c2a00000| PB 0x00000000c2a00000| Complete 
|  43|0x00000000c2b00000, 0x00000000c2c00000, 0x00000000c2c00000|100%|HS|  |TAMS 0x00000000c2b00000| PB 0x00000000c2b00000| Complete 
|  44|0x00000000c2c00000, 0x00000000c2d00000, 0x00000000c2d00000|100%|HS|  |TAMS 0x00000000c2c00000| PB 0x00000000c2c00000| Complete 
|  45|0x00000000c2d00000, 0x00000000c2e00000, 0x00000000c2e00000|100%|HC|  |TAMS 0x00000000c2d00000| PB 0x00000000c2d00000| Complete 
|  46|0x00000000c2e00000, 0x00000000c2f00000, 0x00000000c2f00000|100%|HC|  |TAMS 0x00000000c2e00000| PB 0x00000000c2e00000| Complete 
|  47|0x00000000c2f00000, 0x00000000c3000000, 0x00000000c3000000|100%|HC|  |TAMS 0x00000000c2f00000| PB 0x00000000c2f00000| Complete 
|  48|0x00000000c3000000, 0x00000000c3100000, 0x00000000c3100000|100%|HS|  |TAMS 0x00000000c3000000| PB 0x00000000c3000000| Complete 
|  49|0x00000000c3100000, 0x00000000c3200000, 0x00000000c3200000|100%| O|  |TAMS 0x00000000c3100000| PB 0x00000000c3100000| Untracked 
|  50|0x00000000c3200000, 0x00000000c3300000, 0x00000000c3300000|100%|HS|  |TAMS 0x00000000c3200000| PB 0x00000000c3200000| Complete 
|  51|0x00000000c3300000, 0x00000000c3400000, 0x00000000c3400000|100%|HS|  |TAMS 0x00000000c3300000| PB 0x00000000c3300000| Complete 
|  52|0x00000000c3400000, 0x00000000c3500000, 0x00000000c3500000|100%| O|  |TAMS 0x00000000c3400000| PB 0x00000000c3400000| Untracked 
|  53|0x00000000c3500000, 0x00000000c3600000, 0x00000000c3600000|100%| O|  |TAMS 0x00000000c3500000| PB 0x00000000c3500000| Untracked 
|  54|0x00000000c3600000, 0x00000000c3700000, 0x00000000c3700000|100%| O|  |TAMS 0x00000000c3600000| PB 0x00000000c3600000| Untracked 
|  55|0x00000000c3700000, 0x00000000c3800000, 0x00000000c3800000|100%| O|  |TAMS 0x00000000c3700000| PB 0x00000000c3700000| Untracked 
|  56|0x00000000c3800000, 0x00000000c3900000, 0x00000000c3900000|100%| O|  |TAMS 0x00000000c3800000| PB 0x00000000c3800000| Untracked 
|  57|0x00000000c3900000, 0x00000000c3a00000, 0x00000000c3a00000|100%| O|  |TAMS 0x00000000c3900000| PB 0x00000000c3900000| Untracked 
|  58|0x00000000c3a00000, 0x00000000c3b00000, 0x00000000c3b00000|100%| O|  |TAMS 0x00000000c3a00000| PB 0x00000000c3a00000| Untracked 
|  59|0x00000000c3b00000, 0x00000000c3c00000, 0x00000000c3c00000|100%| O|  |TAMS 0x00000000c3b00000| PB 0x00000000c3b00000| Untracked 
|  60|0x00000000c3c00000, 0x00000000c3d00000, 0x00000000c3d00000|100%| O|  |TAMS 0x00000000c3c00000| PB 0x00000000c3c00000| Untracked 
|  61|0x00000000c3d00000, 0x00000000c3e00000, 0x00000000c3e00000|100%| O|  |TAMS 0x00000000c3d00000| PB 0x00000000c3d00000| Untracked 
|  62|0x00000000c3e00000, 0x00000000c3f00000, 0x00000000c3f00000|100%| O|  |TAMS 0x00000000c3e00000| PB 0x00000000c3e00000| Untracked 
|  63|0x00000000c3f00000, 0x00000000c4000000, 0x00000000c4000000|100%| O|  |TAMS 0x00000000c3f00000| PB 0x00000000c3f00000| Untracked 
|  64|0x00000000c4000000, 0x00000000c4100000, 0x00000000c4100000|100%| O|  |TAMS 0x00000000c4000000| PB 0x00000000c4000000| Untracked 
|  65|0x00000000c4100000, 0x00000000c4200000, 0x00000000c4200000|100%|HS|  |TAMS 0x00000000c4100000| PB 0x00000000c4100000| Complete 
|  66|0x00000000c4200000, 0x00000000c4300000, 0x00000000c4300000|100%|HC|  |TAMS 0x00000000c4200000| PB 0x00000000c4200000| Complete 
|  67|0x00000000c4300000, 0x00000000c4400000, 0x00000000c4400000|100%|HC|  |TAMS 0x00000000c4300000| PB 0x00000000c4300000| Complete 
|  68|0x00000000c4400000, 0x00000000c4500000, 0x00000000c4500000|100%|HC|  |TAMS 0x00000000c4400000| PB 0x00000000c4400000| Complete 
|  69|0x00000000c4500000, 0x00000000c4600000, 0x00000000c4600000|100%|HS|  |TAMS 0x00000000c4500000| PB 0x00000000c4500000| Complete 
|  70|0x00000000c4600000, 0x00000000c4700000, 0x00000000c4700000|100%| O|  |TAMS 0x00000000c4600000| PB 0x00000000c4600000| Untracked 
|  71|0x00000000c4700000, 0x00000000c4800000, 0x00000000c4800000|100%| O|  |TAMS 0x00000000c4700000| PB 0x00000000c4700000| Untracked 
|  72|0x00000000c4800000, 0x00000000c4900000, 0x00000000c4900000|100%| O|  |TAMS 0x00000000c4800000| PB 0x00000000c4800000| Untracked 
|  73|0x00000000c4900000, 0x00000000c4a00000, 0x00000000c4a00000|100%| O|  |TAMS 0x00000000c4900000| PB 0x00000000c4900000| Untracked 
|  74|0x00000000c4a00000, 0x00000000c4b00000, 0x00000000c4b00000|100%| O|  |TAMS 0x00000000c4a00000| PB 0x00000000c4a00000| Untracked 
|  75|0x00000000c4b00000, 0x00000000c4c00000, 0x00000000c4c00000|100%| O|  |TAMS 0x00000000c4b00000| PB 0x00000000c4b00000| Untracked 
|  76|0x00000000c4c00000, 0x00000000c4d00000, 0x00000000c4d00000|100%| O|  |TAMS 0x00000000c4c00000| PB 0x00000000c4c00000| Untracked 
|  77|0x00000000c4d00000, 0x00000000c4e00000, 0x00000000c4e00000|100%| O|  |TAMS 0x00000000c4d00000| PB 0x00000000c4d00000| Untracked 
|  78|0x00000000c4e00000, 0x00000000c4f00000, 0x00000000c4f00000|100%| O|  |TAMS 0x00000000c4e00000| PB 0x00000000c4e00000| Untracked 
|  79|0x00000000c4f00000, 0x00000000c5000000, 0x00000000c5000000|100%| O|  |TAMS 0x00000000c4f00000| PB 0x00000000c4f00000| Untracked 
|  80|0x00000000c5000000, 0x00000000c5100000, 0x00000000c5100000|100%| O|  |TAMS 0x00000000c5000000| PB 0x00000000c5000000| Untracked 
|  81|0x00000000c5100000, 0x00000000c5200000, 0x00000000c5200000|100%| O|  |TAMS 0x00000000c5100000| PB 0x00000000c5100000| Untracked 
|  82|0x00000000c5200000, 0x00000000c5300000, 0x00000000c5300000|100%| O|  |TAMS 0x00000000c5200000| PB 0x00000000c5200000| Untracked 
|  83|0x00000000c5300000, 0x00000000c5400000, 0x00000000c5400000|100%| O|  |TAMS 0x00000000c5300000| PB 0x00000000c5300000| Untracked 
|  84|0x00000000c5400000, 0x00000000c5500000, 0x00000000c5500000|100%| O|  |TAMS 0x00000000c5400000| PB 0x00000000c5400000| Untracked 
|  85|0x00000000c5500000, 0x00000000c5600000, 0x00000000c5600000|100%| O|  |TAMS 0x00000000c5500000| PB 0x00000000c5500000| Untracked 
|  86|0x00000000c5600000, 0x00000000c5700000, 0x00000000c5700000|100%| O|  |TAMS 0x00000000c5600000| PB 0x00000000c5600000| Untracked 
|  87|0x00000000c5700000, 0x00000000c5800000, 0x00000000c5800000|100%| O|  |TAMS 0x00000000c5700000| PB 0x00000000c5700000| Untracked 
|  88|0x00000000c5800000, 0x00000000c5900000, 0x00000000c5900000|100%| O|  |TAMS 0x00000000c5800000| PB 0x00000000c5800000| Untracked 
|  89|0x00000000c5900000, 0x00000000c5a00000, 0x00000000c5a00000|100%| O|  |TAMS 0x00000000c5900000| PB 0x00000000c5900000| Untracked 
|  90|0x00000000c5a00000, 0x00000000c5b00000, 0x00000000c5b00000|100%| O|  |TAMS 0x00000000c5a00000| PB 0x00000000c5a00000| Untracked 
|  91|0x00000000c5b00000, 0x00000000c5c00000, 0x00000000c5c00000|100%| O|  |TAMS 0x00000000c5b00000| PB 0x00000000c5b00000| Untracked 
|  92|0x00000000c5c00000, 0x00000000c5d00000, 0x00000000c5d00000|100%| O|  |TAMS 0x00000000c5c00000| PB 0x00000000c5c00000| Untracked 
|  93|0x00000000c5d00000, 0x00000000c5e00000, 0x00000000c5e00000|100%| O|  |TAMS 0x00000000c5d00000| PB 0x00000000c5d00000| Untracked 
|  94|0x00000000c5e00000, 0x00000000c5f00000, 0x00000000c5f00000|100%| O|  |TAMS 0x00000000c5e00000| PB 0x00000000c5e00000| Untracked 
|  95|0x00000000c5f00000, 0x00000000c6000000, 0x00000000c6000000|100%| O|  |TAMS 0x00000000c5f00000| PB 0x00000000c5f00000| Untracked 
|  96|0x00000000c6000000, 0x00000000c6100000, 0x00000000c6100000|100%| O|  |TAMS 0x00000000c6000000| PB 0x00000000c6000000| Untracked 
|  97|0x00000000c6100000, 0x00000000c6200000, 0x00000000c6200000|100%| O|  |TAMS 0x00000000c6100000| PB 0x00000000c6100000| Untracked 
|  98|0x00000000c6200000, 0x00000000c6300000, 0x00000000c6300000|100%| O|  |TAMS 0x00000000c6200000| PB 0x00000000c6200000| Untracked 
|  99|0x00000000c6300000, 0x00000000c6400000, 0x00000000c6400000|100%| O|  |TAMS 0x00000000c6300000| PB 0x00000000c6300000| Untracked 
| 100|0x00000000c6400000, 0x00000000c6500000, 0x00000000c6500000|100%| O|  |TAMS 0x00000000c6400000| PB 0x00000000c6400000| Untracked 
| 101|0x00000000c6500000, 0x00000000c6600000, 0x00000000c6600000|100%| O|  |TAMS 0x00000000c6500000| PB 0x00000000c6500000| Untracked 
| 102|0x00000000c6600000, 0x00000000c6700000, 0x00000000c6700000|100%| O|  |TAMS 0x00000000c6600000| PB 0x00000000c6600000| Untracked 
| 103|0x00000000c6700000, 0x00000000c6800000, 0x00000000c6800000|100%| O|  |TAMS 0x00000000c6700000| PB 0x00000000c6700000| Untracked 
| 104|0x00000000c6800000, 0x00000000c6900000, 0x00000000c6900000|100%| O|  |TAMS 0x00000000c6800000| PB 0x00000000c6800000| Untracked 
| 105|0x00000000c6900000, 0x00000000c6a00000, 0x00000000c6a00000|100%| O|  |TAMS 0x00000000c6900000| PB 0x00000000c6900000| Untracked 
| 106|0x00000000c6a00000, 0x00000000c6b00000, 0x00000000c6b00000|100%| O|  |TAMS 0x00000000c6a00000| PB 0x00000000c6a00000| Untracked 
| 107|0x00000000c6b00000, 0x00000000c6c00000, 0x00000000c6c00000|100%| O|  |TAMS 0x00000000c6b00000| PB 0x00000000c6b00000| Untracked 
| 108|0x00000000c6c00000, 0x00000000c6d00000, 0x00000000c6d00000|100%| O|  |TAMS 0x00000000c6c00000| PB 0x00000000c6c00000| Untracked 
| 109|0x00000000c6d00000, 0x00000000c6e00000, 0x00000000c6e00000|100%| O|  |TAMS 0x00000000c6d00000| PB 0x00000000c6d00000| Untracked 
| 110|0x00000000c6e00000, 0x00000000c6f00000, 0x00000000c6f00000|100%| O|  |TAMS 0x00000000c6e00000| PB 0x00000000c6e00000| Untracked 
| 111|0x00000000c6f00000, 0x00000000c7000000, 0x00000000c7000000|100%| O|  |TAMS 0x00000000c6f00000| PB 0x00000000c6f00000| Untracked 
| 112|0x00000000c7000000, 0x00000000c7100000, 0x00000000c7100000|100%| O|  |TAMS 0x00000000c7000000| PB 0x00000000c7000000| Untracked 
| 113|0x00000000c7100000, 0x00000000c7200000, 0x00000000c7200000|100%| O|  |TAMS 0x00000000c7100000| PB 0x00000000c7100000| Untracked 
| 114|0x00000000c7200000, 0x00000000c7300000, 0x00000000c7300000|100%| O|  |TAMS 0x00000000c7200000| PB 0x00000000c7200000| Untracked 
| 115|0x00000000c7300000, 0x00000000c7400000, 0x00000000c7400000|100%| O|  |TAMS 0x00000000c7300000| PB 0x00000000c7300000| Untracked 
| 116|0x00000000c7400000, 0x00000000c7500000, 0x00000000c7500000|100%| O|  |TAMS 0x00000000c7400000| PB 0x00000000c7400000| Untracked 
| 117|0x00000000c7500000, 0x00000000c7600000, 0x00000000c7600000|100%| O|  |TAMS 0x00000000c7500000| PB 0x00000000c7500000| Untracked 
| 118|0x00000000c7600000, 0x00000000c7700000, 0x00000000c7700000|100%| O|  |TAMS 0x00000000c7600000| PB 0x00000000c7600000| Untracked 
| 119|0x00000000c7700000, 0x00000000c7800000, 0x00000000c7800000|100%| O|  |TAMS 0x00000000c7700000| PB 0x00000000c7700000| Untracked 
| 120|0x00000000c7800000, 0x00000000c7900000, 0x00000000c7900000|100%| O|  |TAMS 0x00000000c7800000| PB 0x00000000c7800000| Untracked 
| 121|0x00000000c7900000, 0x00000000c7a00000, 0x00000000c7a00000|100%| O|  |TAMS 0x00000000c7900000| PB 0x00000000c7900000| Untracked 
| 122|0x00000000c7a00000, 0x00000000c7b00000, 0x00000000c7b00000|100%| O|  |TAMS 0x00000000c7a00000| PB 0x00000000c7a00000| Untracked 
| 123|0x00000000c7b00000, 0x00000000c7c00000, 0x00000000c7c00000|100%| O|  |TAMS 0x00000000c7b00000| PB 0x00000000c7b00000| Untracked 
| 124|0x00000000c7c00000, 0x00000000c7d00000, 0x00000000c7d00000|100%| O|  |TAMS 0x00000000c7c00000| PB 0x00000000c7c00000| Untracked 
| 125|0x00000000c7d00000, 0x00000000c7e00000, 0x00000000c7e00000|100%| O|  |TAMS 0x00000000c7d00000| PB 0x00000000c7d00000| Untracked 
| 126|0x00000000c7e00000, 0x00000000c7f00000, 0x00000000c7f00000|100%| O|  |TAMS 0x00000000c7e00000| PB 0x00000000c7e00000| Untracked 
| 127|0x00000000c7f00000, 0x00000000c8000000, 0x00000000c8000000|100%| O|  |TAMS 0x00000000c7f00000| PB 0x00000000c7f00000| Untracked 
| 128|0x00000000c8000000, 0x00000000c8100000, 0x00000000c8100000|100%| O|  |TAMS 0x00000000c8000000| PB 0x00000000c8000000| Untracked 
| 129|0x00000000c8100000, 0x00000000c8200000, 0x00000000c8200000|100%| O|  |TAMS 0x00000000c8100000| PB 0x00000000c8100000| Untracked 
| 130|0x00000000c8200000, 0x00000000c8300000, 0x00000000c8300000|100%| O|  |TAMS 0x00000000c8200000| PB 0x00000000c8200000| Untracked 
| 131|0x00000000c8300000, 0x00000000c8400000, 0x00000000c8400000|100%| O|  |TAMS 0x00000000c8300000| PB 0x00000000c8300000| Untracked 
| 132|0x00000000c8400000, 0x00000000c8500000, 0x00000000c8500000|100%| O|  |TAMS 0x00000000c8400000| PB 0x00000000c8400000| Untracked 
| 133|0x00000000c8500000, 0x00000000c8600000, 0x00000000c8600000|100%| O|Cm|TAMS 0x00000000c8500000| PB 0x00000000c8500000| Complete 
| 134|0x00000000c8600000, 0x00000000c8700000, 0x00000000c8700000|100%| O|  |TAMS 0x00000000c8600000| PB 0x00000000c8600000| Untracked 
| 135|0x00000000c8700000, 0x00000000c8800000, 0x00000000c8800000|100%| O|Cm|TAMS 0x00000000c8700000| PB 0x00000000c8700000| Complete 
| 136|0x00000000c8800000, 0x00000000c8900000, 0x00000000c8900000|100%| O|  |TAMS 0x00000000c8800000| PB 0x00000000c8800000| Untracked 
| 137|0x00000000c8900000, 0x00000000c8a00000, 0x00000000c8a00000|100%| O|  |TAMS 0x00000000c8900000| PB 0x00000000c8900000| Untracked 
| 138|0x00000000c8a00000, 0x00000000c8b00000, 0x00000000c8b00000|100%| O|  |TAMS 0x00000000c8a00000| PB 0x00000000c8a00000| Untracked 
| 139|0x00000000c8b00000, 0x00000000c8c00000, 0x00000000c8c00000|100%| O|  |TAMS 0x00000000c8b00000| PB 0x00000000c8b00000| Untracked 
| 140|0x00000000c8c00000, 0x00000000c8d00000, 0x00000000c8d00000|100%| O|  |TAMS 0x00000000c8c00000| PB 0x00000000c8c00000| Untracked 
| 141|0x00000000c8d00000, 0x00000000c8e00000, 0x00000000c8e00000|100%| O|  |TAMS 0x00000000c8d00000| PB 0x00000000c8d00000| Untracked 
| 142|0x00000000c8e00000, 0x00000000c8f00000, 0x00000000c8f00000|100%| O|  |TAMS 0x00000000c8e00000| PB 0x00000000c8e00000| Untracked 
| 143|0x00000000c8f00000, 0x00000000c9000000, 0x00000000c9000000|100%| O|  |TAMS 0x00000000c8f00000| PB 0x00000000c8f00000| Untracked 
| 144|0x00000000c9000000, 0x00000000c9100000, 0x00000000c9100000|100%| O|  |TAMS 0x00000000c9000000| PB 0x00000000c9000000| Untracked 
| 145|0x00000000c9100000, 0x00000000c9200000, 0x00000000c9200000|100%| O|  |TAMS 0x00000000c9100000| PB 0x00000000c9100000| Untracked 
| 146|0x00000000c9200000, 0x00000000c9300000, 0x00000000c9300000|100%| O|  |TAMS 0x00000000c9200000| PB 0x00000000c9200000| Untracked 
| 147|0x00000000c9300000, 0x00000000c9400000, 0x00000000c9400000|100%| O|  |TAMS 0x00000000c9300000| PB 0x00000000c9300000| Untracked 
| 148|0x00000000c9400000, 0x00000000c9400000, 0x00000000c9500000|  0%| F|  |TAMS 0x00000000c9400000| PB 0x00000000c9400000| Untracked 
| 149|0x00000000c9500000, 0x00000000c9600000, 0x00000000c9600000|100%| O|  |TAMS 0x00000000c9500000| PB 0x00000000c9500000| Untracked 
| 150|0x00000000c9600000, 0x00000000c9700000, 0x00000000c9700000|100%| O|  |TAMS 0x00000000c9600000| PB 0x00000000c9600000| Untracked 
| 151|0x00000000c9700000, 0x00000000c9800000, 0x00000000c9800000|100%| O|  |TAMS 0x00000000c9700000| PB 0x00000000c9700000| Untracked 
| 152|0x00000000c9800000, 0x00000000c9900000, 0x00000000c9900000|100%|HS|  |TAMS 0x00000000c9800000| PB 0x00000000c9800000| Complete 
| 153|0x00000000c9900000, 0x00000000c9a00000, 0x00000000c9a00000|100%|HC|  |TAMS 0x00000000c9900000| PB 0x00000000c9900000| Complete 
| 154|0x00000000c9a00000, 0x00000000c9b00000, 0x00000000c9b00000|100%| O|  |TAMS 0x00000000c9a00000| PB 0x00000000c9a00000| Untracked 
| 155|0x00000000c9b00000, 0x00000000c9c00000, 0x00000000c9c00000|100%| O|  |TAMS 0x00000000c9b00000| PB 0x00000000c9b00000| Untracked 
| 156|0x00000000c9c00000, 0x00000000c9d00000, 0x00000000c9d00000|100%| O|  |TAMS 0x00000000c9c00000| PB 0x00000000c9c00000| Untracked 
| 157|0x00000000c9d00000, 0x00000000c9e00000, 0x00000000c9e00000|100%| O|  |TAMS 0x00000000c9d00000| PB 0x00000000c9d00000| Untracked 
| 158|0x00000000c9e00000, 0x00000000c9f00000, 0x00000000c9f00000|100%| O|  |TAMS 0x00000000c9e00000| PB 0x00000000c9e00000| Untracked 
| 159|0x00000000c9f00000, 0x00000000ca000000, 0x00000000ca000000|100%| S|CS|TAMS 0x00000000c9f00000| PB 0x00000000c9f00000| Complete 
| 160|0x00000000ca000000, 0x00000000ca100000, 0x00000000ca100000|100%| O|  |TAMS 0x00000000ca000000| PB 0x00000000ca000000| Untracked 
| 161|0x00000000ca100000, 0x00000000ca200000, 0x00000000ca200000|100%| O|  |TAMS 0x00000000ca100000| PB 0x00000000ca100000| Untracked 
| 162|0x00000000ca200000, 0x00000000ca300000, 0x00000000ca300000|100%| O|  |TAMS 0x00000000ca200000| PB 0x00000000ca200000| Untracked 
| 163|0x00000000ca300000, 0x00000000ca400000, 0x00000000ca400000|100%| O|  |TAMS 0x00000000ca300000| PB 0x00000000ca300000| Untracked 
| 164|0x00000000ca400000, 0x00000000ca500000, 0x00000000ca500000|100%| O|  |TAMS 0x00000000ca400000| PB 0x00000000ca400000| Untracked 
| 165|0x00000000ca500000, 0x00000000ca600000, 0x00000000ca600000|100%| O|  |TAMS 0x00000000ca500000| PB 0x00000000ca500000| Untracked 
| 166|0x00000000ca600000, 0x00000000ca700000, 0x00000000ca700000|100%|HS|  |TAMS 0x00000000ca600000| PB 0x00000000ca600000| Complete 
| 167|0x00000000ca700000, 0x00000000ca800000, 0x00000000ca800000|100%|HC|  |TAMS 0x00000000ca700000| PB 0x00000000ca700000| Complete 
| 168|0x00000000ca800000, 0x00000000ca900000, 0x00000000ca900000|100%|HS|  |TAMS 0x00000000ca800000| PB 0x00000000ca800000| Complete 
| 169|0x00000000ca900000, 0x00000000caa00000, 0x00000000caa00000|100%|HC|  |TAMS 0x00000000ca900000| PB 0x00000000ca900000| Complete 
| 170|0x00000000caa00000, 0x00000000cab00000, 0x00000000cab00000|100%|HS|  |TAMS 0x00000000caa00000| PB 0x00000000caa00000| Complete 
| 171|0x00000000cab00000, 0x00000000cac00000, 0x00000000cac00000|100%|HC|  |TAMS 0x00000000cab00000| PB 0x00000000cab00000| Complete 
| 172|0x00000000cac00000, 0x00000000cad00000, 0x00000000cad00000|100%|HS|  |TAMS 0x00000000cac00000| PB 0x00000000cac00000| Complete 
| 173|0x00000000cad00000, 0x00000000cae00000, 0x00000000cae00000|100%|HC|  |TAMS 0x00000000cad00000| PB 0x00000000cad00000| Complete 
| 174|0x00000000cae00000, 0x00000000caf00000, 0x00000000caf00000|100%| S|CS|TAMS 0x00000000cae00000| PB 0x00000000cae00000| Complete 
| 175|0x00000000caf00000, 0x00000000cb000000, 0x00000000cb000000|100%| O|  |TAMS 0x00000000caf00000| PB 0x00000000caf00000| Untracked 
| 176|0x00000000cb000000, 0x00000000cb100000, 0x00000000cb100000|100%| O|  |TAMS 0x00000000cb000000| PB 0x00000000cb000000| Untracked 
| 177|0x00000000cb100000, 0x00000000cb200000, 0x00000000cb200000|100%| O|  |TAMS 0x00000000cb100000| PB 0x00000000cb100000| Untracked 
| 178|0x00000000cb200000, 0x00000000cb300000, 0x00000000cb300000|100%|HS|  |TAMS 0x00000000cb200000| PB 0x00000000cb200000| Complete 
| 179|0x00000000cb300000, 0x00000000cb400000, 0x00000000cb400000|100%|HC|  |TAMS 0x00000000cb300000| PB 0x00000000cb300000| Complete 
| 180|0x00000000cb400000, 0x00000000cb500000, 0x00000000cb500000|100%|HS|  |TAMS 0x00000000cb400000| PB 0x00000000cb400000| Complete 
| 181|0x00000000cb500000, 0x00000000cb600000, 0x00000000cb600000|100%|HC|  |TAMS 0x00000000cb500000| PB 0x00000000cb500000| Complete 
| 182|0x00000000cb600000, 0x00000000cb700000, 0x00000000cb700000|100%|HS|  |TAMS 0x00000000cb600000| PB 0x00000000cb600000| Complete 
| 183|0x00000000cb700000, 0x00000000cb800000, 0x00000000cb800000|100%|HC|  |TAMS 0x00000000cb700000| PB 0x00000000cb700000| Complete 
| 184|0x00000000cb800000, 0x00000000cb900000, 0x00000000cb900000|100%|HS|  |TAMS 0x00000000cb800000| PB 0x00000000cb800000| Complete 
| 185|0x00000000cb900000, 0x00000000cba00000, 0x00000000cba00000|100%|HC|  |TAMS 0x00000000cb900000| PB 0x00000000cb900000| Complete 
| 186|0x00000000cba00000, 0x00000000cbb00000, 0x00000000cbb00000|100%|HS|  |TAMS 0x00000000cba00000| PB 0x00000000cba00000| Complete 
| 187|0x00000000cbb00000, 0x00000000cbc00000, 0x00000000cbc00000|100%|HC|  |TAMS 0x00000000cbb00000| PB 0x00000000cbb00000| Complete 
| 188|0x00000000cbc00000, 0x00000000cbd00000, 0x00000000cbd00000|100%| S|CS|TAMS 0x00000000cbc00000| PB 0x00000000cbc00000| Complete 
| 189|0x00000000cbd00000, 0x00000000cbe00000, 0x00000000cbe00000|100%| O|Cm|TAMS 0x00000000cbd00000| PB 0x00000000cbd00000| Complete 
| 190|0x00000000cbe00000, 0x00000000cbf00000, 0x00000000cbf00000|100%|HS|  |TAMS 0x00000000cbe00000| PB 0x00000000cbe00000| Complete 
| 191|0x00000000cbf00000, 0x00000000cc000000, 0x00000000cc000000|100%|HC|  |TAMS 0x00000000cbf00000| PB 0x00000000cbf00000| Complete 
| 192|0x00000000cc000000, 0x00000000cc100000, 0x00000000cc100000|100%|HS|  |TAMS 0x00000000cc000000| PB 0x00000000cc000000| Complete 
| 193|0x00000000cc100000, 0x00000000cc200000, 0x00000000cc200000|100%|HC|  |TAMS 0x00000000cc100000| PB 0x00000000cc100000| Complete 
| 194|0x00000000cc200000, 0x00000000cc300000, 0x00000000cc300000|100%|HS|  |TAMS 0x00000000cc200000| PB 0x00000000cc200000| Complete 
| 195|0x00000000cc300000, 0x00000000cc400000, 0x00000000cc400000|100%|HC|  |TAMS 0x00000000cc300000| PB 0x00000000cc300000| Complete 
| 196|0x00000000cc400000, 0x00000000cc500000, 0x00000000cc500000|100%|HS|  |TAMS 0x00000000cc400000| PB 0x00000000cc400000| Complete 
| 197|0x00000000cc500000, 0x00000000cc600000, 0x00000000cc600000|100%|HC|  |TAMS 0x00000000cc500000| PB 0x00000000cc500000| Complete 
| 198|0x00000000cc600000, 0x00000000cc700000, 0x00000000cc700000|100%|HS|  |TAMS 0x00000000cc600000| PB 0x00000000cc600000| Complete 
| 199|0x00000000cc700000, 0x00000000cc800000, 0x00000000cc800000|100%|HC|  |TAMS 0x00000000cc700000| PB 0x00000000cc700000| Complete 
| 200|0x00000000cc800000, 0x00000000cc900000, 0x00000000cc900000|100%| O|Cm|TAMS 0x00000000cc800000| PB 0x00000000cc800000| Complete 
| 201|0x00000000cc900000, 0x00000000cca00000, 0x00000000cca00000|100%|HS|  |TAMS 0x00000000cc900000| PB 0x00000000cc900000| Complete 
| 202|0x00000000cca00000, 0x00000000ccb00000, 0x00000000ccb00000|100%|HC|  |TAMS 0x00000000cca00000| PB 0x00000000cca00000| Complete 
| 203|0x00000000ccb00000, 0x00000000ccc00000, 0x00000000ccc00000|100%|HS|  |TAMS 0x00000000ccb00000| PB 0x00000000ccb00000| Complete 
| 204|0x00000000ccc00000, 0x00000000ccd00000, 0x00000000ccd00000|100%|HC|  |TAMS 0x00000000ccc00000| PB 0x00000000ccc00000| Complete 
| 205|0x00000000ccd00000, 0x00000000cce00000, 0x00000000cce00000|100%|HS|  |TAMS 0x00000000ccd00000| PB 0x00000000ccd00000| Complete 
| 206|0x00000000cce00000, 0x00000000ccf00000, 0x00000000ccf00000|100%|HC|  |TAMS 0x00000000cce00000| PB 0x00000000cce00000| Complete 
| 207|0x00000000ccf00000, 0x00000000cd000000, 0x00000000cd000000|100%|HS|  |TAMS 0x00000000ccf00000| PB 0x00000000ccf00000| Complete 
| 208|0x00000000cd000000, 0x00000000cd100000, 0x00000000cd100000|100%|HC|  |TAMS 0x00000000cd000000| PB 0x00000000cd000000| Complete 
| 209|0x00000000cd100000, 0x00000000cd200000, 0x00000000cd200000|100%|HS|  |TAMS 0x00000000cd100000| PB 0x00000000cd100000| Complete 
| 210|0x00000000cd200000, 0x00000000cd300000, 0x00000000cd300000|100%|HC|  |TAMS 0x00000000cd200000| PB 0x00000000cd200000| Complete 
| 211|0x00000000cd300000, 0x00000000cd400000, 0x00000000cd400000|100%|HS|  |TAMS 0x00000000cd300000| PB 0x00000000cd300000| Complete 
| 212|0x00000000cd400000, 0x00000000cd500000, 0x00000000cd500000|100%|HC|  |TAMS 0x00000000cd400000| PB 0x00000000cd400000| Complete 
| 213|0x00000000cd500000, 0x00000000cd600000, 0x00000000cd600000|100%|HS|  |TAMS 0x00000000cd500000| PB 0x00000000cd500000| Complete 
| 214|0x00000000cd600000, 0x00000000cd700000, 0x00000000cd700000|100%|HC|  |TAMS 0x00000000cd600000| PB 0x00000000cd600000| Complete 
| 215|0x00000000cd700000, 0x00000000cd800000, 0x00000000cd800000|100%|HS|  |TAMS 0x00000000cd700000| PB 0x00000000cd700000| Complete 
| 216|0x00000000cd800000, 0x00000000cd900000, 0x00000000cd900000|100%|HC|  |TAMS 0x00000000cd800000| PB 0x00000000cd800000| Complete 
| 217|0x00000000cd900000, 0x00000000cda00000, 0x00000000cda00000|100%|HS|  |TAMS 0x00000000cd900000| PB 0x00000000cd900000| Complete 
| 218|0x00000000cda00000, 0x00000000cdb00000, 0x00000000cdb00000|100%|HC|  |TAMS 0x00000000cda00000| PB 0x00000000cda00000| Complete 
| 219|0x00000000cdb00000, 0x00000000cdc00000, 0x00000000cdc00000|100%|HS|  |TAMS 0x00000000cdb00000| PB 0x00000000cdb00000| Complete 
| 220|0x00000000cdc00000, 0x00000000cdd00000, 0x00000000cdd00000|100%|HC|  |TAMS 0x00000000cdc00000| PB 0x00000000cdc00000| Complete 
| 221|0x00000000cdd00000, 0x00000000cde00000, 0x00000000cde00000|100%|HS|  |TAMS 0x00000000cdd00000| PB 0x00000000cdd00000| Complete 
| 222|0x00000000cde00000, 0x00000000cdf00000, 0x00000000cdf00000|100%|HC|  |TAMS 0x00000000cde00000| PB 0x00000000cde00000| Complete 
| 223|0x00000000cdf00000, 0x00000000ce000000, 0x00000000ce000000|100%|HS|  |TAMS 0x00000000cdf00000| PB 0x00000000cdf00000| Complete 
| 224|0x00000000ce000000, 0x00000000ce100000, 0x00000000ce100000|100%|HC|  |TAMS 0x00000000ce000000| PB 0x00000000ce000000| Complete 
| 225|0x00000000ce100000, 0x00000000ce200000, 0x00000000ce200000|100%|HS|  |TAMS 0x00000000ce100000| PB 0x00000000ce100000| Complete 
| 226|0x00000000ce200000, 0x00000000ce300000, 0x00000000ce300000|100%|HC|  |TAMS 0x00000000ce200000| PB 0x00000000ce200000| Complete 
| 227|0x00000000ce300000, 0x00000000ce400000, 0x00000000ce400000|100%|HS|  |TAMS 0x00000000ce300000| PB 0x00000000ce300000| Complete 
| 228|0x00000000ce400000, 0x00000000ce500000, 0x00000000ce500000|100%|HC|  |TAMS 0x00000000ce400000| PB 0x00000000ce400000| Complete 
| 229|0x00000000ce500000, 0x00000000ce600000, 0x00000000ce600000|100%|HS|  |TAMS 0x00000000ce500000| PB 0x00000000ce500000| Complete 
| 230|0x00000000ce600000, 0x00000000ce700000, 0x00000000ce700000|100%|HC|  |TAMS 0x00000000ce600000| PB 0x00000000ce600000| Complete 
| 231|0x00000000ce700000, 0x00000000ce800000, 0x00000000ce800000|100%|HS|  |TAMS 0x00000000ce700000| PB 0x00000000ce700000| Complete 
| 232|0x00000000ce800000, 0x00000000ce900000, 0x00000000ce900000|100%|HC|  |TAMS 0x00000000ce800000| PB 0x00000000ce800000| Complete 
| 233|0x00000000ce900000, 0x00000000cea00000, 0x00000000cea00000|100%|HS|  |TAMS 0x00000000ce900000| PB 0x00000000ce900000| Complete 
| 234|0x00000000cea00000, 0x00000000ceb00000, 0x00000000ceb00000|100%|HC|  |TAMS 0x00000000cea00000| PB 0x00000000cea00000| Complete 
| 235|0x00000000ceb00000, 0x00000000cec00000, 0x00000000cec00000|100%|HS|  |TAMS 0x00000000ceb00000| PB 0x00000000ceb00000| Complete 
| 236|0x00000000cec00000, 0x00000000ced00000, 0x00000000ced00000|100%|HC|  |TAMS 0x00000000cec00000| PB 0x00000000cec00000| Complete 
| 237|0x00000000ced00000, 0x00000000cee00000, 0x00000000cee00000|100%|HS|  |TAMS 0x00000000ced00000| PB 0x00000000ced00000| Complete 
| 238|0x00000000cee00000, 0x00000000cef00000, 0x00000000cef00000|100%|HC|  |TAMS 0x00000000cee00000| PB 0x00000000cee00000| Complete 
| 239|0x00000000cef00000, 0x00000000cf000000, 0x00000000cf000000|100%|HS|  |TAMS 0x00000000cef00000| PB 0x00000000cef00000| Complete 
| 240|0x00000000cf000000, 0x00000000cf100000, 0x00000000cf100000|100%|HC|  |TAMS 0x00000000cf000000| PB 0x00000000cf000000| Complete 
| 241|0x00000000cf100000, 0x00000000cf200000, 0x00000000cf200000|100%|HS|  |TAMS 0x00000000cf100000| PB 0x00000000cf100000| Complete 
| 242|0x00000000cf200000, 0x00000000cf300000, 0x00000000cf300000|100%|HC|  |TAMS 0x00000000cf200000| PB 0x00000000cf200000| Complete 
| 243|0x00000000cf300000, 0x00000000cf400000, 0x00000000cf400000|100%|HS|  |TAMS 0x00000000cf300000| PB 0x00000000cf300000| Complete 
| 244|0x00000000cf400000, 0x00000000cf500000, 0x00000000cf500000|100%|HC|  |TAMS 0x00000000cf400000| PB 0x00000000cf400000| Complete 
| 245|0x00000000cf500000, 0x00000000cf600000, 0x00000000cf600000|100%|HS|  |TAMS 0x00000000cf500000| PB 0x00000000cf500000| Complete 
| 246|0x00000000cf600000, 0x00000000cf700000, 0x00000000cf700000|100%|HC|  |TAMS 0x00000000cf600000| PB 0x00000000cf600000| Complete 
| 247|0x00000000cf700000, 0x00000000cf800000, 0x00000000cf800000|100%|HS|  |TAMS 0x00000000cf700000| PB 0x00000000cf700000| Complete 
| 248|0x00000000cf800000, 0x00000000cf900000, 0x00000000cf900000|100%|HC|  |TAMS 0x00000000cf800000| PB 0x00000000cf800000| Complete 
| 249|0x00000000cf900000, 0x00000000cfa00000, 0x00000000cfa00000|100%|HS|  |TAMS 0x00000000cf900000| PB 0x00000000cf900000| Complete 
| 250|0x00000000cfa00000, 0x00000000cfb00000, 0x00000000cfb00000|100%|HC|  |TAMS 0x00000000cfa00000| PB 0x00000000cfa00000| Complete 
| 251|0x00000000cfb00000, 0x00000000cfc00000, 0x00000000cfc00000|100%|HS|  |TAMS 0x00000000cfb00000| PB 0x00000000cfb00000| Complete 
| 252|0x00000000cfc00000, 0x00000000cfd00000, 0x00000000cfd00000|100%|HC|  |TAMS 0x00000000cfc00000| PB 0x00000000cfc00000| Complete 
| 253|0x00000000cfd00000, 0x00000000cfe00000, 0x00000000cfe00000|100%|HS|  |TAMS 0x00000000cfd00000| PB 0x00000000cfd00000| Complete 
| 254|0x00000000cfe00000, 0x00000000cff00000, 0x00000000cff00000|100%|HC|  |TAMS 0x00000000cfe00000| PB 0x00000000cfe00000| Complete 
| 255|0x00000000cff00000, 0x00000000d0000000, 0x00000000d0000000|100%|HS|  |TAMS 0x00000000cff00000| PB 0x00000000cff00000| Complete 
| 256|0x00000000d0000000, 0x00000000d0100000, 0x00000000d0100000|100%|HC|  |TAMS 0x00000000d0000000| PB 0x00000000d0000000| Complete 
| 257|0x00000000d0100000, 0x00000000d0200000, 0x00000000d0200000|100%|HS|  |TAMS 0x00000000d0100000| PB 0x00000000d0100000| Complete 
| 258|0x00000000d0200000, 0x00000000d0300000, 0x00000000d0300000|100%|HC|  |TAMS 0x00000000d0200000| PB 0x00000000d0200000| Complete 
| 259|0x00000000d0300000, 0x00000000d0400000, 0x00000000d0400000|100%|HS|  |TAMS 0x00000000d0300000| PB 0x00000000d0300000| Complete 
| 260|0x00000000d0400000, 0x00000000d0500000, 0x00000000d0500000|100%|HC|  |TAMS 0x00000000d0400000| PB 0x00000000d0400000| Complete 
| 261|0x00000000d0500000, 0x00000000d0600000, 0x00000000d0600000|100%|HS|  |TAMS 0x00000000d0500000| PB 0x00000000d0500000| Complete 
| 262|0x00000000d0600000, 0x00000000d0700000, 0x00000000d0700000|100%|HC|  |TAMS 0x00000000d0600000| PB 0x00000000d0600000| Complete 
| 263|0x00000000d0700000, 0x00000000d0800000, 0x00000000d0800000|100%|HS|  |TAMS 0x00000000d0700000| PB 0x00000000d0700000| Complete 
| 264|0x00000000d0800000, 0x00000000d0900000, 0x00000000d0900000|100%|HC|  |TAMS 0x00000000d0800000| PB 0x00000000d0800000| Complete 
| 265|0x00000000d0900000, 0x00000000d0a00000, 0x00000000d0a00000|100%|HS|  |TAMS 0x00000000d0900000| PB 0x00000000d0900000| Complete 
| 266|0x00000000d0a00000, 0x00000000d0b00000, 0x00000000d0b00000|100%|HC|  |TAMS 0x00000000d0a00000| PB 0x00000000d0a00000| Complete 
| 267|0x00000000d0b00000, 0x00000000d0c00000, 0x00000000d0c00000|100%|HS|  |TAMS 0x00000000d0b00000| PB 0x00000000d0b00000| Complete 
| 268|0x00000000d0c00000, 0x00000000d0d00000, 0x00000000d0d00000|100%|HC|  |TAMS 0x00000000d0c00000| PB 0x00000000d0c00000| Complete 
| 269|0x00000000d0d00000, 0x00000000d0e00000, 0x00000000d0e00000|100%|HS|  |TAMS 0x00000000d0d00000| PB 0x00000000d0d00000| Complete 
| 270|0x00000000d0e00000, 0x00000000d0f00000, 0x00000000d0f00000|100%|HC|  |TAMS 0x00000000d0e00000| PB 0x00000000d0e00000| Complete 
| 271|0x00000000d0f00000, 0x00000000d1000000, 0x00000000d1000000|100%|HS|  |TAMS 0x00000000d0f00000| PB 0x00000000d0f00000| Complete 
| 272|0x00000000d1000000, 0x00000000d1100000, 0x00000000d1100000|100%|HC|  |TAMS 0x00000000d1000000| PB 0x00000000d1000000| Complete 
| 273|0x00000000d1100000, 0x00000000d1200000, 0x00000000d1200000|100%|HS|  |TAMS 0x00000000d1100000| PB 0x00000000d1100000| Complete 
| 274|0x00000000d1200000, 0x00000000d1300000, 0x00000000d1300000|100%|HC|  |TAMS 0x00000000d1200000| PB 0x00000000d1200000| Complete 
| 275|0x00000000d1300000, 0x00000000d1400000, 0x00000000d1400000|100%|HS|  |TAMS 0x00000000d1300000| PB 0x00000000d1300000| Complete 
| 276|0x00000000d1400000, 0x00000000d1500000, 0x00000000d1500000|100%|HC|  |TAMS 0x00000000d1400000| PB 0x00000000d1400000| Complete 
| 277|0x00000000d1500000, 0x00000000d1600000, 0x00000000d1600000|100%|HS|  |TAMS 0x00000000d1500000| PB 0x00000000d1500000| Complete 
| 278|0x00000000d1600000, 0x00000000d1700000, 0x00000000d1700000|100%|HC|  |TAMS 0x00000000d1600000| PB 0x00000000d1600000| Complete 
| 279|0x00000000d1700000, 0x00000000d1800000, 0x00000000d1800000|100%|HS|  |TAMS 0x00000000d1700000| PB 0x00000000d1700000| Complete 
| 280|0x00000000d1800000, 0x00000000d1900000, 0x00000000d1900000|100%|HC|  |TAMS 0x00000000d1800000| PB 0x00000000d1800000| Complete 
| 281|0x00000000d1900000, 0x00000000d1a00000, 0x00000000d1a00000|100%|HS|  |TAMS 0x00000000d1900000| PB 0x00000000d1900000| Complete 
| 282|0x00000000d1a00000, 0x00000000d1b00000, 0x00000000d1b00000|100%|HC|  |TAMS 0x00000000d1a00000| PB 0x00000000d1a00000| Complete 
| 283|0x00000000d1b00000, 0x00000000d1c00000, 0x00000000d1c00000|100%|HS|  |TAMS 0x00000000d1b00000| PB 0x00000000d1b00000| Complete 
| 284|0x00000000d1c00000, 0x00000000d1d00000, 0x00000000d1d00000|100%|HC|  |TAMS 0x00000000d1c00000| PB 0x00000000d1c00000| Complete 
| 285|0x00000000d1d00000, 0x00000000d1e00000, 0x00000000d1e00000|100%|HS|  |TAMS 0x00000000d1d00000| PB 0x00000000d1d00000| Complete 
| 286|0x00000000d1e00000, 0x00000000d1f00000, 0x00000000d1f00000|100%|HC|  |TAMS 0x00000000d1e00000| PB 0x00000000d1e00000| Complete 
| 287|0x00000000d1f00000, 0x00000000d2000000, 0x00000000d2000000|100%|HS|  |TAMS 0x00000000d1f00000| PB 0x00000000d1f00000| Complete 
| 288|0x00000000d2000000, 0x00000000d2100000, 0x00000000d2100000|100%|HC|  |TAMS 0x00000000d2000000| PB 0x00000000d2000000| Complete 
| 289|0x00000000d2100000, 0x00000000d2200000, 0x00000000d2200000|100%|HS|  |TAMS 0x00000000d2100000| PB 0x00000000d2100000| Complete 
| 290|0x00000000d2200000, 0x00000000d2300000, 0x00000000d2300000|100%|HC|  |TAMS 0x00000000d2200000| PB 0x00000000d2200000| Complete 
| 291|0x00000000d2300000, 0x00000000d2400000, 0x00000000d2400000|100%|HS|  |TAMS 0x00000000d2300000| PB 0x00000000d2300000| Complete 
| 292|0x00000000d2400000, 0x00000000d2500000, 0x00000000d2500000|100%|HC|  |TAMS 0x00000000d2400000| PB 0x00000000d2400000| Complete 
| 293|0x00000000d2500000, 0x00000000d2600000, 0x00000000d2600000|100%|HS|  |TAMS 0x00000000d2500000| PB 0x00000000d2500000| Complete 
| 294|0x00000000d2600000, 0x00000000d2700000, 0x00000000d2700000|100%|HC|  |TAMS 0x00000000d2600000| PB 0x00000000d2600000| Complete 
| 295|0x00000000d2700000, 0x00000000d2800000, 0x00000000d2800000|100%|HS|  |TAMS 0x00000000d2700000| PB 0x00000000d2700000| Complete 
| 296|0x00000000d2800000, 0x00000000d2900000, 0x00000000d2900000|100%|HC|  |TAMS 0x00000000d2800000| PB 0x00000000d2800000| Complete 
| 297|0x00000000d2900000, 0x00000000d2a00000, 0x00000000d2a00000|100%|HS|  |TAMS 0x00000000d2900000| PB 0x00000000d2900000| Complete 
| 298|0x00000000d2a00000, 0x00000000d2b00000, 0x00000000d2b00000|100%|HC|  |TAMS 0x00000000d2a00000| PB 0x00000000d2a00000| Complete 
| 299|0x00000000d2b00000, 0x00000000d2c00000, 0x00000000d2c00000|100%|HS|  |TAMS 0x00000000d2b00000| PB 0x00000000d2b00000| Complete 
| 300|0x00000000d2c00000, 0x00000000d2d00000, 0x00000000d2d00000|100%|HC|  |TAMS 0x00000000d2c00000| PB 0x00000000d2c00000| Complete 
| 301|0x00000000d2d00000, 0x00000000d2e00000, 0x00000000d2e00000|100%|HS|  |TAMS 0x00000000d2d00000| PB 0x00000000d2d00000| Complete 
| 302|0x00000000d2e00000, 0x00000000d2f00000, 0x00000000d2f00000|100%|HC|  |TAMS 0x00000000d2e00000| PB 0x00000000d2e00000| Complete 
| 303|0x00000000d2f00000, 0x00000000d3000000, 0x00000000d3000000|100%|HS|  |TAMS 0x00000000d2f00000| PB 0x00000000d2f00000| Complete 
| 304|0x00000000d3000000, 0x00000000d3100000, 0x00000000d3100000|100%|HC|  |TAMS 0x00000000d3000000| PB 0x00000000d3000000| Complete 
| 305|0x00000000d3100000, 0x00000000d3200000, 0x00000000d3200000|100%|HS|  |TAMS 0x00000000d3100000| PB 0x00000000d3100000| Complete 
| 306|0x00000000d3200000, 0x00000000d3300000, 0x00000000d3300000|100%|HC|  |TAMS 0x00000000d3200000| PB 0x00000000d3200000| Complete 
| 307|0x00000000d3300000, 0x00000000d3400000, 0x00000000d3400000|100%|HS|  |TAMS 0x00000000d3300000| PB 0x00000000d3300000| Complete 
| 308|0x00000000d3400000, 0x00000000d3500000, 0x00000000d3500000|100%|HC|  |TAMS 0x00000000d3400000| PB 0x00000000d3400000| Complete 
| 309|0x00000000d3500000, 0x00000000d3600000, 0x00000000d3600000|100%|HS|  |TAMS 0x00000000d3500000| PB 0x00000000d3500000| Complete 
| 310|0x00000000d3600000, 0x00000000d3700000, 0x00000000d3700000|100%|HC|  |TAMS 0x00000000d3600000| PB 0x00000000d3600000| Complete 
| 311|0x00000000d3700000, 0x00000000d3800000, 0x00000000d3800000|100%|HS|  |TAMS 0x00000000d3700000| PB 0x00000000d3700000| Complete 
| 312|0x00000000d3800000, 0x00000000d3900000, 0x00000000d3900000|100%|HC|  |TAMS 0x00000000d3800000| PB 0x00000000d3800000| Complete 
| 313|0x00000000d3900000, 0x00000000d3a00000, 0x00000000d3a00000|100%|HS|  |TAMS 0x00000000d3900000| PB 0x00000000d3900000| Complete 
| 314|0x00000000d3a00000, 0x00000000d3b00000, 0x00000000d3b00000|100%|HC|  |TAMS 0x00000000d3a00000| PB 0x00000000d3a00000| Complete 
| 315|0x00000000d3b00000, 0x00000000d3c00000, 0x00000000d3c00000|100%|HS|  |TAMS 0x00000000d3b00000| PB 0x00000000d3b00000| Complete 
| 316|0x00000000d3c00000, 0x00000000d3d00000, 0x00000000d3d00000|100%|HC|  |TAMS 0x00000000d3c00000| PB 0x00000000d3c00000| Complete 
| 317|0x00000000d3d00000, 0x00000000d3e00000, 0x00000000d3e00000|100%|HS|  |TAMS 0x00000000d3d00000| PB 0x00000000d3d00000| Complete 
| 318|0x00000000d3e00000, 0x00000000d3f00000, 0x00000000d3f00000|100%|HC|  |TAMS 0x00000000d3e00000| PB 0x00000000d3e00000| Complete 
| 319|0x00000000d3f00000, 0x00000000d4000000, 0x00000000d4000000|100%|HS|  |TAMS 0x00000000d3f00000| PB 0x00000000d3f00000| Complete 
| 320|0x00000000d4000000, 0x00000000d4100000, 0x00000000d4100000|100%|HC|  |TAMS 0x00000000d4000000| PB 0x00000000d4000000| Complete 
| 321|0x00000000d4100000, 0x00000000d4200000, 0x00000000d4200000|100%|HS|  |TAMS 0x00000000d4100000| PB 0x00000000d4100000| Complete 
| 322|0x00000000d4200000, 0x00000000d4300000, 0x00000000d4300000|100%|HC|  |TAMS 0x00000000d4200000| PB 0x00000000d4200000| Complete 
| 323|0x00000000d4300000, 0x00000000d4400000, 0x00000000d4400000|100%|HS|  |TAMS 0x00000000d4300000| PB 0x00000000d4300000| Complete 
| 324|0x00000000d4400000, 0x00000000d4500000, 0x00000000d4500000|100%|HC|  |TAMS 0x00000000d4400000| PB 0x00000000d4400000| Complete 
| 325|0x00000000d4500000, 0x00000000d4600000, 0x00000000d4600000|100%|HS|  |TAMS 0x00000000d4500000| PB 0x00000000d4500000| Complete 
| 326|0x00000000d4600000, 0x00000000d4700000, 0x00000000d4700000|100%|HC|  |TAMS 0x00000000d4600000| PB 0x00000000d4600000| Complete 
| 327|0x00000000d4700000, 0x00000000d4800000, 0x00000000d4800000|100%|HS|  |TAMS 0x00000000d4700000| PB 0x00000000d4700000| Complete 
| 328|0x00000000d4800000, 0x00000000d4900000, 0x00000000d4900000|100%|HC|  |TAMS 0x00000000d4800000| PB 0x00000000d4800000| Complete 
| 329|0x00000000d4900000, 0x00000000d4a00000, 0x00000000d4a00000|100%|HS|  |TAMS 0x00000000d4900000| PB 0x00000000d4900000| Complete 
| 330|0x00000000d4a00000, 0x00000000d4b00000, 0x00000000d4b00000|100%|HC|  |TAMS 0x00000000d4a00000| PB 0x00000000d4a00000| Complete 
| 331|0x00000000d4b00000, 0x00000000d4c00000, 0x00000000d4c00000|100%|HS|  |TAMS 0x00000000d4b00000| PB 0x00000000d4b00000| Complete 
| 332|0x00000000d4c00000, 0x00000000d4d00000, 0x00000000d4d00000|100%|HC|  |TAMS 0x00000000d4c00000| PB 0x00000000d4c00000| Complete 
| 333|0x00000000d4d00000, 0x00000000d4e00000, 0x00000000d4e00000|100%|HS|  |TAMS 0x00000000d4d00000| PB 0x00000000d4d00000| Complete 
| 334|0x00000000d4e00000, 0x00000000d4f00000, 0x00000000d4f00000|100%|HC|  |TAMS 0x00000000d4e00000| PB 0x00000000d4e00000| Complete 
| 335|0x00000000d4f00000, 0x00000000d5000000, 0x00000000d5000000|100%|HS|  |TAMS 0x00000000d4f00000| PB 0x00000000d4f00000| Complete 
| 336|0x00000000d5000000, 0x00000000d5100000, 0x00000000d5100000|100%|HC|  |TAMS 0x00000000d5000000| PB 0x00000000d5000000| Complete 
| 337|0x00000000d5100000, 0x00000000d5200000, 0x00000000d5200000|100%|HS|  |TAMS 0x00000000d5100000| PB 0x00000000d5100000| Complete 
| 338|0x00000000d5200000, 0x00000000d5300000, 0x00000000d5300000|100%|HC|  |TAMS 0x00000000d5200000| PB 0x00000000d5200000| Complete 
| 339|0x00000000d5300000, 0x00000000d5400000, 0x00000000d5400000|100%|HS|  |TAMS 0x00000000d5300000| PB 0x00000000d5300000| Complete 
| 340|0x00000000d5400000, 0x00000000d5500000, 0x00000000d5500000|100%|HC|  |TAMS 0x00000000d5400000| PB 0x00000000d5400000| Complete 
| 341|0x00000000d5500000, 0x00000000d5600000, 0x00000000d5600000|100%|HS|  |TAMS 0x00000000d5500000| PB 0x00000000d5500000| Complete 
| 342|0x00000000d5600000, 0x00000000d5700000, 0x00000000d5700000|100%|HC|  |TAMS 0x00000000d5600000| PB 0x00000000d5600000| Complete 
| 343|0x00000000d5700000, 0x00000000d5800000, 0x00000000d5800000|100%|HS|  |TAMS 0x00000000d5700000| PB 0x00000000d5700000| Complete 
| 344|0x00000000d5800000, 0x00000000d5900000, 0x00000000d5900000|100%|HC|  |TAMS 0x00000000d5800000| PB 0x00000000d5800000| Complete 
| 345|0x00000000d5900000, 0x00000000d5a00000, 0x00000000d5a00000|100%|HS|  |TAMS 0x00000000d5900000| PB 0x00000000d5900000| Complete 
| 346|0x00000000d5a00000, 0x00000000d5b00000, 0x00000000d5b00000|100%|HC|  |TAMS 0x00000000d5a00000| PB 0x00000000d5a00000| Complete 
| 347|0x00000000d5b00000, 0x00000000d5c00000, 0x00000000d5c00000|100%|HS|  |TAMS 0x00000000d5b00000| PB 0x00000000d5b00000| Complete 
| 348|0x00000000d5c00000, 0x00000000d5d00000, 0x00000000d5d00000|100%|HC|  |TAMS 0x00000000d5c00000| PB 0x00000000d5c00000| Complete 
| 349|0x00000000d5d00000, 0x00000000d5e00000, 0x00000000d5e00000|100%|HS|  |TAMS 0x00000000d5d00000| PB 0x00000000d5d00000| Complete 
| 350|0x00000000d5e00000, 0x00000000d5f00000, 0x00000000d5f00000|100%|HC|  |TAMS 0x00000000d5e00000| PB 0x00000000d5e00000| Complete 
| 351|0x00000000d5f00000, 0x00000000d6000000, 0x00000000d6000000|100%|HS|  |TAMS 0x00000000d5f00000| PB 0x00000000d5f00000| Complete 
| 352|0x00000000d6000000, 0x00000000d6100000, 0x00000000d6100000|100%|HC|  |TAMS 0x00000000d6000000| PB 0x00000000d6000000| Complete 
| 353|0x00000000d6100000, 0x00000000d6200000, 0x00000000d6200000|100%|HS|  |TAMS 0x00000000d6100000| PB 0x00000000d6100000| Complete 
| 354|0x00000000d6200000, 0x00000000d6300000, 0x00000000d6300000|100%|HC|  |TAMS 0x00000000d6200000| PB 0x00000000d6200000| Complete 
| 355|0x00000000d6300000, 0x00000000d6400000, 0x00000000d6400000|100%|HS|  |TAMS 0x00000000d6300000| PB 0x00000000d6300000| Complete 
| 356|0x00000000d6400000, 0x00000000d6500000, 0x00000000d6500000|100%|HC|  |TAMS 0x00000000d6400000| PB 0x00000000d6400000| Complete 
| 357|0x00000000d6500000, 0x00000000d6600000, 0x00000000d6600000|100%|HS|  |TAMS 0x00000000d6500000| PB 0x00000000d6500000| Complete 
| 358|0x00000000d6600000, 0x00000000d6700000, 0x00000000d6700000|100%|HC|  |TAMS 0x00000000d6600000| PB 0x00000000d6600000| Complete 
| 359|0x00000000d6700000, 0x00000000d6800000, 0x00000000d6800000|100%|HS|  |TAMS 0x00000000d6700000| PB 0x00000000d6700000| Complete 
| 360|0x00000000d6800000, 0x00000000d6900000, 0x00000000d6900000|100%|HC|  |TAMS 0x00000000d6800000| PB 0x00000000d6800000| Complete 
| 361|0x00000000d6900000, 0x00000000d6a00000, 0x00000000d6a00000|100%|HS|  |TAMS 0x00000000d6900000| PB 0x00000000d6900000| Complete 
| 362|0x00000000d6a00000, 0x00000000d6b00000, 0x00000000d6b00000|100%|HC|  |TAMS 0x00000000d6a00000| PB 0x00000000d6a00000| Complete 
| 363|0x00000000d6b00000, 0x00000000d6c00000, 0x00000000d6c00000|100%|HS|  |TAMS 0x00000000d6b00000| PB 0x00000000d6b00000| Complete 
| 364|0x00000000d6c00000, 0x00000000d6d00000, 0x00000000d6d00000|100%|HC|  |TAMS 0x00000000d6c00000| PB 0x00000000d6c00000| Complete 
| 365|0x00000000d6d00000, 0x00000000d6e00000, 0x00000000d6e00000|100%|HS|  |TAMS 0x00000000d6d00000| PB 0x00000000d6d00000| Complete 
| 366|0x00000000d6e00000, 0x00000000d6f00000, 0x00000000d6f00000|100%|HC|  |TAMS 0x00000000d6e00000| PB 0x00000000d6e00000| Complete 
| 367|0x00000000d6f00000, 0x00000000d7000000, 0x00000000d7000000|100%|HS|  |TAMS 0x00000000d6f00000| PB 0x00000000d6f00000| Complete 
| 368|0x00000000d7000000, 0x00000000d7100000, 0x00000000d7100000|100%|HC|  |TAMS 0x00000000d7000000| PB 0x00000000d7000000| Complete 
| 369|0x00000000d7100000, 0x00000000d7200000, 0x00000000d7200000|100%|HS|  |TAMS 0x00000000d7100000| PB 0x00000000d7100000| Complete 
| 370|0x00000000d7200000, 0x00000000d7300000, 0x00000000d7300000|100%|HC|  |TAMS 0x00000000d7200000| PB 0x00000000d7200000| Complete 
| 371|0x00000000d7300000, 0x00000000d7400000, 0x00000000d7400000|100%|HS|  |TAMS 0x00000000d7300000| PB 0x00000000d7300000| Complete 
| 372|0x00000000d7400000, 0x00000000d7500000, 0x00000000d7500000|100%|HC|  |TAMS 0x00000000d7400000| PB 0x00000000d7400000| Complete 
| 373|0x00000000d7500000, 0x00000000d7600000, 0x00000000d7600000|100%|HS|  |TAMS 0x00000000d7500000| PB 0x00000000d7500000| Complete 
| 374|0x00000000d7600000, 0x00000000d7700000, 0x00000000d7700000|100%|HC|  |TAMS 0x00000000d7600000| PB 0x00000000d7600000| Complete 
| 375|0x00000000d7700000, 0x00000000d7800000, 0x00000000d7800000|100%|HS|  |TAMS 0x00000000d7700000| PB 0x00000000d7700000| Complete 
| 376|0x00000000d7800000, 0x00000000d7900000, 0x00000000d7900000|100%|HC|  |TAMS 0x00000000d7800000| PB 0x00000000d7800000| Complete 
| 377|0x00000000d7900000, 0x00000000d7a00000, 0x00000000d7a00000|100%|HS|  |TAMS 0x00000000d7900000| PB 0x00000000d7900000| Complete 
| 378|0x00000000d7a00000, 0x00000000d7b00000, 0x00000000d7b00000|100%|HC|  |TAMS 0x00000000d7a00000| PB 0x00000000d7a00000| Complete 
| 379|0x00000000d7b00000, 0x00000000d7b00000, 0x00000000d7c00000|  0%| F|  |TAMS 0x00000000d7b00000| PB 0x00000000d7b00000| Untracked 
| 380|0x00000000d7c00000, 0x00000000d7d00000, 0x00000000d7d00000|100%| O|  |TAMS 0x00000000d7c00000| PB 0x00000000d7c00000| Untracked 
| 381|0x00000000d7d00000, 0x00000000d7e00000, 0x00000000d7e00000|100%|HS|  |TAMS 0x00000000d7d00000| PB 0x00000000d7d00000| Complete 
| 382|0x00000000d7e00000, 0x00000000d7f00000, 0x00000000d7f00000|100%|HC|  |TAMS 0x00000000d7e00000| PB 0x00000000d7e00000| Complete 
| 383|0x00000000d7f00000, 0x00000000d8000000, 0x00000000d8000000|100%|HS|  |TAMS 0x00000000d7f00000| PB 0x00000000d7f00000| Complete 
| 384|0x00000000d8000000, 0x00000000d8100000, 0x00000000d8100000|100%|HC|  |TAMS 0x00000000d8000000| PB 0x00000000d8000000| Complete 
| 385|0x00000000d8100000, 0x00000000d8200000, 0x00000000d8200000|100%|HS|  |TAMS 0x00000000d8100000| PB 0x00000000d8100000| Complete 
| 386|0x00000000d8200000, 0x00000000d8300000, 0x00000000d8300000|100%|HC|  |TAMS 0x00000000d8200000| PB 0x00000000d8200000| Complete 
| 387|0x00000000d8300000, 0x00000000d8400000, 0x00000000d8400000|100%|HS|  |TAMS 0x00000000d8300000| PB 0x00000000d8300000| Complete 
| 388|0x00000000d8400000, 0x00000000d8500000, 0x00000000d8500000|100%|HC|  |TAMS 0x00000000d8400000| PB 0x00000000d8400000| Complete 
| 389|0x00000000d8500000, 0x00000000d8600000, 0x00000000d8600000|100%|HS|  |TAMS 0x00000000d8500000| PB 0x00000000d8500000| Complete 
| 390|0x00000000d8600000, 0x00000000d8700000, 0x00000000d8700000|100%|HC|  |TAMS 0x00000000d8600000| PB 0x00000000d8600000| Complete 
| 391|0x00000000d8700000, 0x00000000d8800000, 0x00000000d8800000|100%|HS|  |TAMS 0x00000000d8700000| PB 0x00000000d8700000| Complete 
| 392|0x00000000d8800000, 0x00000000d8900000, 0x00000000d8900000|100%|HC|  |TAMS 0x00000000d8800000| PB 0x00000000d8800000| Complete 
| 393|0x00000000d8900000, 0x00000000d8a00000, 0x00000000d8a00000|100%|HS|  |TAMS 0x00000000d8900000| PB 0x00000000d8900000| Complete 
| 394|0x00000000d8a00000, 0x00000000d8b00000, 0x00000000d8b00000|100%|HC|  |TAMS 0x00000000d8a00000| PB 0x00000000d8a00000| Complete 
| 395|0x00000000d8b00000, 0x00000000d8c00000, 0x00000000d8c00000|100%|HS|  |TAMS 0x00000000d8b00000| PB 0x00000000d8b00000| Complete 
| 396|0x00000000d8c00000, 0x00000000d8d00000, 0x00000000d8d00000|100%|HC|  |TAMS 0x00000000d8c00000| PB 0x00000000d8c00000| Complete 
| 397|0x00000000d8d00000, 0x00000000d8e00000, 0x00000000d8e00000|100%|HS|  |TAMS 0x00000000d8d00000| PB 0x00000000d8d00000| Complete 
| 398|0x00000000d8e00000, 0x00000000d8f00000, 0x00000000d8f00000|100%|HC|  |TAMS 0x00000000d8e00000| PB 0x00000000d8e00000| Complete 
| 399|0x00000000d8f00000, 0x00000000d9000000, 0x00000000d9000000|100%|HS|  |TAMS 0x00000000d8f00000| PB 0x00000000d8f00000| Complete 
| 400|0x00000000d9000000, 0x00000000d9100000, 0x00000000d9100000|100%|HC|  |TAMS 0x00000000d9000000| PB 0x00000000d9000000| Complete 
| 401|0x00000000d9100000, 0x00000000d9200000, 0x00000000d9200000|100%|HS|  |TAMS 0x00000000d9100000| PB 0x00000000d9100000| Complete 
| 402|0x00000000d9200000, 0x00000000d9300000, 0x00000000d9300000|100%|HC|  |TAMS 0x00000000d9200000| PB 0x00000000d9200000| Complete 
| 403|0x00000000d9300000, 0x00000000d9400000, 0x00000000d9400000|100%|HS|  |TAMS 0x00000000d9300000| PB 0x00000000d9300000| Complete 
| 404|0x00000000d9400000, 0x00000000d9500000, 0x00000000d9500000|100%|HC|  |TAMS 0x00000000d9400000| PB 0x00000000d9400000| Complete 
| 405|0x00000000d9500000, 0x00000000d9600000, 0x00000000d9600000|100%|HS|  |TAMS 0x00000000d9500000| PB 0x00000000d9500000| Complete 
| 406|0x00000000d9600000, 0x00000000d9700000, 0x00000000d9700000|100%|HC|  |TAMS 0x00000000d9600000| PB 0x00000000d9600000| Complete 
| 407|0x00000000d9700000, 0x00000000d9800000, 0x00000000d9800000|100%|HS|  |TAMS 0x00000000d9700000| PB 0x00000000d9700000| Complete 
| 408|0x00000000d9800000, 0x00000000d9900000, 0x00000000d9900000|100%|HC|  |TAMS 0x00000000d9800000| PB 0x00000000d9800000| Complete 
| 409|0x00000000d9900000, 0x00000000d9a00000, 0x00000000d9a00000|100%|HS|  |TAMS 0x00000000d9900000| PB 0x00000000d9900000| Complete 
| 410|0x00000000d9a00000, 0x00000000d9b00000, 0x00000000d9b00000|100%|HC|  |TAMS 0x00000000d9a00000| PB 0x00000000d9a00000| Complete 
| 411|0x00000000d9b00000, 0x00000000d9c00000, 0x00000000d9c00000|100%|HS|  |TAMS 0x00000000d9b00000| PB 0x00000000d9b00000| Complete 
| 412|0x00000000d9c00000, 0x00000000d9d00000, 0x00000000d9d00000|100%|HC|  |TAMS 0x00000000d9c00000| PB 0x00000000d9c00000| Complete 
| 413|0x00000000d9d00000, 0x00000000d9e00000, 0x00000000d9e00000|100%|HS|  |TAMS 0x00000000d9d00000| PB 0x00000000d9d00000| Complete 
| 414|0x00000000d9e00000, 0x00000000d9f00000, 0x00000000d9f00000|100%|HC|  |TAMS 0x00000000d9e00000| PB 0x00000000d9e00000| Complete 
| 415|0x00000000d9f00000, 0x00000000da000000, 0x00000000da000000|100%|HS|  |TAMS 0x00000000d9f00000| PB 0x00000000d9f00000| Complete 
| 416|0x00000000da000000, 0x00000000da100000, 0x00000000da100000|100%|HC|  |TAMS 0x00000000da000000| PB 0x00000000da000000| Complete 
| 417|0x00000000da100000, 0x00000000da200000, 0x00000000da200000|100%|HS|  |TAMS 0x00000000da100000| PB 0x00000000da100000| Complete 
| 418|0x00000000da200000, 0x00000000da300000, 0x00000000da300000|100%|HC|  |TAMS 0x00000000da200000| PB 0x00000000da200000| Complete 
| 419|0x00000000da300000, 0x00000000da400000, 0x00000000da400000|100%|HS|  |TAMS 0x00000000da300000| PB 0x00000000da300000| Complete 
| 420|0x00000000da400000, 0x00000000da500000, 0x00000000da500000|100%|HC|  |TAMS 0x00000000da400000| PB 0x00000000da400000| Complete 
| 421|0x00000000da500000, 0x00000000da600000, 0x00000000da600000|100%|HS|  |TAMS 0x00000000da500000| PB 0x00000000da500000| Complete 
| 422|0x00000000da600000, 0x00000000da700000, 0x00000000da700000|100%|HC|  |TAMS 0x00000000da600000| PB 0x00000000da600000| Complete 
| 423|0x00000000da700000, 0x00000000da800000, 0x00000000da800000|100%|HS|  |TAMS 0x00000000da700000| PB 0x00000000da700000| Complete 
| 424|0x00000000da800000, 0x00000000da900000, 0x00000000da900000|100%|HC|  |TAMS 0x00000000da800000| PB 0x00000000da800000| Complete 
| 425|0x00000000da900000, 0x00000000daa00000, 0x00000000daa00000|100%|HS|  |TAMS 0x00000000da900000| PB 0x00000000da900000| Complete 
| 426|0x00000000daa00000, 0x00000000dab00000, 0x00000000dab00000|100%|HC|  |TAMS 0x00000000daa00000| PB 0x00000000daa00000| Complete 
| 427|0x00000000dab00000, 0x00000000dac00000, 0x00000000dac00000|100%|HS|  |TAMS 0x00000000dab00000| PB 0x00000000dab00000| Complete 
| 428|0x00000000dac00000, 0x00000000dad00000, 0x00000000dad00000|100%|HC|  |TAMS 0x00000000dac00000| PB 0x00000000dac00000| Complete 
| 429|0x00000000dad00000, 0x00000000dae00000, 0x00000000dae00000|100%|HS|  |TAMS 0x00000000dad00000| PB 0x00000000dad00000| Complete 
| 430|0x00000000dae00000, 0x00000000daf00000, 0x00000000daf00000|100%|HC|  |TAMS 0x00000000dae00000| PB 0x00000000dae00000| Complete 
| 431|0x00000000daf00000, 0x00000000db000000, 0x00000000db000000|100%|HS|  |TAMS 0x00000000daf00000| PB 0x00000000daf00000| Complete 
| 432|0x00000000db000000, 0x00000000db100000, 0x00000000db100000|100%|HC|  |TAMS 0x00000000db000000| PB 0x00000000db000000| Complete 
| 433|0x00000000db100000, 0x00000000db200000, 0x00000000db200000|100%|HS|  |TAMS 0x00000000db100000| PB 0x00000000db100000| Complete 
| 434|0x00000000db200000, 0x00000000db300000, 0x00000000db300000|100%|HC|  |TAMS 0x00000000db200000| PB 0x00000000db200000| Complete 
| 435|0x00000000db300000, 0x00000000db400000, 0x00000000db400000|100%|HS|  |TAMS 0x00000000db300000| PB 0x00000000db300000| Complete 
| 436|0x00000000db400000, 0x00000000db500000, 0x00000000db500000|100%|HC|  |TAMS 0x00000000db400000| PB 0x00000000db400000| Complete 
| 437|0x00000000db500000, 0x00000000db600000, 0x00000000db600000|100%|HS|  |TAMS 0x00000000db500000| PB 0x00000000db500000| Complete 
| 438|0x00000000db600000, 0x00000000db700000, 0x00000000db700000|100%|HC|  |TAMS 0x00000000db600000| PB 0x00000000db600000| Complete 
| 439|0x00000000db700000, 0x00000000db800000, 0x00000000db800000|100%|HS|  |TAMS 0x00000000db700000| PB 0x00000000db700000| Complete 
| 440|0x00000000db800000, 0x00000000db900000, 0x00000000db900000|100%|HC|  |TAMS 0x00000000db800000| PB 0x00000000db800000| Complete 
| 441|0x00000000db900000, 0x00000000dba00000, 0x00000000dba00000|100%|HS|  |TAMS 0x00000000db900000| PB 0x00000000db900000| Complete 
| 442|0x00000000dba00000, 0x00000000dbb00000, 0x00000000dbb00000|100%|HC|  |TAMS 0x00000000dba00000| PB 0x00000000dba00000| Complete 
| 443|0x00000000dbb00000, 0x00000000dbc00000, 0x00000000dbc00000|100%|HS|  |TAMS 0x00000000dbb00000| PB 0x00000000dbb00000| Complete 
| 444|0x00000000dbc00000, 0x00000000dbd00000, 0x00000000dbd00000|100%|HC|  |TAMS 0x00000000dbc00000| PB 0x00000000dbc00000| Complete 
| 445|0x00000000dbd00000, 0x00000000dbe00000, 0x00000000dbe00000|100%|HS|  |TAMS 0x00000000dbd00000| PB 0x00000000dbd00000| Complete 
| 446|0x00000000dbe00000, 0x00000000dbf00000, 0x00000000dbf00000|100%|HC|  |TAMS 0x00000000dbe00000| PB 0x00000000dbe00000| Complete 
| 447|0x00000000dbf00000, 0x00000000dc000000, 0x00000000dc000000|100%|HS|  |TAMS 0x00000000dbf00000| PB 0x00000000dbf00000| Complete 
| 448|0x00000000dc000000, 0x00000000dc100000, 0x00000000dc100000|100%|HC|  |TAMS 0x00000000dc000000| PB 0x00000000dc000000| Complete 
| 449|0x00000000dc100000, 0x00000000dc200000, 0x00000000dc200000|100%|HS|  |TAMS 0x00000000dc100000| PB 0x00000000dc100000| Complete 
| 450|0x00000000dc200000, 0x00000000dc300000, 0x00000000dc300000|100%|HC|  |TAMS 0x00000000dc200000| PB 0x00000000dc200000| Complete 
| 451|0x00000000dc300000, 0x00000000dc400000, 0x00000000dc400000|100%|HS|  |TAMS 0x00000000dc300000| PB 0x00000000dc300000| Complete 
| 452|0x00000000dc400000, 0x00000000dc500000, 0x00000000dc500000|100%|HC|  |TAMS 0x00000000dc400000| PB 0x00000000dc400000| Complete 
| 453|0x00000000dc500000, 0x00000000dc600000, 0x00000000dc600000|100%|HS|  |TAMS 0x00000000dc500000| PB 0x00000000dc500000| Complete 
| 454|0x00000000dc600000, 0x00000000dc700000, 0x00000000dc700000|100%|HC|  |TAMS 0x00000000dc600000| PB 0x00000000dc600000| Complete 
| 455|0x00000000dc700000, 0x00000000dc800000, 0x00000000dc800000|100%|HS|  |TAMS 0x00000000dc700000| PB 0x00000000dc700000| Complete 
| 456|0x00000000dc800000, 0x00000000dc900000, 0x00000000dc900000|100%|HC|  |TAMS 0x00000000dc800000| PB 0x00000000dc800000| Complete 
| 457|0x00000000dc900000, 0x00000000dca00000, 0x00000000dca00000|100%|HS|  |TAMS 0x00000000dc900000| PB 0x00000000dc900000| Complete 
| 458|0x00000000dca00000, 0x00000000dcb00000, 0x00000000dcb00000|100%|HC|  |TAMS 0x00000000dca00000| PB 0x00000000dca00000| Complete 
| 459|0x00000000dcb00000, 0x00000000dcc00000, 0x00000000dcc00000|100%|HS|  |TAMS 0x00000000dcb00000| PB 0x00000000dcb00000| Complete 
| 460|0x00000000dcc00000, 0x00000000dcd00000, 0x00000000dcd00000|100%|HC|  |TAMS 0x00000000dcc00000| PB 0x00000000dcc00000| Complete 
| 461|0x00000000dcd00000, 0x00000000dce00000, 0x00000000dce00000|100%|HS|  |TAMS 0x00000000dcd00000| PB 0x00000000dcd00000| Complete 
| 462|0x00000000dce00000, 0x00000000dcf00000, 0x00000000dcf00000|100%|HC|  |TAMS 0x00000000dce00000| PB 0x00000000dce00000| Complete 
| 463|0x00000000dcf00000, 0x00000000dd000000, 0x00000000dd000000|100%|HS|  |TAMS 0x00000000dcf00000| PB 0x00000000dcf00000| Complete 
| 464|0x00000000dd000000, 0x00000000dd100000, 0x00000000dd100000|100%|HC|  |TAMS 0x00000000dd000000| PB 0x00000000dd000000| Complete 
| 465|0x00000000dd100000, 0x00000000dd200000, 0x00000000dd200000|100%|HS|  |TAMS 0x00000000dd100000| PB 0x00000000dd100000| Complete 
| 466|0x00000000dd200000, 0x00000000dd300000, 0x00000000dd300000|100%|HC|  |TAMS 0x00000000dd200000| PB 0x00000000dd200000| Complete 
| 467|0x00000000dd300000, 0x00000000dd400000, 0x00000000dd400000|100%|HS|  |TAMS 0x00000000dd300000| PB 0x00000000dd300000| Complete 
| 468|0x00000000dd400000, 0x00000000dd500000, 0x00000000dd500000|100%|HC|  |TAMS 0x00000000dd400000| PB 0x00000000dd400000| Complete 
| 469|0x00000000dd500000, 0x00000000dd600000, 0x00000000dd600000|100%|HS|  |TAMS 0x00000000dd500000| PB 0x00000000dd500000| Complete 
| 470|0x00000000dd600000, 0x00000000dd700000, 0x00000000dd700000|100%|HC|  |TAMS 0x00000000dd600000| PB 0x00000000dd600000| Complete 
| 471|0x00000000dd700000, 0x00000000dd800000, 0x00000000dd800000|100%|HS|  |TAMS 0x00000000dd700000| PB 0x00000000dd700000| Complete 
| 472|0x00000000dd800000, 0x00000000dd900000, 0x00000000dd900000|100%|HC|  |TAMS 0x00000000dd800000| PB 0x00000000dd800000| Complete 
| 473|0x00000000dd900000, 0x00000000dda00000, 0x00000000dda00000|100%|HS|  |TAMS 0x00000000dd900000| PB 0x00000000dd900000| Complete 
| 474|0x00000000dda00000, 0x00000000ddb00000, 0x00000000ddb00000|100%|HC|  |TAMS 0x00000000dda00000| PB 0x00000000dda00000| Complete 
| 475|0x00000000ddb00000, 0x00000000ddc00000, 0x00000000ddc00000|100%|HS|  |TAMS 0x00000000ddb00000| PB 0x00000000ddb00000| Complete 
| 476|0x00000000ddc00000, 0x00000000ddd00000, 0x00000000ddd00000|100%|HC|  |TAMS 0x00000000ddc00000| PB 0x00000000ddc00000| Complete 
| 477|0x00000000ddd00000, 0x00000000dde00000, 0x00000000dde00000|100%|HS|  |TAMS 0x00000000ddd00000| PB 0x00000000ddd00000| Complete 
| 478|0x00000000dde00000, 0x00000000ddf00000, 0x00000000ddf00000|100%|HC|  |TAMS 0x00000000dde00000| PB 0x00000000dde00000| Complete 
| 479|0x00000000ddf00000, 0x00000000de000000, 0x00000000de000000|100%|HS|  |TAMS 0x00000000ddf00000| PB 0x00000000ddf00000| Complete 
| 480|0x00000000de000000, 0x00000000de100000, 0x00000000de100000|100%|HC|  |TAMS 0x00000000de000000| PB 0x00000000de000000| Complete 
| 481|0x00000000de100000, 0x00000000de200000, 0x00000000de200000|100%|HS|  |TAMS 0x00000000de100000| PB 0x00000000de100000| Complete 
| 482|0x00000000de200000, 0x00000000de300000, 0x00000000de300000|100%|HC|  |TAMS 0x00000000de200000| PB 0x00000000de200000| Complete 
| 483|0x00000000de300000, 0x00000000de400000, 0x00000000de400000|100%|HS|  |TAMS 0x00000000de300000| PB 0x00000000de300000| Complete 
| 484|0x00000000de400000, 0x00000000de500000, 0x00000000de500000|100%|HC|  |TAMS 0x00000000de400000| PB 0x00000000de400000| Complete 
| 485|0x00000000de500000, 0x00000000de600000, 0x00000000de600000|100%|HS|  |TAMS 0x00000000de500000| PB 0x00000000de500000| Complete 
| 486|0x00000000de600000, 0x00000000de700000, 0x00000000de700000|100%|HC|  |TAMS 0x00000000de600000| PB 0x00000000de600000| Complete 
| 487|0x00000000de700000, 0x00000000de800000, 0x00000000de800000|100%|HS|  |TAMS 0x00000000de700000| PB 0x00000000de700000| Complete 
| 488|0x00000000de800000, 0x00000000de900000, 0x00000000de900000|100%|HC|  |TAMS 0x00000000de800000| PB 0x00000000de800000| Complete 
| 489|0x00000000de900000, 0x00000000dea00000, 0x00000000dea00000|100%|HS|  |TAMS 0x00000000de900000| PB 0x00000000de900000| Complete 
| 490|0x00000000dea00000, 0x00000000deb00000, 0x00000000deb00000|100%|HC|  |TAMS 0x00000000dea00000| PB 0x00000000dea00000| Complete 
| 491|0x00000000deb00000, 0x00000000dec00000, 0x00000000dec00000|100%|HS|  |TAMS 0x00000000deb00000| PB 0x00000000deb00000| Complete 
| 492|0x00000000dec00000, 0x00000000ded00000, 0x00000000ded00000|100%|HC|  |TAMS 0x00000000dec00000| PB 0x00000000dec00000| Complete 
| 493|0x00000000ded00000, 0x00000000dee00000, 0x00000000dee00000|100%|HS|  |TAMS 0x00000000ded00000| PB 0x00000000ded00000| Complete 
| 494|0x00000000dee00000, 0x00000000def00000, 0x00000000def00000|100%|HC|  |TAMS 0x00000000dee00000| PB 0x00000000dee00000| Complete 
| 495|0x00000000def00000, 0x00000000df000000, 0x00000000df000000|100%|HS|  |TAMS 0x00000000def00000| PB 0x00000000def00000| Complete 
| 496|0x00000000df000000, 0x00000000df100000, 0x00000000df100000|100%|HC|  |TAMS 0x00000000df000000| PB 0x00000000df000000| Complete 
| 497|0x00000000df100000, 0x00000000df200000, 0x00000000df200000|100%|HS|  |TAMS 0x00000000df100000| PB 0x00000000df100000| Complete 
| 498|0x00000000df200000, 0x00000000df300000, 0x00000000df300000|100%|HC|  |TAMS 0x00000000df200000| PB 0x00000000df200000| Complete 
| 499|0x00000000df300000, 0x00000000df400000, 0x00000000df400000|100%|HS|  |TAMS 0x00000000df300000| PB 0x00000000df300000| Complete 
| 500|0x00000000df400000, 0x00000000df500000, 0x00000000df500000|100%|HC|  |TAMS 0x00000000df400000| PB 0x00000000df400000| Complete 
| 501|0x00000000df500000, 0x00000000df600000, 0x00000000df600000|100%|HS|  |TAMS 0x00000000df500000| PB 0x00000000df500000| Complete 
| 502|0x00000000df600000, 0x00000000df700000, 0x00000000df700000|100%|HC|  |TAMS 0x00000000df600000| PB 0x00000000df600000| Complete 
| 503|0x00000000df700000, 0x00000000df800000, 0x00000000df800000|100%|HS|  |TAMS 0x00000000df700000| PB 0x00000000df700000| Complete 
| 504|0x00000000df800000, 0x00000000df900000, 0x00000000df900000|100%|HC|  |TAMS 0x00000000df800000| PB 0x00000000df800000| Complete 
| 505|0x00000000df900000, 0x00000000dfa00000, 0x00000000dfa00000|100%|HS|  |TAMS 0x00000000df900000| PB 0x00000000df900000| Complete 
| 506|0x00000000dfa00000, 0x00000000dfb00000, 0x00000000dfb00000|100%|HC|  |TAMS 0x00000000dfa00000| PB 0x00000000dfa00000| Complete 
| 507|0x00000000dfb00000, 0x00000000dfc00000, 0x00000000dfc00000|100%|HS|  |TAMS 0x00000000dfb00000| PB 0x00000000dfb00000| Complete 
| 508|0x00000000dfc00000, 0x00000000dfd00000, 0x00000000dfd00000|100%|HC|  |TAMS 0x00000000dfc00000| PB 0x00000000dfc00000| Complete 
| 509|0x00000000dfd00000, 0x00000000dfe00000, 0x00000000dfe00000|100%|HS|  |TAMS 0x00000000dfd00000| PB 0x00000000dfd00000| Complete 
| 510|0x00000000dfe00000, 0x00000000dff00000, 0x00000000dff00000|100%|HC|  |TAMS 0x00000000dfe00000| PB 0x00000000dfe00000| Complete 
| 511|0x00000000dff00000, 0x00000000e0000000, 0x00000000e0000000|100%|HS|  |TAMS 0x00000000dff00000| PB 0x00000000dff00000| Complete 
| 512|0x00000000e0000000, 0x00000000e0100000, 0x00000000e0100000|100%|HC|  |TAMS 0x00000000e0000000| PB 0x00000000e0000000| Complete 
| 513|0x00000000e0100000, 0x00000000e0200000, 0x00000000e0200000|100%|HS|  |TAMS 0x00000000e0100000| PB 0x00000000e0100000| Complete 
| 514|0x00000000e0200000, 0x00000000e0300000, 0x00000000e0300000|100%|HC|  |TAMS 0x00000000e0200000| PB 0x00000000e0200000| Complete 
| 515|0x00000000e0300000, 0x00000000e0400000, 0x00000000e0400000|100%|HS|  |TAMS 0x00000000e0300000| PB 0x00000000e0300000| Complete 
| 516|0x00000000e0400000, 0x00000000e0500000, 0x00000000e0500000|100%|HC|  |TAMS 0x00000000e0400000| PB 0x00000000e0400000| Complete 
| 517|0x00000000e0500000, 0x00000000e0600000, 0x00000000e0600000|100%|HS|  |TAMS 0x00000000e0500000| PB 0x00000000e0500000| Complete 
| 518|0x00000000e0600000, 0x00000000e0700000, 0x00000000e0700000|100%|HC|  |TAMS 0x00000000e0600000| PB 0x00000000e0600000| Complete 
| 519|0x00000000e0700000, 0x00000000e0800000, 0x00000000e0800000|100%|HS|  |TAMS 0x00000000e0700000| PB 0x00000000e0700000| Complete 
| 520|0x00000000e0800000, 0x00000000e0900000, 0x00000000e0900000|100%|HC|  |TAMS 0x00000000e0800000| PB 0x00000000e0800000| Complete 
| 521|0x00000000e0900000, 0x00000000e0a00000, 0x00000000e0a00000|100%|HS|  |TAMS 0x00000000e0900000| PB 0x00000000e0900000| Complete 
| 522|0x00000000e0a00000, 0x00000000e0b00000, 0x00000000e0b00000|100%|HC|  |TAMS 0x00000000e0a00000| PB 0x00000000e0a00000| Complete 
| 523|0x00000000e0b00000, 0x00000000e0c00000, 0x00000000e0c00000|100%|HS|  |TAMS 0x00000000e0b00000| PB 0x00000000e0b00000| Complete 
| 524|0x00000000e0c00000, 0x00000000e0d00000, 0x00000000e0d00000|100%|HC|  |TAMS 0x00000000e0c00000| PB 0x00000000e0c00000| Complete 
| 525|0x00000000e0d00000, 0x00000000e0e00000, 0x00000000e0e00000|100%|HS|  |TAMS 0x00000000e0d00000| PB 0x00000000e0d00000| Complete 
| 526|0x00000000e0e00000, 0x00000000e0f00000, 0x00000000e0f00000|100%|HC|  |TAMS 0x00000000e0e00000| PB 0x00000000e0e00000| Complete 
| 527|0x00000000e0f00000, 0x00000000e1000000, 0x00000000e1000000|100%|HS|  |TAMS 0x00000000e0f00000| PB 0x00000000e0f00000| Complete 
| 528|0x00000000e1000000, 0x00000000e1100000, 0x00000000e1100000|100%|HC|  |TAMS 0x00000000e1000000| PB 0x00000000e1000000| Complete 
| 529|0x00000000e1100000, 0x00000000e1200000, 0x00000000e1200000|100%|HS|  |TAMS 0x00000000e1100000| PB 0x00000000e1100000| Complete 
| 530|0x00000000e1200000, 0x00000000e1300000, 0x00000000e1300000|100%|HC|  |TAMS 0x00000000e1200000| PB 0x00000000e1200000| Complete 
| 531|0x00000000e1300000, 0x00000000e1400000, 0x00000000e1400000|100%|HS|  |TAMS 0x00000000e1300000| PB 0x00000000e1300000| Complete 
| 532|0x00000000e1400000, 0x00000000e1500000, 0x00000000e1500000|100%|HC|  |TAMS 0x00000000e1400000| PB 0x00000000e1400000| Complete 
| 533|0x00000000e1500000, 0x00000000e1600000, 0x00000000e1600000|100%|HS|  |TAMS 0x00000000e1500000| PB 0x00000000e1500000| Complete 
| 534|0x00000000e1600000, 0x00000000e1700000, 0x00000000e1700000|100%|HC|  |TAMS 0x00000000e1600000| PB 0x00000000e1600000| Complete 
| 535|0x00000000e1700000, 0x00000000e1800000, 0x00000000e1800000|100%|HS|  |TAMS 0x00000000e1700000| PB 0x00000000e1700000| Complete 
| 536|0x00000000e1800000, 0x00000000e1900000, 0x00000000e1900000|100%|HC|  |TAMS 0x00000000e1800000| PB 0x00000000e1800000| Complete 
| 537|0x00000000e1900000, 0x00000000e1a00000, 0x00000000e1a00000|100%|HS|  |TAMS 0x00000000e1900000| PB 0x00000000e1900000| Complete 
| 538|0x00000000e1a00000, 0x00000000e1b00000, 0x00000000e1b00000|100%|HC|  |TAMS 0x00000000e1a00000| PB 0x00000000e1a00000| Complete 
| 539|0x00000000e1b00000, 0x00000000e1c00000, 0x00000000e1c00000|100%|HS|  |TAMS 0x00000000e1b00000| PB 0x00000000e1b00000| Complete 
| 540|0x00000000e1c00000, 0x00000000e1d00000, 0x00000000e1d00000|100%|HC|  |TAMS 0x00000000e1c00000| PB 0x00000000e1c00000| Complete 
| 541|0x00000000e1d00000, 0x00000000e1e00000, 0x00000000e1e00000|100%|HS|  |TAMS 0x00000000e1d00000| PB 0x00000000e1d00000| Complete 
| 542|0x00000000e1e00000, 0x00000000e1f00000, 0x00000000e1f00000|100%|HC|  |TAMS 0x00000000e1e00000| PB 0x00000000e1e00000| Complete 
| 543|0x00000000e1f00000, 0x00000000e2000000, 0x00000000e2000000|100%|HS|  |TAMS 0x00000000e1f00000| PB 0x00000000e1f00000| Complete 
| 544|0x00000000e2000000, 0x00000000e2100000, 0x00000000e2100000|100%|HC|  |TAMS 0x00000000e2000000| PB 0x00000000e2000000| Complete 
| 545|0x00000000e2100000, 0x00000000e2200000, 0x00000000e2200000|100%|HS|  |TAMS 0x00000000e2100000| PB 0x00000000e2100000| Complete 
| 546|0x00000000e2200000, 0x00000000e2300000, 0x00000000e2300000|100%|HC|  |TAMS 0x00000000e2200000| PB 0x00000000e2200000| Complete 
| 547|0x00000000e2300000, 0x00000000e2400000, 0x00000000e2400000|100%|HS|  |TAMS 0x00000000e2300000| PB 0x00000000e2300000| Complete 
| 548|0x00000000e2400000, 0x00000000e2500000, 0x00000000e2500000|100%|HC|  |TAMS 0x00000000e2400000| PB 0x00000000e2400000| Complete 
| 549|0x00000000e2500000, 0x00000000e2600000, 0x00000000e2600000|100%|HS|  |TAMS 0x00000000e2500000| PB 0x00000000e2500000| Complete 
| 550|0x00000000e2600000, 0x00000000e2700000, 0x00000000e2700000|100%|HC|  |TAMS 0x00000000e2600000| PB 0x00000000e2600000| Complete 
| 551|0x00000000e2700000, 0x00000000e2800000, 0x00000000e2800000|100%|HS|  |TAMS 0x00000000e2700000| PB 0x00000000e2700000| Complete 
| 552|0x00000000e2800000, 0x00000000e2900000, 0x00000000e2900000|100%|HC|  |TAMS 0x00000000e2800000| PB 0x00000000e2800000| Complete 
| 553|0x00000000e2900000, 0x00000000e2a00000, 0x00000000e2a00000|100%|HS|  |TAMS 0x00000000e2900000| PB 0x00000000e2900000| Complete 
| 554|0x00000000e2a00000, 0x00000000e2b00000, 0x00000000e2b00000|100%|HC|  |TAMS 0x00000000e2a00000| PB 0x00000000e2a00000| Complete 
| 555|0x00000000e2b00000, 0x00000000e2c00000, 0x00000000e2c00000|100%|HS|  |TAMS 0x00000000e2b00000| PB 0x00000000e2b00000| Complete 
| 556|0x00000000e2c00000, 0x00000000e2d00000, 0x00000000e2d00000|100%|HC|  |TAMS 0x00000000e2c00000| PB 0x00000000e2c00000| Complete 
| 557|0x00000000e2d00000, 0x00000000e2e00000, 0x00000000e2e00000|100%|HS|  |TAMS 0x00000000e2d00000| PB 0x00000000e2d00000| Complete 
| 558|0x00000000e2e00000, 0x00000000e2f00000, 0x00000000e2f00000|100%|HC|  |TAMS 0x00000000e2e00000| PB 0x00000000e2e00000| Complete 
| 559|0x00000000e2f00000, 0x00000000e3000000, 0x00000000e3000000|100%|HS|  |TAMS 0x00000000e2f00000| PB 0x00000000e2f00000| Complete 
| 560|0x00000000e3000000, 0x00000000e3100000, 0x00000000e3100000|100%|HC|  |TAMS 0x00000000e3000000| PB 0x00000000e3000000| Complete 
| 561|0x00000000e3100000, 0x00000000e3200000, 0x00000000e3200000|100%|HS|  |TAMS 0x00000000e3100000| PB 0x00000000e3100000| Complete 
| 562|0x00000000e3200000, 0x00000000e3300000, 0x00000000e3300000|100%|HC|  |TAMS 0x00000000e3200000| PB 0x00000000e3200000| Complete 
| 563|0x00000000e3300000, 0x00000000e3400000, 0x00000000e3400000|100%|HS|  |TAMS 0x00000000e3300000| PB 0x00000000e3300000| Complete 
| 564|0x00000000e3400000, 0x00000000e3500000, 0x00000000e3500000|100%|HC|  |TAMS 0x00000000e3400000| PB 0x00000000e3400000| Complete 
| 565|0x00000000e3500000, 0x00000000e3600000, 0x00000000e3600000|100%|HS|  |TAMS 0x00000000e3500000| PB 0x00000000e3500000| Complete 
| 566|0x00000000e3600000, 0x00000000e3700000, 0x00000000e3700000|100%|HC|  |TAMS 0x00000000e3600000| PB 0x00000000e3600000| Complete 
| 567|0x00000000e3700000, 0x00000000e3800000, 0x00000000e3800000|100%|HS|  |TAMS 0x00000000e3700000| PB 0x00000000e3700000| Complete 
| 568|0x00000000e3800000, 0x00000000e3900000, 0x00000000e3900000|100%|HC|  |TAMS 0x00000000e3800000| PB 0x00000000e3800000| Complete 
| 569|0x00000000e3900000, 0x00000000e3a00000, 0x00000000e3a00000|100%|HS|  |TAMS 0x00000000e3900000| PB 0x00000000e3900000| Complete 
| 570|0x00000000e3a00000, 0x00000000e3b00000, 0x00000000e3b00000|100%|HC|  |TAMS 0x00000000e3a00000| PB 0x00000000e3a00000| Complete 
| 571|0x00000000e3b00000, 0x00000000e3c00000, 0x00000000e3c00000|100%|HS|  |TAMS 0x00000000e3b00000| PB 0x00000000e3b00000| Complete 
| 572|0x00000000e3c00000, 0x00000000e3d00000, 0x00000000e3d00000|100%|HC|  |TAMS 0x00000000e3c00000| PB 0x00000000e3c00000| Complete 
| 573|0x00000000e3d00000, 0x00000000e3e00000, 0x00000000e3e00000|100%|HS|  |TAMS 0x00000000e3d00000| PB 0x00000000e3d00000| Complete 
| 574|0x00000000e3e00000, 0x00000000e3f00000, 0x00000000e3f00000|100%|HC|  |TAMS 0x00000000e3e00000| PB 0x00000000e3e00000| Complete 
| 575|0x00000000e3f00000, 0x00000000e4000000, 0x00000000e4000000|100%|HS|  |TAMS 0x00000000e3f00000| PB 0x00000000e3f00000| Complete 
| 576|0x00000000e4000000, 0x00000000e4100000, 0x00000000e4100000|100%|HC|  |TAMS 0x00000000e4000000| PB 0x00000000e4000000| Complete 
| 577|0x00000000e4100000, 0x00000000e4200000, 0x00000000e4200000|100%|HS|  |TAMS 0x00000000e4100000| PB 0x00000000e4100000| Complete 
| 578|0x00000000e4200000, 0x00000000e4300000, 0x00000000e4300000|100%|HC|  |TAMS 0x00000000e4200000| PB 0x00000000e4200000| Complete 
| 579|0x00000000e4300000, 0x00000000e4400000, 0x00000000e4400000|100%|HS|  |TAMS 0x00000000e4300000| PB 0x00000000e4300000| Complete 
| 580|0x00000000e4400000, 0x00000000e4500000, 0x00000000e4500000|100%|HC|  |TAMS 0x00000000e4400000| PB 0x00000000e4400000| Complete 
| 581|0x00000000e4500000, 0x00000000e4600000, 0x00000000e4600000|100%|HS|  |TAMS 0x00000000e4500000| PB 0x00000000e4500000| Complete 
| 582|0x00000000e4600000, 0x00000000e4700000, 0x00000000e4700000|100%|HC|  |TAMS 0x00000000e4600000| PB 0x00000000e4600000| Complete 
| 583|0x00000000e4700000, 0x00000000e4800000, 0x00000000e4800000|100%|HS|  |TAMS 0x00000000e4700000| PB 0x00000000e4700000| Complete 
| 584|0x00000000e4800000, 0x00000000e4900000, 0x00000000e4900000|100%|HC|  |TAMS 0x00000000e4800000| PB 0x00000000e4800000| Complete 
| 585|0x00000000e4900000, 0x00000000e4a00000, 0x00000000e4a00000|100%|HS|  |TAMS 0x00000000e4900000| PB 0x00000000e4900000| Complete 
| 586|0x00000000e4a00000, 0x00000000e4b00000, 0x00000000e4b00000|100%|HC|  |TAMS 0x00000000e4a00000| PB 0x00000000e4a00000| Complete 
| 587|0x00000000e4b00000, 0x00000000e4c00000, 0x00000000e4c00000|100%|HS|  |TAMS 0x00000000e4b00000| PB 0x00000000e4b00000| Complete 
| 588|0x00000000e4c00000, 0x00000000e4d00000, 0x00000000e4d00000|100%|HC|  |TAMS 0x00000000e4c00000| PB 0x00000000e4c00000| Complete 
| 589|0x00000000e4d00000, 0x00000000e4e00000, 0x00000000e4e00000|100%|HS|  |TAMS 0x00000000e4d00000| PB 0x00000000e4d00000| Complete 
| 590|0x00000000e4e00000, 0x00000000e4f00000, 0x00000000e4f00000|100%|HC|  |TAMS 0x00000000e4e00000| PB 0x00000000e4e00000| Complete 
| 591|0x00000000e4f00000, 0x00000000e5000000, 0x00000000e5000000|100%|HS|  |TAMS 0x00000000e4f00000| PB 0x00000000e4f00000| Complete 
| 592|0x00000000e5000000, 0x00000000e5100000, 0x00000000e5100000|100%|HC|  |TAMS 0x00000000e5000000| PB 0x00000000e5000000| Complete 
| 593|0x00000000e5100000, 0x00000000e5200000, 0x00000000e5200000|100%|HS|  |TAMS 0x00000000e5100000| PB 0x00000000e5100000| Complete 
| 594|0x00000000e5200000, 0x00000000e5300000, 0x00000000e5300000|100%|HC|  |TAMS 0x00000000e5200000| PB 0x00000000e5200000| Complete 
| 595|0x00000000e5300000, 0x00000000e5400000, 0x00000000e5400000|100%|HS|  |TAMS 0x00000000e5300000| PB 0x00000000e5300000| Complete 
| 596|0x00000000e5400000, 0x00000000e5500000, 0x00000000e5500000|100%|HC|  |TAMS 0x00000000e5400000| PB 0x00000000e5400000| Complete 
| 597|0x00000000e5500000, 0x00000000e5600000, 0x00000000e5600000|100%|HS|  |TAMS 0x00000000e5500000| PB 0x00000000e5500000| Complete 
| 598|0x00000000e5600000, 0x00000000e5700000, 0x00000000e5700000|100%|HC|  |TAMS 0x00000000e5600000| PB 0x00000000e5600000| Complete 
| 599|0x00000000e5700000, 0x00000000e5800000, 0x00000000e5800000|100%|HS|  |TAMS 0x00000000e5700000| PB 0x00000000e5700000| Complete 
| 600|0x00000000e5800000, 0x00000000e5900000, 0x00000000e5900000|100%|HC|  |TAMS 0x00000000e5800000| PB 0x00000000e5800000| Complete 
| 601|0x00000000e5900000, 0x00000000e5a00000, 0x00000000e5a00000|100%|HS|  |TAMS 0x00000000e5900000| PB 0x00000000e5900000| Complete 
| 602|0x00000000e5a00000, 0x00000000e5b00000, 0x00000000e5b00000|100%|HC|  |TAMS 0x00000000e5a00000| PB 0x00000000e5a00000| Complete 
| 603|0x00000000e5b00000, 0x00000000e5c00000, 0x00000000e5c00000|100%|HS|  |TAMS 0x00000000e5b00000| PB 0x00000000e5b00000| Complete 
| 604|0x00000000e5c00000, 0x00000000e5d00000, 0x00000000e5d00000|100%|HC|  |TAMS 0x00000000e5c00000| PB 0x00000000e5c00000| Complete 
| 605|0x00000000e5d00000, 0x00000000e5e00000, 0x00000000e5e00000|100%|HS|  |TAMS 0x00000000e5d00000| PB 0x00000000e5d00000| Complete 
| 606|0x00000000e5e00000, 0x00000000e5f00000, 0x00000000e5f00000|100%|HC|  |TAMS 0x00000000e5e00000| PB 0x00000000e5e00000| Complete 
| 607|0x00000000e5f00000, 0x00000000e6000000, 0x00000000e6000000|100%|HS|  |TAMS 0x00000000e5f00000| PB 0x00000000e5f00000| Complete 
| 608|0x00000000e6000000, 0x00000000e6100000, 0x00000000e6100000|100%|HC|  |TAMS 0x00000000e6000000| PB 0x00000000e6000000| Complete 
| 609|0x00000000e6100000, 0x00000000e6200000, 0x00000000e6200000|100%|HS|  |TAMS 0x00000000e6100000| PB 0x00000000e6100000| Complete 
| 610|0x00000000e6200000, 0x00000000e6300000, 0x00000000e6300000|100%|HC|  |TAMS 0x00000000e6200000| PB 0x00000000e6200000| Complete 
| 611|0x00000000e6300000, 0x00000000e6400000, 0x00000000e6400000|100%|HS|  |TAMS 0x00000000e6300000| PB 0x00000000e6300000| Complete 
| 612|0x00000000e6400000, 0x00000000e6500000, 0x00000000e6500000|100%|HC|  |TAMS 0x00000000e6400000| PB 0x00000000e6400000| Complete 
| 613|0x00000000e6500000, 0x00000000e6600000, 0x00000000e6600000|100%|HS|  |TAMS 0x00000000e6500000| PB 0x00000000e6500000| Complete 
| 614|0x00000000e6600000, 0x00000000e6700000, 0x00000000e6700000|100%|HC|  |TAMS 0x00000000e6600000| PB 0x00000000e6600000| Complete 
| 615|0x00000000e6700000, 0x00000000e6800000, 0x00000000e6800000|100%|HS|  |TAMS 0x00000000e6700000| PB 0x00000000e6700000| Complete 
| 616|0x00000000e6800000, 0x00000000e6900000, 0x00000000e6900000|100%|HC|  |TAMS 0x00000000e6800000| PB 0x00000000e6800000| Complete 
| 617|0x00000000e6900000, 0x00000000e6a00000, 0x00000000e6a00000|100%|HS|  |TAMS 0x00000000e6900000| PB 0x00000000e6900000| Complete 
| 618|0x00000000e6a00000, 0x00000000e6b00000, 0x00000000e6b00000|100%|HC|  |TAMS 0x00000000e6a00000| PB 0x00000000e6a00000| Complete 
| 619|0x00000000e6b00000, 0x00000000e6c00000, 0x00000000e6c00000|100%|HS|  |TAMS 0x00000000e6b00000| PB 0x00000000e6b00000| Complete 
| 620|0x00000000e6c00000, 0x00000000e6d00000, 0x00000000e6d00000|100%|HC|  |TAMS 0x00000000e6c00000| PB 0x00000000e6c00000| Complete 
| 621|0x00000000e6d00000, 0x00000000e6e00000, 0x00000000e6e00000|100%|HS|  |TAMS 0x00000000e6d00000| PB 0x00000000e6d00000| Complete 
| 622|0x00000000e6e00000, 0x00000000e6f00000, 0x00000000e6f00000|100%|HC|  |TAMS 0x00000000e6e00000| PB 0x00000000e6e00000| Complete 
| 623|0x00000000e6f00000, 0x00000000e7000000, 0x00000000e7000000|100%|HS|  |TAMS 0x00000000e6f00000| PB 0x00000000e6f00000| Complete 
| 624|0x00000000e7000000, 0x00000000e7100000, 0x00000000e7100000|100%|HC|  |TAMS 0x00000000e7000000| PB 0x00000000e7000000| Complete 
| 625|0x00000000e7100000, 0x00000000e7200000, 0x00000000e7200000|100%|HS|  |TAMS 0x00000000e7100000| PB 0x00000000e7100000| Complete 
| 626|0x00000000e7200000, 0x00000000e7300000, 0x00000000e7300000|100%|HC|  |TAMS 0x00000000e7200000| PB 0x00000000e7200000| Complete 
| 627|0x00000000e7300000, 0x00000000e7400000, 0x00000000e7400000|100%|HS|  |TAMS 0x00000000e7300000| PB 0x00000000e7300000| Complete 
| 628|0x00000000e7400000, 0x00000000e7500000, 0x00000000e7500000|100%|HC|  |TAMS 0x00000000e7400000| PB 0x00000000e7400000| Complete 
| 629|0x00000000e7500000, 0x00000000e7600000, 0x00000000e7600000|100%|HS|  |TAMS 0x00000000e7500000| PB 0x00000000e7500000| Complete 
| 630|0x00000000e7600000, 0x00000000e7700000, 0x00000000e7700000|100%|HC|  |TAMS 0x00000000e7600000| PB 0x00000000e7600000| Complete 
| 631|0x00000000e7700000, 0x00000000e7800000, 0x00000000e7800000|100%|HS|  |TAMS 0x00000000e7700000| PB 0x00000000e7700000| Complete 
| 632|0x00000000e7800000, 0x00000000e7900000, 0x00000000e7900000|100%|HC|  |TAMS 0x00000000e7800000| PB 0x00000000e7800000| Complete 
| 633|0x00000000e7900000, 0x00000000e7a00000, 0x00000000e7a00000|100%|HS|  |TAMS 0x00000000e7900000| PB 0x00000000e7900000| Complete 
| 634|0x00000000e7a00000, 0x00000000e7b00000, 0x00000000e7b00000|100%|HC|  |TAMS 0x00000000e7a00000| PB 0x00000000e7a00000| Complete 
| 635|0x00000000e7b00000, 0x00000000e7c00000, 0x00000000e7c00000|100%|HS|  |TAMS 0x00000000e7b00000| PB 0x00000000e7b00000| Complete 
| 636|0x00000000e7c00000, 0x00000000e7d00000, 0x00000000e7d00000|100%|HC|  |TAMS 0x00000000e7c00000| PB 0x00000000e7c00000| Complete 
| 637|0x00000000e7d00000, 0x00000000e7e00000, 0x00000000e7e00000|100%|HS|  |TAMS 0x00000000e7d00000| PB 0x00000000e7d00000| Complete 
| 638|0x00000000e7e00000, 0x00000000e7f00000, 0x00000000e7f00000|100%|HC|  |TAMS 0x00000000e7e00000| PB 0x00000000e7e00000| Complete 
| 639|0x00000000e7f00000, 0x00000000e8000000, 0x00000000e8000000|100%|HS|  |TAMS 0x00000000e7f00000| PB 0x00000000e7f00000| Complete 
| 640|0x00000000e8000000, 0x00000000e8100000, 0x00000000e8100000|100%|HC|  |TAMS 0x00000000e8000000| PB 0x00000000e8000000| Complete 
| 641|0x00000000e8100000, 0x00000000e8200000, 0x00000000e8200000|100%|HS|  |TAMS 0x00000000e8100000| PB 0x00000000e8100000| Complete 
| 642|0x00000000e8200000, 0x00000000e8300000, 0x00000000e8300000|100%|HC|  |TAMS 0x00000000e8200000| PB 0x00000000e8200000| Complete 
| 643|0x00000000e8300000, 0x00000000e8400000, 0x00000000e8400000|100%|HS|  |TAMS 0x00000000e8300000| PB 0x00000000e8300000| Complete 
| 644|0x00000000e8400000, 0x00000000e8500000, 0x00000000e8500000|100%|HC|  |TAMS 0x00000000e8400000| PB 0x00000000e8400000| Complete 
| 645|0x00000000e8500000, 0x00000000e8600000, 0x00000000e8600000|100%|HS|  |TAMS 0x00000000e8500000| PB 0x00000000e8500000| Complete 
| 646|0x00000000e8600000, 0x00000000e8700000, 0x00000000e8700000|100%|HC|  |TAMS 0x00000000e8600000| PB 0x00000000e8600000| Complete 
| 647|0x00000000e8700000, 0x00000000e8800000, 0x00000000e8800000|100%|HS|  |TAMS 0x00000000e8700000| PB 0x00000000e8700000| Complete 
| 648|0x00000000e8800000, 0x00000000e8900000, 0x00000000e8900000|100%|HC|  |TAMS 0x00000000e8800000| PB 0x00000000e8800000| Complete 
| 649|0x00000000e8900000, 0x00000000e8a00000, 0x00000000e8a00000|100%|HS|  |TAMS 0x00000000e8900000| PB 0x00000000e8900000| Complete 
| 650|0x00000000e8a00000, 0x00000000e8b00000, 0x00000000e8b00000|100%|HC|  |TAMS 0x00000000e8a00000| PB 0x00000000e8a00000| Complete 
| 651|0x00000000e8b00000, 0x00000000e8c00000, 0x00000000e8c00000|100%|HS|  |TAMS 0x00000000e8b00000| PB 0x00000000e8b00000| Complete 
| 652|0x00000000e8c00000, 0x00000000e8d00000, 0x00000000e8d00000|100%|HC|  |TAMS 0x00000000e8c00000| PB 0x00000000e8c00000| Complete 
| 653|0x00000000e8d00000, 0x00000000e8e00000, 0x00000000e8e00000|100%|HS|  |TAMS 0x00000000e8d00000| PB 0x00000000e8d00000| Complete 
| 654|0x00000000e8e00000, 0x00000000e8f00000, 0x00000000e8f00000|100%|HC|  |TAMS 0x00000000e8e00000| PB 0x00000000e8e00000| Complete 
| 655|0x00000000e8f00000, 0x00000000e9000000, 0x00000000e9000000|100%|HS|  |TAMS 0x00000000e8f00000| PB 0x00000000e8f00000| Complete 
| 656|0x00000000e9000000, 0x00000000e9100000, 0x00000000e9100000|100%|HC|  |TAMS 0x00000000e9000000| PB 0x00000000e9000000| Complete 
| 657|0x00000000e9100000, 0x00000000e9200000, 0x00000000e9200000|100%|HS|  |TAMS 0x00000000e9100000| PB 0x00000000e9100000| Complete 
| 658|0x00000000e9200000, 0x00000000e9300000, 0x00000000e9300000|100%|HC|  |TAMS 0x00000000e9200000| PB 0x00000000e9200000| Complete 
| 659|0x00000000e9300000, 0x00000000e9400000, 0x00000000e9400000|100%|HS|  |TAMS 0x00000000e9300000| PB 0x00000000e9300000| Complete 
| 660|0x00000000e9400000, 0x00000000e9500000, 0x00000000e9500000|100%|HC|  |TAMS 0x00000000e9400000| PB 0x00000000e9400000| Complete 
| 661|0x00000000e9500000, 0x00000000e9600000, 0x00000000e9600000|100%|HS|  |TAMS 0x00000000e9500000| PB 0x00000000e9500000| Complete 
| 662|0x00000000e9600000, 0x00000000e9700000, 0x00000000e9700000|100%|HC|  |TAMS 0x00000000e9600000| PB 0x00000000e9600000| Complete 
| 663|0x00000000e9700000, 0x00000000e9800000, 0x00000000e9800000|100%|HS|  |TAMS 0x00000000e9700000| PB 0x00000000e9700000| Complete 
| 664|0x00000000e9800000, 0x00000000e9900000, 0x00000000e9900000|100%|HC|  |TAMS 0x00000000e9800000| PB 0x00000000e9800000| Complete 
| 665|0x00000000e9900000, 0x00000000e9a00000, 0x00000000e9a00000|100%|HS|  |TAMS 0x00000000e9900000| PB 0x00000000e9900000| Complete 
| 666|0x00000000e9a00000, 0x00000000e9b00000, 0x00000000e9b00000|100%|HC|  |TAMS 0x00000000e9a00000| PB 0x00000000e9a00000| Complete 
| 667|0x00000000e9b00000, 0x00000000e9c00000, 0x00000000e9c00000|100%|HS|  |TAMS 0x00000000e9b00000| PB 0x00000000e9b00000| Complete 
| 668|0x00000000e9c00000, 0x00000000e9d00000, 0x00000000e9d00000|100%|HC|  |TAMS 0x00000000e9c00000| PB 0x00000000e9c00000| Complete 
| 669|0x00000000e9d00000, 0x00000000e9e00000, 0x00000000e9e00000|100%|HS|  |TAMS 0x00000000e9d00000| PB 0x00000000e9d00000| Complete 
| 670|0x00000000e9e00000, 0x00000000e9f00000, 0x00000000e9f00000|100%|HC|  |TAMS 0x00000000e9e00000| PB 0x00000000e9e00000| Complete 
| 671|0x00000000e9f00000, 0x00000000ea000000, 0x00000000ea000000|100%|HS|  |TAMS 0x00000000e9f00000| PB 0x00000000e9f00000| Complete 
| 672|0x00000000ea000000, 0x00000000ea100000, 0x00000000ea100000|100%|HC|  |TAMS 0x00000000ea000000| PB 0x00000000ea000000| Complete 
| 673|0x00000000ea100000, 0x00000000ea200000, 0x00000000ea200000|100%|HS|  |TAMS 0x00000000ea100000| PB 0x00000000ea100000| Complete 
| 674|0x00000000ea200000, 0x00000000ea300000, 0x00000000ea300000|100%|HC|  |TAMS 0x00000000ea200000| PB 0x00000000ea200000| Complete 
| 675|0x00000000ea300000, 0x00000000ea400000, 0x00000000ea400000|100%|HS|  |TAMS 0x00000000ea300000| PB 0x00000000ea300000| Complete 
| 676|0x00000000ea400000, 0x00000000ea500000, 0x00000000ea500000|100%|HC|  |TAMS 0x00000000ea400000| PB 0x00000000ea400000| Complete 
| 677|0x00000000ea500000, 0x00000000ea600000, 0x00000000ea600000|100%|HS|  |TAMS 0x00000000ea500000| PB 0x00000000ea500000| Complete 
| 678|0x00000000ea600000, 0x00000000ea700000, 0x00000000ea700000|100%|HC|  |TAMS 0x00000000ea600000| PB 0x00000000ea600000| Complete 
| 679|0x00000000ea700000, 0x00000000ea800000, 0x00000000ea800000|100%|HS|  |TAMS 0x00000000ea700000| PB 0x00000000ea700000| Complete 
| 680|0x00000000ea800000, 0x00000000ea900000, 0x00000000ea900000|100%|HC|  |TAMS 0x00000000ea800000| PB 0x00000000ea800000| Complete 
| 681|0x00000000ea900000, 0x00000000eaa00000, 0x00000000eaa00000|100%|HS|  |TAMS 0x00000000ea900000| PB 0x00000000ea900000| Complete 
| 682|0x00000000eaa00000, 0x00000000eab00000, 0x00000000eab00000|100%|HC|  |TAMS 0x00000000eaa00000| PB 0x00000000eaa00000| Complete 
| 683|0x00000000eab00000, 0x00000000eac00000, 0x00000000eac00000|100%|HS|  |TAMS 0x00000000eab00000| PB 0x00000000eab00000| Complete 
| 684|0x00000000eac00000, 0x00000000ead00000, 0x00000000ead00000|100%|HC|  |TAMS 0x00000000eac00000| PB 0x00000000eac00000| Complete 
| 685|0x00000000ead00000, 0x00000000eae00000, 0x00000000eae00000|100%|HS|  |TAMS 0x00000000ead00000| PB 0x00000000ead00000| Complete 
| 686|0x00000000eae00000, 0x00000000eaf00000, 0x00000000eaf00000|100%|HC|  |TAMS 0x00000000eae00000| PB 0x00000000eae00000| Complete 
| 687|0x00000000eaf00000, 0x00000000eb000000, 0x00000000eb000000|100%|HS|  |TAMS 0x00000000eaf00000| PB 0x00000000eaf00000| Complete 
| 688|0x00000000eb000000, 0x00000000eb100000, 0x00000000eb100000|100%|HC|  |TAMS 0x00000000eb000000| PB 0x00000000eb000000| Complete 
| 689|0x00000000eb100000, 0x00000000eb200000, 0x00000000eb200000|100%|HS|  |TAMS 0x00000000eb100000| PB 0x00000000eb100000| Complete 
| 690|0x00000000eb200000, 0x00000000eb300000, 0x00000000eb300000|100%|HC|  |TAMS 0x00000000eb200000| PB 0x00000000eb200000| Complete 
| 691|0x00000000eb300000, 0x00000000eb400000, 0x00000000eb400000|100%|HS|  |TAMS 0x00000000eb300000| PB 0x00000000eb300000| Complete 
| 692|0x00000000eb400000, 0x00000000eb500000, 0x00000000eb500000|100%|HC|  |TAMS 0x00000000eb400000| PB 0x00000000eb400000| Complete 
| 693|0x00000000eb500000, 0x00000000eb600000, 0x00000000eb600000|100%|HS|  |TAMS 0x00000000eb500000| PB 0x00000000eb500000| Complete 
| 694|0x00000000eb600000, 0x00000000eb700000, 0x00000000eb700000|100%|HC|  |TAMS 0x00000000eb600000| PB 0x00000000eb600000| Complete 
| 695|0x00000000eb700000, 0x00000000eb800000, 0x00000000eb800000|100%|HS|  |TAMS 0x00000000eb700000| PB 0x00000000eb700000| Complete 
| 696|0x00000000eb800000, 0x00000000eb900000, 0x00000000eb900000|100%|HC|  |TAMS 0x00000000eb800000| PB 0x00000000eb800000| Complete 
| 697|0x00000000eb900000, 0x00000000eba00000, 0x00000000eba00000|100%|HS|  |TAMS 0x00000000eb900000| PB 0x00000000eb900000| Complete 
| 698|0x00000000eba00000, 0x00000000ebb00000, 0x00000000ebb00000|100%|HC|  |TAMS 0x00000000eba00000| PB 0x00000000eba00000| Complete 
| 699|0x00000000ebb00000, 0x00000000ebc00000, 0x00000000ebc00000|100%|HS|  |TAMS 0x00000000ebb00000| PB 0x00000000ebb00000| Complete 
| 700|0x00000000ebc00000, 0x00000000ebd00000, 0x00000000ebd00000|100%|HC|  |TAMS 0x00000000ebc00000| PB 0x00000000ebc00000| Complete 
| 701|0x00000000ebd00000, 0x00000000ebe00000, 0x00000000ebe00000|100%|HS|  |TAMS 0x00000000ebd00000| PB 0x00000000ebd00000| Complete 
| 702|0x00000000ebe00000, 0x00000000ebf00000, 0x00000000ebf00000|100%|HC|  |TAMS 0x00000000ebe00000| PB 0x00000000ebe00000| Complete 
| 703|0x00000000ebf00000, 0x00000000ec000000, 0x00000000ec000000|100%|HS|  |TAMS 0x00000000ebf00000| PB 0x00000000ebf00000| Complete 
| 704|0x00000000ec000000, 0x00000000ec100000, 0x00000000ec100000|100%|HC|  |TAMS 0x00000000ec000000| PB 0x00000000ec000000| Complete 
| 705|0x00000000ec100000, 0x00000000ec200000, 0x00000000ec200000|100%|HS|  |TAMS 0x00000000ec100000| PB 0x00000000ec100000| Complete 
| 706|0x00000000ec200000, 0x00000000ec300000, 0x00000000ec300000|100%|HC|  |TAMS 0x00000000ec200000| PB 0x00000000ec200000| Complete 
| 707|0x00000000ec300000, 0x00000000ec400000, 0x00000000ec400000|100%|HS|  |TAMS 0x00000000ec300000| PB 0x00000000ec300000| Complete 
| 708|0x00000000ec400000, 0x00000000ec500000, 0x00000000ec500000|100%|HC|  |TAMS 0x00000000ec400000| PB 0x00000000ec400000| Complete 
| 709|0x00000000ec500000, 0x00000000ec600000, 0x00000000ec600000|100%|HS|  |TAMS 0x00000000ec500000| PB 0x00000000ec500000| Complete 
| 710|0x00000000ec600000, 0x00000000ec700000, 0x00000000ec700000|100%|HC|  |TAMS 0x00000000ec600000| PB 0x00000000ec600000| Complete 
| 711|0x00000000ec700000, 0x00000000ec800000, 0x00000000ec800000|100%|HS|  |TAMS 0x00000000ec700000| PB 0x00000000ec700000| Complete 
| 712|0x00000000ec800000, 0x00000000ec900000, 0x00000000ec900000|100%|HC|  |TAMS 0x00000000ec800000| PB 0x00000000ec800000| Complete 
| 713|0x00000000ec900000, 0x00000000eca00000, 0x00000000eca00000|100%|HS|  |TAMS 0x00000000ec900000| PB 0x00000000ec900000| Complete 
| 714|0x00000000eca00000, 0x00000000ecb00000, 0x00000000ecb00000|100%|HC|  |TAMS 0x00000000eca00000| PB 0x00000000eca00000| Complete 
| 715|0x00000000ecb00000, 0x00000000ecc00000, 0x00000000ecc00000|100%|HS|  |TAMS 0x00000000ecb00000| PB 0x00000000ecb00000| Complete 
| 716|0x00000000ecc00000, 0x00000000ecd00000, 0x00000000ecd00000|100%|HC|  |TAMS 0x00000000ecc00000| PB 0x00000000ecc00000| Complete 
| 717|0x00000000ecd00000, 0x00000000ece00000, 0x00000000ece00000|100%|HS|  |TAMS 0x00000000ecd00000| PB 0x00000000ecd00000| Complete 
| 718|0x00000000ece00000, 0x00000000ecf00000, 0x00000000ecf00000|100%|HC|  |TAMS 0x00000000ece00000| PB 0x00000000ece00000| Complete 
| 719|0x00000000ecf00000, 0x00000000ed000000, 0x00000000ed000000|100%|HS|  |TAMS 0x00000000ecf00000| PB 0x00000000ecf00000| Complete 
| 720|0x00000000ed000000, 0x00000000ed100000, 0x00000000ed100000|100%|HC|  |TAMS 0x00000000ed000000| PB 0x00000000ed000000| Complete 
| 721|0x00000000ed100000, 0x00000000ed200000, 0x00000000ed200000|100%|HS|  |TAMS 0x00000000ed100000| PB 0x00000000ed100000| Complete 
| 722|0x00000000ed200000, 0x00000000ed300000, 0x00000000ed300000|100%|HC|  |TAMS 0x00000000ed200000| PB 0x00000000ed200000| Complete 
| 723|0x00000000ed300000, 0x00000000ed400000, 0x00000000ed400000|100%|HS|  |TAMS 0x00000000ed300000| PB 0x00000000ed300000| Complete 
| 724|0x00000000ed400000, 0x00000000ed500000, 0x00000000ed500000|100%|HC|  |TAMS 0x00000000ed400000| PB 0x00000000ed400000| Complete 
| 725|0x00000000ed500000, 0x00000000ed600000, 0x00000000ed600000|100%|HS|  |TAMS 0x00000000ed500000| PB 0x00000000ed500000| Complete 
| 726|0x00000000ed600000, 0x00000000ed700000, 0x00000000ed700000|100%|HC|  |TAMS 0x00000000ed600000| PB 0x00000000ed600000| Complete 
| 727|0x00000000ed700000, 0x00000000ed800000, 0x00000000ed800000|100%|HS|  |TAMS 0x00000000ed700000| PB 0x00000000ed700000| Complete 
| 728|0x00000000ed800000, 0x00000000ed900000, 0x00000000ed900000|100%|HC|  |TAMS 0x00000000ed800000| PB 0x00000000ed800000| Complete 
| 729|0x00000000ed900000, 0x00000000eda00000, 0x00000000eda00000|100%|HS|  |TAMS 0x00000000ed900000| PB 0x00000000ed900000| Complete 
| 730|0x00000000eda00000, 0x00000000edb00000, 0x00000000edb00000|100%|HC|  |TAMS 0x00000000eda00000| PB 0x00000000eda00000| Complete 
| 731|0x00000000edb00000, 0x00000000edc00000, 0x00000000edc00000|100%|HS|  |TAMS 0x00000000edb00000| PB 0x00000000edb00000| Complete 
| 732|0x00000000edc00000, 0x00000000edd00000, 0x00000000edd00000|100%|HC|  |TAMS 0x00000000edc00000| PB 0x00000000edc00000| Complete 
| 733|0x00000000edd00000, 0x00000000ede00000, 0x00000000ede00000|100%|HS|  |TAMS 0x00000000edd00000| PB 0x00000000edd00000| Complete 
| 734|0x00000000ede00000, 0x00000000edf00000, 0x00000000edf00000|100%|HC|  |TAMS 0x00000000ede00000| PB 0x00000000ede00000| Complete 
| 735|0x00000000edf00000, 0x00000000ee000000, 0x00000000ee000000|100%|HS|  |TAMS 0x00000000edf00000| PB 0x00000000edf00000| Complete 
| 736|0x00000000ee000000, 0x00000000ee100000, 0x00000000ee100000|100%|HC|  |TAMS 0x00000000ee000000| PB 0x00000000ee000000| Complete 
| 737|0x00000000ee100000, 0x00000000ee200000, 0x00000000ee200000|100%|HS|  |TAMS 0x00000000ee100000| PB 0x00000000ee100000| Complete 
| 738|0x00000000ee200000, 0x00000000ee300000, 0x00000000ee300000|100%|HC|  |TAMS 0x00000000ee200000| PB 0x00000000ee200000| Complete 
| 739|0x00000000ee300000, 0x00000000ee400000, 0x00000000ee400000|100%|HS|  |TAMS 0x00000000ee300000| PB 0x00000000ee300000| Complete 
| 740|0x00000000ee400000, 0x00000000ee500000, 0x00000000ee500000|100%|HC|  |TAMS 0x00000000ee400000| PB 0x00000000ee400000| Complete 
| 741|0x00000000ee500000, 0x00000000ee600000, 0x00000000ee600000|100%|HS|  |TAMS 0x00000000ee500000| PB 0x00000000ee500000| Complete 
| 742|0x00000000ee600000, 0x00000000ee700000, 0x00000000ee700000|100%|HC|  |TAMS 0x00000000ee600000| PB 0x00000000ee600000| Complete 
| 743|0x00000000ee700000, 0x00000000ee800000, 0x00000000ee800000|100%|HS|  |TAMS 0x00000000ee700000| PB 0x00000000ee700000| Complete 
| 744|0x00000000ee800000, 0x00000000ee900000, 0x00000000ee900000|100%|HC|  |TAMS 0x00000000ee800000| PB 0x00000000ee800000| Complete 
| 745|0x00000000ee900000, 0x00000000eea00000, 0x00000000eea00000|100%|HS|  |TAMS 0x00000000ee900000| PB 0x00000000ee900000| Complete 
| 746|0x00000000eea00000, 0x00000000eeb00000, 0x00000000eeb00000|100%|HC|  |TAMS 0x00000000eea00000| PB 0x00000000eea00000| Complete 
| 747|0x00000000eeb00000, 0x00000000eec00000, 0x00000000eec00000|100%|HS|  |TAMS 0x00000000eeb00000| PB 0x00000000eeb00000| Complete 
| 748|0x00000000eec00000, 0x00000000eed00000, 0x00000000eed00000|100%|HC|  |TAMS 0x00000000eec00000| PB 0x00000000eec00000| Complete 
| 749|0x00000000eed00000, 0x00000000eee00000, 0x00000000eee00000|100%|HS|  |TAMS 0x00000000eed00000| PB 0x00000000eed00000| Complete 
| 750|0x00000000eee00000, 0x00000000eef00000, 0x00000000eef00000|100%|HC|  |TAMS 0x00000000eee00000| PB 0x00000000eee00000| Complete 
| 751|0x00000000eef00000, 0x00000000ef000000, 0x00000000ef000000|100%|HS|  |TAMS 0x00000000eef00000| PB 0x00000000eef00000| Complete 
| 752|0x00000000ef000000, 0x00000000ef100000, 0x00000000ef100000|100%|HC|  |TAMS 0x00000000ef000000| PB 0x00000000ef000000| Complete 
| 753|0x00000000ef100000, 0x00000000ef200000, 0x00000000ef200000|100%|HS|  |TAMS 0x00000000ef100000| PB 0x00000000ef100000| Complete 
| 754|0x00000000ef200000, 0x00000000ef300000, 0x00000000ef300000|100%|HC|  |TAMS 0x00000000ef200000| PB 0x00000000ef200000| Complete 
| 755|0x00000000ef300000, 0x00000000ef400000, 0x00000000ef400000|100%|HS|  |TAMS 0x00000000ef300000| PB 0x00000000ef300000| Complete 
| 756|0x00000000ef400000, 0x00000000ef500000, 0x00000000ef500000|100%|HC|  |TAMS 0x00000000ef400000| PB 0x00000000ef400000| Complete 
| 757|0x00000000ef500000, 0x00000000ef600000, 0x00000000ef600000|100%|HS|  |TAMS 0x00000000ef500000| PB 0x00000000ef500000| Complete 
| 758|0x00000000ef600000, 0x00000000ef700000, 0x00000000ef700000|100%|HC|  |TAMS 0x00000000ef600000| PB 0x00000000ef600000| Complete 
| 759|0x00000000ef700000, 0x00000000ef800000, 0x00000000ef800000|100%|HS|  |TAMS 0x00000000ef700000| PB 0x00000000ef700000| Complete 
| 760|0x00000000ef800000, 0x00000000ef900000, 0x00000000ef900000|100%|HC|  |TAMS 0x00000000ef800000| PB 0x00000000ef800000| Complete 
| 761|0x00000000ef900000, 0x00000000ef900000, 0x00000000efa00000|  0%| F|  |TAMS 0x00000000ef900000| PB 0x00000000ef900000| Untracked 
| 762|0x00000000efa00000, 0x00000000efa00000, 0x00000000efb00000|  0%| F|  |TAMS 0x00000000efa00000| PB 0x00000000efa00000| Untracked 
| 763|0x00000000efb00000, 0x00000000efb00000, 0x00000000efc00000|  0%| F|  |TAMS 0x00000000efb00000| PB 0x00000000efb00000| Untracked 
| 764|0x00000000efc00000, 0x00000000efc00000, 0x00000000efd00000|  0%| F|  |TAMS 0x00000000efc00000| PB 0x00000000efc00000| Untracked 
| 765|0x00000000efd00000, 0x00000000efd00000, 0x00000000efe00000|  0%| F|  |TAMS 0x00000000efd00000| PB 0x00000000efd00000| Untracked 
| 766|0x00000000efe00000, 0x00000000efe00000, 0x00000000eff00000|  0%| F|  |TAMS 0x00000000efe00000| PB 0x00000000efe00000| Untracked 
| 767|0x00000000eff00000, 0x00000000eff00000, 0x00000000f0000000|  0%| F|  |TAMS 0x00000000eff00000| PB 0x00000000eff00000| Untracked 
| 768|0x00000000f0000000, 0x00000000f0000000, 0x00000000f0100000|  0%| F|  |TAMS 0x00000000f0000000| PB 0x00000000f0000000| Untracked 
| 769|0x00000000f0100000, 0x00000000f0100000, 0x00000000f0200000|  0%| F|  |TAMS 0x00000000f0100000| PB 0x00000000f0100000| Untracked 
| 770|0x00000000f0200000, 0x00000000f0200000, 0x00000000f0300000|  0%| F|  |TAMS 0x00000000f0200000| PB 0x00000000f0200000| Untracked 
| 771|0x00000000f0300000, 0x00000000f0300000, 0x00000000f0400000|  0%| F|  |TAMS 0x00000000f0300000| PB 0x00000000f0300000| Untracked 
| 772|0x00000000f0400000, 0x00000000f0400000, 0x00000000f0500000|  0%| F|  |TAMS 0x00000000f0400000| PB 0x00000000f0400000| Untracked 
| 773|0x00000000f0500000, 0x00000000f0500000, 0x00000000f0600000|  0%| F|  |TAMS 0x00000000f0500000| PB 0x00000000f0500000| Untracked 
| 774|0x00000000f0600000, 0x00000000f0600000, 0x00000000f0700000|  0%| F|  |TAMS 0x00000000f0600000| PB 0x00000000f0600000| Untracked 
| 775|0x00000000f0700000, 0x00000000f0700000, 0x00000000f0800000|  0%| F|  |TAMS 0x00000000f0700000| PB 0x00000000f0700000| Untracked 
| 776|0x00000000f0800000, 0x00000000f0800000, 0x00000000f0900000|  0%| F|  |TAMS 0x00000000f0800000| PB 0x00000000f0800000| Untracked 
| 777|0x00000000f0900000, 0x00000000f0900000, 0x00000000f0a00000|  0%| F|  |TAMS 0x00000000f0900000| PB 0x00000000f0900000| Untracked 
| 778|0x00000000f0a00000, 0x00000000f0a00000, 0x00000000f0b00000|  0%| F|  |TAMS 0x00000000f0a00000| PB 0x00000000f0a00000| Untracked 
| 779|0x00000000f0b00000, 0x00000000f0b00000, 0x00000000f0c00000|  0%| F|  |TAMS 0x00000000f0b00000| PB 0x00000000f0b00000| Untracked 
| 780|0x00000000f0c00000, 0x00000000f0c00000, 0x00000000f0d00000|  0%| F|  |TAMS 0x00000000f0c00000| PB 0x00000000f0c00000| Untracked 
| 781|0x00000000f0d00000, 0x00000000f0d00000, 0x00000000f0e00000|  0%| F|  |TAMS 0x00000000f0d00000| PB 0x00000000f0d00000| Untracked 
| 782|0x00000000f0e00000, 0x00000000f0e00000, 0x00000000f0f00000|  0%| F|  |TAMS 0x00000000f0e00000| PB 0x00000000f0e00000| Untracked 
| 783|0x00000000f0f00000, 0x00000000f0f00000, 0x00000000f1000000|  0%| F|  |TAMS 0x00000000f0f00000| PB 0x00000000f0f00000| Untracked 
| 784|0x00000000f1000000, 0x00000000f1000000, 0x00000000f1100000|  0%| F|  |TAMS 0x00000000f1000000| PB 0x00000000f1000000| Untracked 
| 785|0x00000000f1100000, 0x00000000f1100000, 0x00000000f1200000|  0%| F|  |TAMS 0x00000000f1100000| PB 0x00000000f1100000| Untracked 
| 786|0x00000000f1200000, 0x00000000f1200000, 0x00000000f1300000|  0%| F|  |TAMS 0x00000000f1200000| PB 0x00000000f1200000| Untracked 
| 787|0x00000000f1300000, 0x00000000f1300000, 0x00000000f1400000|  0%| F|  |TAMS 0x00000000f1300000| PB 0x00000000f1300000| Untracked 
| 788|0x00000000f1400000, 0x00000000f1400000, 0x00000000f1500000|  0%| F|  |TAMS 0x00000000f1400000| PB 0x00000000f1400000| Untracked 
| 789|0x00000000f1500000, 0x00000000f1500000, 0x00000000f1600000|  0%| F|  |TAMS 0x00000000f1500000| PB 0x00000000f1500000| Untracked 
| 790|0x00000000f1600000, 0x00000000f1600000, 0x00000000f1700000|  0%| F|  |TAMS 0x00000000f1600000| PB 0x00000000f1600000| Untracked 
| 791|0x00000000f1700000, 0x00000000f1700000, 0x00000000f1800000|  0%| F|  |TAMS 0x00000000f1700000| PB 0x00000000f1700000| Untracked 
| 792|0x00000000f1800000, 0x00000000f1800000, 0x00000000f1900000|  0%| F|  |TAMS 0x00000000f1800000| PB 0x00000000f1800000| Untracked 
| 793|0x00000000f1900000, 0x00000000f1900000, 0x00000000f1a00000|  0%| F|  |TAMS 0x00000000f1900000| PB 0x00000000f1900000| Untracked 
| 794|0x00000000f1a00000, 0x00000000f1a00000, 0x00000000f1b00000|  0%| F|  |TAMS 0x00000000f1a00000| PB 0x00000000f1a00000| Untracked 
| 795|0x00000000f1b00000, 0x00000000f1b00000, 0x00000000f1c00000|  0%| F|  |TAMS 0x00000000f1b00000| PB 0x00000000f1b00000| Untracked 
| 796|0x00000000f1c00000, 0x00000000f1c00000, 0x00000000f1d00000|  0%| F|  |TAMS 0x00000000f1c00000| PB 0x00000000f1c00000| Untracked 
| 797|0x00000000f1d00000, 0x00000000f1d00000, 0x00000000f1e00000|  0%| F|  |TAMS 0x00000000f1d00000| PB 0x00000000f1d00000| Untracked 
| 798|0x00000000f1e00000, 0x00000000f1e00000, 0x00000000f1f00000|  0%| F|  |TAMS 0x00000000f1e00000| PB 0x00000000f1e00000| Untracked 
| 799|0x00000000f1f00000, 0x00000000f1f00000, 0x00000000f2000000|  0%| F|  |TAMS 0x00000000f1f00000| PB 0x00000000f1f00000| Untracked 
| 800|0x00000000f2000000, 0x00000000f2000000, 0x00000000f2100000|  0%| F|  |TAMS 0x00000000f2000000| PB 0x00000000f2000000| Untracked 
| 801|0x00000000f2100000, 0x00000000f2100000, 0x00000000f2200000|  0%| F|  |TAMS 0x00000000f2100000| PB 0x00000000f2100000| Untracked 
| 802|0x00000000f2200000, 0x00000000f2200000, 0x00000000f2300000|  0%| F|  |TAMS 0x00000000f2200000| PB 0x00000000f2200000| Untracked 
| 803|0x00000000f2300000, 0x00000000f2300000, 0x00000000f2400000|  0%| F|  |TAMS 0x00000000f2300000| PB 0x00000000f2300000| Untracked 
| 804|0x00000000f2400000, 0x00000000f2400000, 0x00000000f2500000|  0%| F|  |TAMS 0x00000000f2400000| PB 0x00000000f2400000| Untracked 
| 805|0x00000000f2500000, 0x00000000f2500000, 0x00000000f2600000|  0%| F|  |TAMS 0x00000000f2500000| PB 0x00000000f2500000| Untracked 
| 806|0x00000000f2600000, 0x00000000f2600000, 0x00000000f2700000|  0%| F|  |TAMS 0x00000000f2600000| PB 0x00000000f2600000| Untracked 
| 807|0x00000000f2700000, 0x00000000f2700000, 0x00000000f2800000|  0%| F|  |TAMS 0x00000000f2700000| PB 0x00000000f2700000| Untracked 
| 808|0x00000000f2800000, 0x00000000f2800000, 0x00000000f2900000|  0%| F|  |TAMS 0x00000000f2800000| PB 0x00000000f2800000| Untracked 
| 809|0x00000000f2900000, 0x00000000f2900000, 0x00000000f2a00000|  0%| F|  |TAMS 0x00000000f2900000| PB 0x00000000f2900000| Untracked 
| 810|0x00000000f2a00000, 0x00000000f2a00000, 0x00000000f2b00000|  0%| F|  |TAMS 0x00000000f2a00000| PB 0x00000000f2a00000| Untracked 
| 811|0x00000000f2b00000, 0x00000000f2b00000, 0x00000000f2c00000|  0%| F|  |TAMS 0x00000000f2b00000| PB 0x00000000f2b00000| Untracked 
| 812|0x00000000f2c00000, 0x00000000f2c00000, 0x00000000f2d00000|  0%| F|  |TAMS 0x00000000f2c00000| PB 0x00000000f2c00000| Untracked 
| 813|0x00000000f2d00000, 0x00000000f2d00000, 0x00000000f2e00000|  0%| F|  |TAMS 0x00000000f2d00000| PB 0x00000000f2d00000| Untracked 
| 814|0x00000000f2e00000, 0x00000000f2e00000, 0x00000000f2f00000|  0%| F|  |TAMS 0x00000000f2e00000| PB 0x00000000f2e00000| Untracked 
| 815|0x00000000f2f00000, 0x00000000f2f00000, 0x00000000f3000000|  0%| F|  |TAMS 0x00000000f2f00000| PB 0x00000000f2f00000| Untracked 
| 816|0x00000000f3000000, 0x00000000f3000000, 0x00000000f3100000|  0%| F|  |TAMS 0x00000000f3000000| PB 0x00000000f3000000| Untracked 
| 817|0x00000000f3100000, 0x00000000f3100000, 0x00000000f3200000|  0%| F|  |TAMS 0x00000000f3100000| PB 0x00000000f3100000| Untracked 
| 818|0x00000000f3200000, 0x00000000f3200000, 0x00000000f3300000|  0%| F|  |TAMS 0x00000000f3200000| PB 0x00000000f3200000| Untracked 
| 819|0x00000000f3300000, 0x00000000f3300000, 0x00000000f3400000|  0%| F|  |TAMS 0x00000000f3300000| PB 0x00000000f3300000| Untracked 
| 820|0x00000000f3400000, 0x00000000f3400000, 0x00000000f3500000|  0%| F|  |TAMS 0x00000000f3400000| PB 0x00000000f3400000| Untracked 
| 821|0x00000000f3500000, 0x00000000f3500000, 0x00000000f3600000|  0%| F|  |TAMS 0x00000000f3500000| PB 0x00000000f3500000| Untracked 
| 822|0x00000000f3600000, 0x00000000f3600000, 0x00000000f3700000|  0%| F|  |TAMS 0x00000000f3600000| PB 0x00000000f3600000| Untracked 
| 823|0x00000000f3700000, 0x00000000f3700000, 0x00000000f3800000|  0%| F|  |TAMS 0x00000000f3700000| PB 0x00000000f3700000| Untracked 
| 824|0x00000000f3800000, 0x00000000f3800000, 0x00000000f3900000|  0%| F|  |TAMS 0x00000000f3800000| PB 0x00000000f3800000| Untracked 
| 825|0x00000000f3900000, 0x00000000f3900000, 0x00000000f3a00000|  0%| F|  |TAMS 0x00000000f3900000| PB 0x00000000f3900000| Untracked 
| 826|0x00000000f3a00000, 0x00000000f3a00000, 0x00000000f3b00000|  0%| F|  |TAMS 0x00000000f3a00000| PB 0x00000000f3a00000| Untracked 
| 827|0x00000000f3b00000, 0x00000000f3b00000, 0x00000000f3c00000|  0%| F|  |TAMS 0x00000000f3b00000| PB 0x00000000f3b00000| Untracked 
| 828|0x00000000f3c00000, 0x00000000f3c00000, 0x00000000f3d00000|  0%| F|  |TAMS 0x00000000f3c00000| PB 0x00000000f3c00000| Untracked 
| 829|0x00000000f3d00000, 0x00000000f3d00000, 0x00000000f3e00000|  0%| F|  |TAMS 0x00000000f3d00000| PB 0x00000000f3d00000| Untracked 
| 830|0x00000000f3e00000, 0x00000000f3e00000, 0x00000000f3f00000|  0%| F|  |TAMS 0x00000000f3e00000| PB 0x00000000f3e00000| Untracked 
| 831|0x00000000f3f00000, 0x00000000f3f00000, 0x00000000f4000000|  0%| F|  |TAMS 0x00000000f3f00000| PB 0x00000000f3f00000| Untracked 
| 832|0x00000000f4000000, 0x00000000f4000000, 0x00000000f4100000|  0%| F|  |TAMS 0x00000000f4000000| PB 0x00000000f4000000| Untracked 
| 833|0x00000000f4100000, 0x00000000f4100000, 0x00000000f4200000|  0%| F|  |TAMS 0x00000000f4100000| PB 0x00000000f4100000| Untracked 
| 834|0x00000000f4200000, 0x00000000f4200000, 0x00000000f4300000|  0%| F|  |TAMS 0x00000000f4200000| PB 0x00000000f4200000| Untracked 
| 835|0x00000000f4300000, 0x00000000f4300000, 0x00000000f4400000|  0%| F|  |TAMS 0x00000000f4300000| PB 0x00000000f4300000| Untracked 
| 836|0x00000000f4400000, 0x00000000f4400000, 0x00000000f4500000|  0%| F|  |TAMS 0x00000000f4400000| PB 0x00000000f4400000| Untracked 
| 837|0x00000000f4500000, 0x00000000f4500000, 0x00000000f4600000|  0%| F|  |TAMS 0x00000000f4500000| PB 0x00000000f4500000| Untracked 
| 838|0x00000000f4600000, 0x00000000f4600000, 0x00000000f4700000|  0%| F|  |TAMS 0x00000000f4600000| PB 0x00000000f4600000| Untracked 
| 839|0x00000000f4700000, 0x00000000f4700000, 0x00000000f4800000|  0%| F|  |TAMS 0x00000000f4700000| PB 0x00000000f4700000| Untracked 
| 840|0x00000000f4800000, 0x00000000f4800000, 0x00000000f4900000|  0%| F|  |TAMS 0x00000000f4800000| PB 0x00000000f4800000| Untracked 
| 841|0x00000000f4900000, 0x00000000f4900000, 0x00000000f4a00000|  0%| F|  |TAMS 0x00000000f4900000| PB 0x00000000f4900000| Untracked 
| 842|0x00000000f4a00000, 0x00000000f4a00000, 0x00000000f4b00000|  0%| F|  |TAMS 0x00000000f4a00000| PB 0x00000000f4a00000| Untracked 
| 843|0x00000000f4b00000, 0x00000000f4b00000, 0x00000000f4c00000|  0%| F|  |TAMS 0x00000000f4b00000| PB 0x00000000f4b00000| Untracked 
| 844|0x00000000f4c00000, 0x00000000f4c00000, 0x00000000f4d00000|  0%| F|  |TAMS 0x00000000f4c00000| PB 0x00000000f4c00000| Untracked 
| 845|0x00000000f4d00000, 0x00000000f4d00000, 0x00000000f4e00000|  0%| F|  |TAMS 0x00000000f4d00000| PB 0x00000000f4d00000| Untracked 
| 846|0x00000000f4e00000, 0x00000000f4e00000, 0x00000000f4f00000|  0%| F|  |TAMS 0x00000000f4e00000| PB 0x00000000f4e00000| Untracked 
| 847|0x00000000f4f00000, 0x00000000f4f00000, 0x00000000f5000000|  0%| F|  |TAMS 0x00000000f4f00000| PB 0x00000000f4f00000| Untracked 
| 848|0x00000000f5000000, 0x00000000f5000000, 0x00000000f5100000|  0%| F|  |TAMS 0x00000000f5000000| PB 0x00000000f5000000| Untracked 
| 849|0x00000000f5100000, 0x00000000f5100000, 0x00000000f5200000|  0%| F|  |TAMS 0x00000000f5100000| PB 0x00000000f5100000| Untracked 
| 850|0x00000000f5200000, 0x00000000f5200000, 0x00000000f5300000|  0%| F|  |TAMS 0x00000000f5200000| PB 0x00000000f5200000| Untracked 
| 851|0x00000000f5300000, 0x00000000f5300000, 0x00000000f5400000|  0%| F|  |TAMS 0x00000000f5300000| PB 0x00000000f5300000| Untracked 
| 852|0x00000000f5400000, 0x00000000f5400000, 0x00000000f5500000|  0%| F|  |TAMS 0x00000000f5400000| PB 0x00000000f5400000| Untracked 
| 853|0x00000000f5500000, 0x00000000f5500000, 0x00000000f5600000|  0%| F|  |TAMS 0x00000000f5500000| PB 0x00000000f5500000| Untracked 
| 854|0x00000000f5600000, 0x00000000f5600000, 0x00000000f5700000|  0%| F|  |TAMS 0x00000000f5600000| PB 0x00000000f5600000| Untracked 
| 855|0x00000000f5700000, 0x00000000f5700000, 0x00000000f5800000|  0%| F|  |TAMS 0x00000000f5700000| PB 0x00000000f5700000| Untracked 
| 856|0x00000000f5800000, 0x00000000f5800000, 0x00000000f5900000|  0%| F|  |TAMS 0x00000000f5800000| PB 0x00000000f5800000| Untracked 
| 857|0x00000000f5900000, 0x00000000f5900000, 0x00000000f5a00000|  0%| F|  |TAMS 0x00000000f5900000| PB 0x00000000f5900000| Untracked 
| 858|0x00000000f5a00000, 0x00000000f5a00000, 0x00000000f5b00000|  0%| F|  |TAMS 0x00000000f5a00000| PB 0x00000000f5a00000| Untracked 
| 859|0x00000000f5b00000, 0x00000000f5b00000, 0x00000000f5c00000|  0%| F|  |TAMS 0x00000000f5b00000| PB 0x00000000f5b00000| Untracked 
| 860|0x00000000f5c00000, 0x00000000f5c00000, 0x00000000f5d00000|  0%| F|  |TAMS 0x00000000f5c00000| PB 0x00000000f5c00000| Untracked 
| 861|0x00000000f5d00000, 0x00000000f5d00000, 0x00000000f5e00000|  0%| F|  |TAMS 0x00000000f5d00000| PB 0x00000000f5d00000| Untracked 
| 862|0x00000000f5e00000, 0x00000000f5e00000, 0x00000000f5f00000|  0%| F|  |TAMS 0x00000000f5e00000| PB 0x00000000f5e00000| Untracked 
| 863|0x00000000f5f00000, 0x00000000f5f00000, 0x00000000f6000000|  0%| F|  |TAMS 0x00000000f5f00000| PB 0x00000000f5f00000| Untracked 
| 864|0x00000000f6000000, 0x00000000f6000000, 0x00000000f6100000|  0%| F|  |TAMS 0x00000000f6000000| PB 0x00000000f6000000| Untracked 
| 865|0x00000000f6100000, 0x00000000f6100000, 0x00000000f6200000|  0%| F|  |TAMS 0x00000000f6100000| PB 0x00000000f6100000| Untracked 
| 866|0x00000000f6200000, 0x00000000f6200000, 0x00000000f6300000|  0%| F|  |TAMS 0x00000000f6200000| PB 0x00000000f6200000| Untracked 
| 867|0x00000000f6300000, 0x00000000f6300000, 0x00000000f6400000|  0%| F|  |TAMS 0x00000000f6300000| PB 0x00000000f6300000| Untracked 
| 868|0x00000000f6400000, 0x00000000f6400000, 0x00000000f6500000|  0%| F|  |TAMS 0x00000000f6400000| PB 0x00000000f6400000| Untracked 
| 869|0x00000000f6500000, 0x00000000f6500000, 0x00000000f6600000|  0%| F|  |TAMS 0x00000000f6500000| PB 0x00000000f6500000| Untracked 
| 870|0x00000000f6600000, 0x00000000f6600000, 0x00000000f6700000|  0%| F|  |TAMS 0x00000000f6600000| PB 0x00000000f6600000| Untracked 
| 871|0x00000000f6700000, 0x00000000f6700000, 0x00000000f6800000|  0%| F|  |TAMS 0x00000000f6700000| PB 0x00000000f6700000| Untracked 
| 872|0x00000000f6800000, 0x00000000f6800000, 0x00000000f6900000|  0%| F|  |TAMS 0x00000000f6800000| PB 0x00000000f6800000| Untracked 
| 873|0x00000000f6900000, 0x00000000f6900000, 0x00000000f6a00000|  0%| F|  |TAMS 0x00000000f6900000| PB 0x00000000f6900000| Untracked 
| 874|0x00000000f6a00000, 0x00000000f6a00000, 0x00000000f6b00000|  0%| F|  |TAMS 0x00000000f6a00000| PB 0x00000000f6a00000| Untracked 
| 875|0x00000000f6b00000, 0x00000000f6b00000, 0x00000000f6c00000|  0%| F|  |TAMS 0x00000000f6b00000| PB 0x00000000f6b00000| Untracked 
| 876|0x00000000f6c00000, 0x00000000f6c00000, 0x00000000f6d00000|  0%| F|  |TAMS 0x00000000f6c00000| PB 0x00000000f6c00000| Untracked 
| 877|0x00000000f6d00000, 0x00000000f6d00000, 0x00000000f6e00000|  0%| F|  |TAMS 0x00000000f6d00000| PB 0x00000000f6d00000| Untracked 
| 878|0x00000000f6e00000, 0x00000000f6e00000, 0x00000000f6f00000|  0%| F|  |TAMS 0x00000000f6e00000| PB 0x00000000f6e00000| Untracked 
| 879|0x00000000f6f00000, 0x00000000f6f00000, 0x00000000f7000000|  0%| F|  |TAMS 0x00000000f6f00000| PB 0x00000000f6f00000| Untracked 
| 880|0x00000000f7000000, 0x00000000f7000000, 0x00000000f7100000|  0%| F|  |TAMS 0x00000000f7000000| PB 0x00000000f7000000| Untracked 
| 881|0x00000000f7100000, 0x00000000f7100000, 0x00000000f7200000|  0%| F|  |TAMS 0x00000000f7100000| PB 0x00000000f7100000| Untracked 
| 882|0x00000000f7200000, 0x00000000f7200000, 0x00000000f7300000|  0%| F|  |TAMS 0x00000000f7200000| PB 0x00000000f7200000| Untracked 
| 883|0x00000000f7300000, 0x00000000f7300000, 0x00000000f7400000|  0%| F|  |TAMS 0x00000000f7300000| PB 0x00000000f7300000| Untracked 
| 884|0x00000000f7400000, 0x00000000f7400000, 0x00000000f7500000|  0%| F|  |TAMS 0x00000000f7400000| PB 0x00000000f7400000| Untracked 
| 885|0x00000000f7500000, 0x00000000f7500000, 0x00000000f7600000|  0%| F|  |TAMS 0x00000000f7500000| PB 0x00000000f7500000| Untracked 
| 886|0x00000000f7600000, 0x00000000f7600000, 0x00000000f7700000|  0%| F|  |TAMS 0x00000000f7600000| PB 0x00000000f7600000| Untracked 
| 887|0x00000000f7700000, 0x00000000f7700000, 0x00000000f7800000|  0%| F|  |TAMS 0x00000000f7700000| PB 0x00000000f7700000| Untracked 
| 888|0x00000000f7800000, 0x00000000f7800000, 0x00000000f7900000|  0%| F|  |TAMS 0x00000000f7800000| PB 0x00000000f7800000| Untracked 
| 889|0x00000000f7900000, 0x00000000f7900000, 0x00000000f7a00000|  0%| F|  |TAMS 0x00000000f7900000| PB 0x00000000f7900000| Untracked 
| 890|0x00000000f7a00000, 0x00000000f7a00000, 0x00000000f7b00000|  0%| F|  |TAMS 0x00000000f7a00000| PB 0x00000000f7a00000| Untracked 
| 891|0x00000000f7b00000, 0x00000000f7b00000, 0x00000000f7c00000|  0%| F|  |TAMS 0x00000000f7b00000| PB 0x00000000f7b00000| Untracked 
| 892|0x00000000f7c00000, 0x00000000f7c00000, 0x00000000f7d00000|  0%| F|  |TAMS 0x00000000f7c00000| PB 0x00000000f7c00000| Untracked 
| 893|0x00000000f7d00000, 0x00000000f7d00000, 0x00000000f7e00000|  0%| F|  |TAMS 0x00000000f7d00000| PB 0x00000000f7d00000| Untracked 
| 894|0x00000000f7e00000, 0x00000000f7e00000, 0x00000000f7f00000|  0%| F|  |TAMS 0x00000000f7e00000| PB 0x00000000f7e00000| Untracked 
| 895|0x00000000f7f00000, 0x00000000f7f00000, 0x00000000f8000000|  0%| F|  |TAMS 0x00000000f7f00000| PB 0x00000000f7f00000| Untracked 
| 896|0x00000000f8000000, 0x00000000f8000000, 0x00000000f8100000|  0%| F|  |TAMS 0x00000000f8000000| PB 0x00000000f8000000| Untracked 
| 897|0x00000000f8100000, 0x00000000f8100000, 0x00000000f8200000|  0%| F|  |TAMS 0x00000000f8100000| PB 0x00000000f8100000| Untracked 
| 898|0x00000000f8200000, 0x00000000f8200000, 0x00000000f8300000|  0%| F|  |TAMS 0x00000000f8200000| PB 0x00000000f8200000| Untracked 
| 899|0x00000000f8300000, 0x00000000f8300000, 0x00000000f8400000|  0%| F|  |TAMS 0x00000000f8300000| PB 0x00000000f8300000| Untracked 
| 900|0x00000000f8400000, 0x00000000f8400000, 0x00000000f8500000|  0%| F|  |TAMS 0x00000000f8400000| PB 0x00000000f8400000| Untracked 
| 901|0x00000000f8500000, 0x00000000f8500000, 0x00000000f8600000|  0%| F|  |TAMS 0x00000000f8500000| PB 0x00000000f8500000| Untracked 
| 902|0x00000000f8600000, 0x00000000f8600000, 0x00000000f8700000|  0%| F|  |TAMS 0x00000000f8600000| PB 0x00000000f8600000| Untracked 
| 903|0x00000000f8700000, 0x00000000f8700000, 0x00000000f8800000|  0%| F|  |TAMS 0x00000000f8700000| PB 0x00000000f8700000| Untracked 
| 904|0x00000000f8800000, 0x00000000f8800000, 0x00000000f8900000|  0%| F|  |TAMS 0x00000000f8800000| PB 0x00000000f8800000| Untracked 
| 905|0x00000000f8900000, 0x00000000f8900000, 0x00000000f8a00000|  0%| F|  |TAMS 0x00000000f8900000| PB 0x00000000f8900000| Untracked 
| 906|0x00000000f8a00000, 0x00000000f8a00000, 0x00000000f8b00000|  0%| F|  |TAMS 0x00000000f8a00000| PB 0x00000000f8a00000| Untracked 
| 907|0x00000000f8b00000, 0x00000000f8b00000, 0x00000000f8c00000|  0%| F|  |TAMS 0x00000000f8b00000| PB 0x00000000f8b00000| Untracked 
| 908|0x00000000f8c00000, 0x00000000f8c00000, 0x00000000f8d00000|  0%| F|  |TAMS 0x00000000f8c00000| PB 0x00000000f8c00000| Untracked 
| 909|0x00000000f8d00000, 0x00000000f8d00000, 0x00000000f8e00000|  0%| F|  |TAMS 0x00000000f8d00000| PB 0x00000000f8d00000| Untracked 
| 910|0x00000000f8e00000, 0x00000000f8e00000, 0x00000000f8f00000|  0%| F|  |TAMS 0x00000000f8e00000| PB 0x00000000f8e00000| Untracked 
| 911|0x00000000f8f00000, 0x00000000f8f00000, 0x00000000f9000000|  0%| F|  |TAMS 0x00000000f8f00000| PB 0x00000000f8f00000| Untracked 
| 912|0x00000000f9000000, 0x00000000f9000000, 0x00000000f9100000|  0%| F|  |TAMS 0x00000000f9000000| PB 0x00000000f9000000| Untracked 
| 913|0x00000000f9100000, 0x00000000f9100000, 0x00000000f9200000|  0%| F|  |TAMS 0x00000000f9100000| PB 0x00000000f9100000| Untracked 
| 914|0x00000000f9200000, 0x00000000f9200000, 0x00000000f9300000|  0%| F|  |TAMS 0x00000000f9200000| PB 0x00000000f9200000| Untracked 
| 915|0x00000000f9300000, 0x00000000f9300000, 0x00000000f9400000|  0%| F|  |TAMS 0x00000000f9300000| PB 0x00000000f9300000| Untracked 
| 916|0x00000000f9400000, 0x00000000f9400000, 0x00000000f9500000|  0%| F|  |TAMS 0x00000000f9400000| PB 0x00000000f9400000| Untracked 
| 917|0x00000000f9500000, 0x00000000f9500000, 0x00000000f9600000|  0%| F|  |TAMS 0x00000000f9500000| PB 0x00000000f9500000| Untracked 
| 918|0x00000000f9600000, 0x00000000f9600000, 0x00000000f9700000|  0%| F|  |TAMS 0x00000000f9600000| PB 0x00000000f9600000| Untracked 
| 919|0x00000000f9700000, 0x00000000f9700000, 0x00000000f9800000|  0%| F|  |TAMS 0x00000000f9700000| PB 0x00000000f9700000| Untracked 
| 920|0x00000000f9800000, 0x00000000f9800000, 0x00000000f9900000|  0%| F|  |TAMS 0x00000000f9800000| PB 0x00000000f9800000| Untracked 
| 921|0x00000000f9900000, 0x00000000f9900000, 0x00000000f9a00000|  0%| F|  |TAMS 0x00000000f9900000| PB 0x00000000f9900000| Untracked 
| 922|0x00000000f9a00000, 0x00000000f9a00000, 0x00000000f9b00000|  0%| F|  |TAMS 0x00000000f9a00000| PB 0x00000000f9a00000| Untracked 
| 923|0x00000000f9b00000, 0x00000000f9b00000, 0x00000000f9c00000|  0%| F|  |TAMS 0x00000000f9b00000| PB 0x00000000f9b00000| Untracked 
| 924|0x00000000f9c00000, 0x00000000f9c00000, 0x00000000f9d00000|  0%| F|  |TAMS 0x00000000f9c00000| PB 0x00000000f9c00000| Untracked 
| 925|0x00000000f9d00000, 0x00000000f9d00000, 0x00000000f9e00000|  0%| F|  |TAMS 0x00000000f9d00000| PB 0x00000000f9d00000| Untracked 
| 926|0x00000000f9e00000, 0x00000000f9e00000, 0x00000000f9f00000|  0%| F|  |TAMS 0x00000000f9e00000| PB 0x00000000f9e00000| Untracked 
| 927|0x00000000f9f00000, 0x00000000f9f00000, 0x00000000fa000000|  0%| F|  |TAMS 0x00000000f9f00000| PB 0x00000000f9f00000| Untracked 
| 928|0x00000000fa000000, 0x00000000fa000000, 0x00000000fa100000|  0%| F|  |TAMS 0x00000000fa000000| PB 0x00000000fa000000| Untracked 
| 929|0x00000000fa100000, 0x00000000fa100000, 0x00000000fa200000|  0%| F|  |TAMS 0x00000000fa100000| PB 0x00000000fa100000| Untracked 
| 930|0x00000000fa200000, 0x00000000fa200000, 0x00000000fa300000|  0%| F|  |TAMS 0x00000000fa200000| PB 0x00000000fa200000| Untracked 
| 931|0x00000000fa300000, 0x00000000fa300000, 0x00000000fa400000|  0%| F|  |TAMS 0x00000000fa300000| PB 0x00000000fa300000| Untracked 
| 932|0x00000000fa400000, 0x00000000fa400000, 0x00000000fa500000|  0%| F|  |TAMS 0x00000000fa400000| PB 0x00000000fa400000| Untracked 
| 933|0x00000000fa500000, 0x00000000fa500000, 0x00000000fa600000|  0%| F|  |TAMS 0x00000000fa500000| PB 0x00000000fa500000| Untracked 
| 934|0x00000000fa600000, 0x00000000fa600000, 0x00000000fa700000|  0%| F|  |TAMS 0x00000000fa600000| PB 0x00000000fa600000| Untracked 
| 935|0x00000000fa700000, 0x00000000fa700000, 0x00000000fa800000|  0%| F|  |TAMS 0x00000000fa700000| PB 0x00000000fa700000| Untracked 
| 936|0x00000000fa800000, 0x00000000fa800000, 0x00000000fa900000|  0%| F|  |TAMS 0x00000000fa800000| PB 0x00000000fa800000| Untracked 
| 937|0x00000000fa900000, 0x00000000fa900000, 0x00000000faa00000|  0%| F|  |TAMS 0x00000000fa900000| PB 0x00000000fa900000| Untracked 
| 938|0x00000000faa00000, 0x00000000faa00000, 0x00000000fab00000|  0%| F|  |TAMS 0x00000000faa00000| PB 0x00000000faa00000| Untracked 
| 939|0x00000000fab00000, 0x00000000fab00000, 0x00000000fac00000|  0%| F|  |TAMS 0x00000000fab00000| PB 0x00000000fab00000| Untracked 
| 940|0x00000000fac00000, 0x00000000fac00000, 0x00000000fad00000|  0%| F|  |TAMS 0x00000000fac00000| PB 0x00000000fac00000| Untracked 
| 941|0x00000000fad00000, 0x00000000fad00000, 0x00000000fae00000|  0%| F|  |TAMS 0x00000000fad00000| PB 0x00000000fad00000| Untracked 
| 942|0x00000000fae00000, 0x00000000fae00000, 0x00000000faf00000|  0%| F|  |TAMS 0x00000000fae00000| PB 0x00000000fae00000| Untracked 
| 943|0x00000000faf00000, 0x00000000faf00000, 0x00000000fb000000|  0%| F|  |TAMS 0x00000000faf00000| PB 0x00000000faf00000| Untracked 
| 944|0x00000000fb000000, 0x00000000fb000000, 0x00000000fb100000|  0%| F|  |TAMS 0x00000000fb000000| PB 0x00000000fb000000| Untracked 
| 945|0x00000000fb100000, 0x00000000fb100000, 0x00000000fb200000|  0%| F|  |TAMS 0x00000000fb100000| PB 0x00000000fb100000| Untracked 
| 946|0x00000000fb200000, 0x00000000fb200000, 0x00000000fb300000|  0%| F|  |TAMS 0x00000000fb200000| PB 0x00000000fb200000| Untracked 
| 947|0x00000000fb300000, 0x00000000fb300000, 0x00000000fb400000|  0%| F|  |TAMS 0x00000000fb300000| PB 0x00000000fb300000| Untracked 
| 948|0x00000000fb400000, 0x00000000fb400000, 0x00000000fb500000|  0%| F|  |TAMS 0x00000000fb400000| PB 0x00000000fb400000| Untracked 
| 949|0x00000000fb500000, 0x00000000fb500000, 0x00000000fb600000|  0%| F|  |TAMS 0x00000000fb500000| PB 0x00000000fb500000| Untracked 
| 950|0x00000000fb600000, 0x00000000fb600000, 0x00000000fb700000|  0%| F|  |TAMS 0x00000000fb600000| PB 0x00000000fb600000| Untracked 
| 951|0x00000000fb700000, 0x00000000fb700000, 0x00000000fb800000|  0%| F|  |TAMS 0x00000000fb700000| PB 0x00000000fb700000| Untracked 
| 952|0x00000000fb800000, 0x00000000fb800000, 0x00000000fb900000|  0%| F|  |TAMS 0x00000000fb800000| PB 0x00000000fb800000| Untracked 
| 953|0x00000000fb900000, 0x00000000fb900000, 0x00000000fba00000|  0%| F|  |TAMS 0x00000000fb900000| PB 0x00000000fb900000| Untracked 
| 954|0x00000000fba00000, 0x00000000fba00000, 0x00000000fbb00000|  0%| F|  |TAMS 0x00000000fba00000| PB 0x00000000fba00000| Untracked 
| 955|0x00000000fbb00000, 0x00000000fbb00000, 0x00000000fbc00000|  0%| F|  |TAMS 0x00000000fbb00000| PB 0x00000000fbb00000| Untracked 
| 956|0x00000000fbc00000, 0x00000000fbc00000, 0x00000000fbd00000|  0%| F|  |TAMS 0x00000000fbc00000| PB 0x00000000fbc00000| Untracked 
| 957|0x00000000fbd00000, 0x00000000fbd00000, 0x00000000fbe00000|  0%| F|  |TAMS 0x00000000fbd00000| PB 0x00000000fbd00000| Untracked 
| 958|0x00000000fbe00000, 0x00000000fbe00000, 0x00000000fbf00000|  0%| F|  |TAMS 0x00000000fbe00000| PB 0x00000000fbe00000| Untracked 
| 959|0x00000000fbf00000, 0x00000000fbf00000, 0x00000000fc000000|  0%| F|  |TAMS 0x00000000fbf00000| PB 0x00000000fbf00000| Untracked 
| 960|0x00000000fc000000, 0x00000000fc000000, 0x00000000fc100000|  0%| F|  |TAMS 0x00000000fc000000| PB 0x00000000fc000000| Untracked 
| 961|0x00000000fc100000, 0x00000000fc100000, 0x00000000fc200000|  0%| F|  |TAMS 0x00000000fc100000| PB 0x00000000fc100000| Untracked 
| 962|0x00000000fc200000, 0x00000000fc200000, 0x00000000fc300000|  0%| F|  |TAMS 0x00000000fc200000| PB 0x00000000fc200000| Untracked 
| 963|0x00000000fc300000, 0x00000000fc300000, 0x00000000fc400000|  0%| F|  |TAMS 0x00000000fc300000| PB 0x00000000fc300000| Untracked 
| 964|0x00000000fc400000, 0x00000000fc400000, 0x00000000fc500000|  0%| F|  |TAMS 0x00000000fc400000| PB 0x00000000fc400000| Untracked 
| 965|0x00000000fc500000, 0x00000000fc500000, 0x00000000fc600000|  0%| F|  |TAMS 0x00000000fc500000| PB 0x00000000fc500000| Untracked 
| 966|0x00000000fc600000, 0x00000000fc600000, 0x00000000fc700000|  0%| F|  |TAMS 0x00000000fc600000| PB 0x00000000fc600000| Untracked 
| 967|0x00000000fc700000, 0x00000000fc700000, 0x00000000fc800000|  0%| F|  |TAMS 0x00000000fc700000| PB 0x00000000fc700000| Untracked 
| 968|0x00000000fc800000, 0x00000000fc800000, 0x00000000fc900000|  0%| F|  |TAMS 0x00000000fc800000| PB 0x00000000fc800000| Untracked 
| 969|0x00000000fc900000, 0x00000000fc900000, 0x00000000fca00000|  0%| F|  |TAMS 0x00000000fc900000| PB 0x00000000fc900000| Untracked 
| 970|0x00000000fca00000, 0x00000000fca00000, 0x00000000fcb00000|  0%| F|  |TAMS 0x00000000fca00000| PB 0x00000000fca00000| Untracked 
| 971|0x00000000fcb00000, 0x00000000fcb00000, 0x00000000fcc00000|  0%| F|  |TAMS 0x00000000fcb00000| PB 0x00000000fcb00000| Untracked 
| 972|0x00000000fcc00000, 0x00000000fcc00000, 0x00000000fcd00000|  0%| F|  |TAMS 0x00000000fcc00000| PB 0x00000000fcc00000| Untracked 
| 973|0x00000000fcd00000, 0x00000000fcd00000, 0x00000000fce00000|  0%| F|  |TAMS 0x00000000fcd00000| PB 0x00000000fcd00000| Untracked 
| 974|0x00000000fce00000, 0x00000000fcf00000, 0x00000000fcf00000|100%|HS|  |TAMS 0x00000000fce00000| PB 0x00000000fce00000| Complete 
| 975|0x00000000fcf00000, 0x00000000fd000000, 0x00000000fd000000|100%|HC|  |TAMS 0x00000000fcf00000| PB 0x00000000fcf00000| Complete 
| 976|0x00000000fd000000, 0x00000000fd100000, 0x00000000fd100000|100%|HS|  |TAMS 0x00000000fd000000| PB 0x00000000fd000000| Complete 
| 977|0x00000000fd100000, 0x00000000fd200000, 0x00000000fd200000|100%|HC|  |TAMS 0x00000000fd100000| PB 0x00000000fd100000| Complete 
| 978|0x00000000fd200000, 0x00000000fd300000, 0x00000000fd300000|100%|HS|  |TAMS 0x00000000fd200000| PB 0x00000000fd200000| Complete 
| 979|0x00000000fd300000, 0x00000000fd400000, 0x00000000fd400000|100%|HC|  |TAMS 0x00000000fd300000| PB 0x00000000fd300000| Complete 
| 980|0x00000000fd400000, 0x00000000fd400000, 0x00000000fd500000|  0%| F|  |TAMS 0x00000000fd400000| PB 0x00000000fd400000| Untracked 
| 981|0x00000000fd500000, 0x00000000fd500000, 0x00000000fd600000|  0%| F|  |TAMS 0x00000000fd500000| PB 0x00000000fd500000| Untracked 
| 982|0x00000000fd600000, 0x00000000fd700000, 0x00000000fd700000|100%|HS|  |TAMS 0x00000000fd600000| PB 0x00000000fd600000| Complete 
| 983|0x00000000fd700000, 0x00000000fd800000, 0x00000000fd800000|100%|HC|  |TAMS 0x00000000fd700000| PB 0x00000000fd700000| Complete 
| 984|0x00000000fd800000, 0x00000000fd900000, 0x00000000fd900000|100%|HS|  |TAMS 0x00000000fd800000| PB 0x00000000fd800000| Complete 
| 985|0x00000000fd900000, 0x00000000fda00000, 0x00000000fda00000|100%|HC|  |TAMS 0x00000000fd900000| PB 0x00000000fd900000| Complete 
| 986|0x00000000fda00000, 0x00000000fdb00000, 0x00000000fdb00000|100%|HS|  |TAMS 0x00000000fda00000| PB 0x00000000fda00000| Complete 
| 987|0x00000000fdb00000, 0x00000000fdc00000, 0x00000000fdc00000|100%|HC|  |TAMS 0x00000000fdb00000| PB 0x00000000fdb00000| Complete 
| 988|0x00000000fdc00000, 0x00000000fdd00000, 0x00000000fdd00000|100%|HS|  |TAMS 0x00000000fdc00000| PB 0x00000000fdc00000| Complete 
| 989|0x00000000fdd00000, 0x00000000fde00000, 0x00000000fde00000|100%|HC|  |TAMS 0x00000000fdd00000| PB 0x00000000fdd00000| Complete 
| 990|0x00000000fde00000, 0x00000000fdf00000, 0x00000000fdf00000|100%|HS|  |TAMS 0x00000000fde00000| PB 0x00000000fde00000| Complete 
| 991|0x00000000fdf00000, 0x00000000fe000000, 0x00000000fe000000|100%|HC|  |TAMS 0x00000000fdf00000| PB 0x00000000fdf00000| Complete 
| 992|0x00000000fe000000, 0x00000000fe100000, 0x00000000fe100000|100%|HS|  |TAMS 0x00000000fe000000| PB 0x00000000fe000000| Complete 
| 993|0x00000000fe100000, 0x00000000fe200000, 0x00000000fe200000|100%|HC|  |TAMS 0x00000000fe100000| PB 0x00000000fe100000| Complete 
| 994|0x00000000fe200000, 0x00000000fe300000, 0x00000000fe300000|100%|HS|  |TAMS 0x00000000fe200000| PB 0x00000000fe200000| Complete 
| 995|0x00000000fe300000, 0x00000000fe400000, 0x00000000fe400000|100%|HC|  |TAMS 0x00000000fe300000| PB 0x00000000fe300000| Complete 
| 996|0x00000000fe400000, 0x00000000fe500000, 0x00000000fe500000|100%|HS|  |TAMS 0x00000000fe400000| PB 0x00000000fe400000| Complete 
| 997|0x00000000fe500000, 0x00000000fe600000, 0x00000000fe600000|100%|HC|  |TAMS 0x00000000fe500000| PB 0x00000000fe500000| Complete 
| 998|0x00000000fe600000, 0x00000000fe700000, 0x00000000fe700000|100%| O|  |TAMS 0x00000000fe600000| PB 0x00000000fe600000| Untracked 
| 999|0x00000000fe700000, 0x00000000fe800000, 0x00000000fe800000|100%| O|Cm|TAMS 0x00000000fe700000| PB 0x00000000fe700000| Complete 
|1000|0x00000000fe800000, 0x00000000fe800000, 0x00000000fe900000|  0%| F|  |TAMS 0x00000000fe800000| PB 0x00000000fe800000| Untracked 
|1001|0x00000000fe900000, 0x00000000fe900000, 0x00000000fea00000|  0%| F|  |TAMS 0x00000000fe900000| PB 0x00000000fe900000| Untracked 
|1002|0x00000000fea00000, 0x00000000fea80a58, 0x00000000feb00000| 50%| E|  |TAMS 0x00000000fea00000| PB 0x00000000fea00000| Complete 
|1003|0x00000000feb00000, 0x00000000fec00000, 0x00000000fec00000|100%| E|CS|TAMS 0x00000000feb00000| PB 0x00000000feb00000| Complete 
|1004|0x00000000fec00000, 0x00000000fed00000, 0x00000000fed00000|100%| E|CS|TAMS 0x00000000fec00000| PB 0x00000000fec00000| Complete 
|1005|0x00000000fed00000, 0x00000000fee00000, 0x00000000fee00000|100%| O|  |TAMS 0x00000000fed00000| PB 0x00000000fed00000| Untracked 
|1006|0x00000000fee00000, 0x00000000fef00000, 0x00000000fef00000|100%| O|  |TAMS 0x00000000fee00000| PB 0x00000000fee00000| Untracked 
|1007|0x00000000fef00000, 0x00000000ff000000, 0x00000000ff000000|100%| O|  |TAMS 0x00000000fef00000| PB 0x00000000fef00000| Untracked 
|1008|0x00000000ff000000, 0x00000000ff100000, 0x00000000ff100000|100%| O|  |TAMS 0x00000000ff000000| PB 0x00000000ff000000| Untracked 
|1009|0x00000000ff100000, 0x00000000ff200000, 0x00000000ff200000|100%| O|  |TAMS 0x00000000ff100000| PB 0x00000000ff100000| Untracked 
|1010|0x00000000ff200000, 0x00000000ff300000, 0x00000000ff300000|100%| O|  |TAMS 0x00000000ff200000| PB 0x00000000ff200000| Untracked 
|1011|0x00000000ff300000, 0x00000000ff400000, 0x00000000ff400000|100%| O|  |TAMS 0x00000000ff300000| PB 0x00000000ff300000| Untracked 
|1012|0x00000000ff400000, 0x00000000ff500000, 0x00000000ff500000|100%| O|  |TAMS 0x00000000ff400000| PB 0x00000000ff400000| Untracked 
|1013|0x00000000ff500000, 0x00000000ff600000, 0x00000000ff600000|100%| O|  |TAMS 0x00000000ff500000| PB 0x00000000ff500000| Untracked 
|1014|0x00000000ff600000, 0x00000000ff700000, 0x00000000ff700000|100%| O|  |TAMS 0x00000000ff600000| PB 0x00000000ff600000| Untracked 
|1015|0x00000000ff700000, 0x00000000ff800000, 0x00000000ff800000|100%| O|  |TAMS 0x00000000ff700000| PB 0x00000000ff700000| Untracked 
|1016|0x00000000ff800000, 0x00000000ff900000, 0x00000000ff900000|100%| O|  |TAMS 0x00000000ff800000| PB 0x00000000ff800000| Untracked 
|1017|0x00000000ff900000, 0x00000000ffa00000, 0x00000000ffa00000|100%| O|  |TAMS 0x00000000ff900000| PB 0x00000000ff900000| Untracked 
|1018|0x00000000ffa00000, 0x00000000ffb00000, 0x00000000ffb00000|100%| E|CS|TAMS 0x00000000ffa00000| PB 0x00000000ffa00000| Complete 
|1019|0x00000000ffb00000, 0x00000000ffc00000, 0x00000000ffc00000|100%| E|CS|TAMS 0x00000000ffb00000| PB 0x00000000ffb00000| Complete 
|1020|0x00000000ffc00000, 0x00000000ffd00000, 0x00000000ffd00000|100%| E|CS|TAMS 0x00000000ffc00000| PB 0x00000000ffc00000| Complete 
|1021|0x00000000ffd00000, 0x00000000ffe00000, 0x00000000ffe00000|100%| E|CS|TAMS 0x00000000ffd00000| PB 0x00000000ffd00000| Complete 
|1022|0x00000000ffe00000, 0x00000000fff00000, 0x00000000fff00000|100%| E|CS|TAMS 0x00000000ffe00000| PB 0x00000000ffe00000| Complete 
|1023|0x00000000fff00000, 0x0000000100000000, 0x0000000100000000|100%| O|Cm|TAMS 0x00000000fff00000| PB 0x00000000fff00000| Complete 

Card table byte_map: [0x000001cc7a7d0000,0x000001cc7a9d0000] _byte_map_base: 0x000001cc7a1d0000

Marking Bits: (CMBitMap*) 0x000001cc7a2196e0
 Bits: [0x000001cc7a9d0000, 0x000001cc7b9d0000)

Polling page: 0x000001cc78230000

Metaspace:

Usage:
  Non-class:    111.41 MB used.
      Class:     17.88 MB used.
       Both:    129.29 MB used.

Virtual space:
  Non-class space:      128.00 MB reserved,     112.69 MB ( 88%) committed,  2 nodes.
      Class space:      416.00 MB reserved,      19.12 MB (  5%) committed,  1 nodes.
             Both:      544.00 MB reserved,     131.81 MB ( 24%) committed. 

Chunk freelists:
   Non-Class:  15.25 MB
       Class:  12.93 MB
        Both:  28.18 MB

MaxMetaspaceSize: 512.00 MB
CompressedClassSpaceSize: 416.00 MB
Initial GC threshold: 21.00 MB
Current GC threshold: 216.69 MB
CDS: on
 - commit_granule_bytes: 65536.
 - commit_granule_words: 8192.
 - virtual_space_node_default_size: 8388608.
 - enlarge_chunks_in_place: 1.
 - use_allocation_guard: 0.


Internal statistics:

num_allocs_failed_limit: 9.
num_arena_births: 4590.
num_arena_deaths: 2.
num_vsnodes_births: 3.
num_vsnodes_deaths: 0.
num_space_committed: 2108.
num_space_uncommitted: 0.
num_chunks_returned_to_freelist: 12.
num_chunks_taken_from_freelist: 10520.
num_chunk_merges: 6.
num_chunk_splits: 6923.
num_chunks_enlarged: 4392.
num_inconsistent_stats: 0.

CodeHeap 'non-profiled nmethods': size=120000Kb used=12564Kb max_used=12955Kb free=107435Kb
 bounds [0x000001cc10140000, 0x000001cc10e00000, 0x000001cc17670000]
CodeHeap 'profiled nmethods': size=120000Kb used=32610Kb max_used=33868Kb free=87390Kb
 bounds [0x000001cc08670000, 0x000001cc0a7a0000, 0x000001cc0fba0000]
CodeHeap 'non-nmethods': size=5760Kb used=2853Kb max_used=2958Kb free=2906Kb
 bounds [0x000001cc0fba0000, 0x000001cc0fea0000, 0x000001cc10140000]
CodeCache: size=245760Kb, used=48027Kb, max_used=49781Kb, free=197731Kb
 total_blobs=18700, nmethods=17604, adapters=999, full_count=0
Compilation: enabled, stopped_count=0, restarted_count=0

Compilation events (20 events):
Event: 41.833 Thread 0x000001cc1774cf70 nmethod 21125 0x000001cc092a4a10 code [0x000001cc092a4be0, 0x000001cc092a5038]
Event: 41.833 Thread 0x000001cc1774cf70 21129       3       java.lang.AbstractStringBuilder::append (37 bytes)
Event: 41.834 Thread 0x000001cc1774cf70 nmethod 21129 0x000001cc090ee710 code [0x000001cc090ee8e0, 0x000001cc090eebe0]
Event: 41.834 Thread 0x000001cc1774cf70 21130       3       java.io.ObjectInputStream::readInt (8 bytes)
Event: 41.834 Thread 0x000001cc1774cf70 nmethod 21130 0x000001cc09e29810 code [0x000001cc09e299c0, 0x000001cc09e29b18]
Event: 41.834 Thread 0x000001cc1774cf70 21131       3       java.lang.AbstractStringBuilder::appendChars (130 bytes)
Event: 41.834 Thread 0x000001cc1774cf70 nmethod 21131 0x000001cc090eab90 code [0x000001cc090eada0, 0x000001cc090eb300]
Event: 41.834 Thread 0x000001cc1774cf70 21132       3       org.gradle.internal.instantiation.generator.AsmBackedClassGenerator$ClassBuilderImpl::visitArrayElements (227 bytes)
Event: 41.834 Thread 0x000001cc375e1340 nmethod 21107 0x000001cc10b22b10 code [0x000001cc10b22cc0, 0x000001cc10b23090]
Event: 41.834 Thread 0x000001cc375e1340 21111       4       java.io.ObjectOutputStream::writeClassDesc (60 bytes)
Event: 41.835 Thread 0x000001cc1774cf70 nmethod 21132 0x000001cc092c8a10 code [0x000001cc092c8d60, 0x000001cc092ca018]
Event: 41.839 Thread 0x000001cc1774cf70 21134       3       java.util.regex.Pattern$Slice::<init> (6 bytes)
Event: 41.839 Thread 0x000001cc1774cf70 nmethod 21134 0x000001cc092c3190 code [0x000001cc092c3340, 0x000001cc092c3630]
Event: 41.840 Thread 0x000001cc375e1340 nmethod 21111 0x000001cc10967010 code [0x000001cc10967220, 0x000001cc109677e0]
Event: 41.840 Thread 0x000001cc375e1340 21133       4       jdk.internal.reflect.ClassFileAssembler::setStack (25 bytes)
Event: 41.840 Thread 0x000001cc375e1340 nmethod 21133 0x000001cc10966d10 code [0x000001cc10966ea0, 0x000001cc10966f38]
Event: 41.841 Thread 0x000001cc1774cf70 21135       3       java.util.HashMap$ValueSpliterator::tryAdvance (138 bytes)
Event: 41.841 Thread 0x000001cc1774cf70 nmethod 21135 0x000001cc092bbe90 code [0x000001cc092bc0c0, 0x000001cc092bc7d8]
Event: 41.841 Thread 0x000001cc1774cf70 21136       3       java.lang.management.ManagementFactory$PlatformMBeanFinder$$Lambda/0x000001cc19073df8::test (12 bytes)
Event: 41.841 Thread 0x000001cc1774cf70 nmethod 21136 0x000001cc09b55c10 code [0x000001cc09b55de0, 0x000001cc09b561f8]

GC Heap History (20 events):
Event: 16.412 GC heap before
{Heap before GC invocations=30 (full 0):
 garbage-first heap   total 370688K, used 256358K [0x00000000c0000000, 0x0000000100000000)
  region size 1024K, 40 young (40960K), 7 survivors (7168K)
 Metaspace       used 105607K, committed 108032K, reserved 557056K
  class space    used 14638K, committed 15808K, reserved 425984K
}
Event: 16.423 GC heap after
{Heap after GC invocations=31 (full 0):
 garbage-first heap   total 370688K, used 194534K [0x00000000c0000000, 0x0000000100000000)
  region size 1024K, 3 young (3072K), 3 survivors (3072K)
 Metaspace       used 105607K, committed 108032K, reserved 557056K
  class space    used 14638K, committed 15808K, reserved 425984K
}
Event: 17.160 GC heap before
{Heap before GC invocations=31 (full 0):
 garbage-first heap   total 370688K, used 323558K [0x00000000c0000000, 0x0000000100000000)
  region size 1024K, 127 young (130048K), 3 survivors (3072K)
 Metaspace       used 106292K, committed 108672K, reserved 557056K
  class space    used 14711K, committed 15872K, reserved 425984K
}
Event: 17.172 GC heap after
{Heap after GC invocations=32 (full 0):
 garbage-first heap   total 370688K, used 196391K [0x00000000c0000000, 0x0000000100000000)
  region size 1024K, 7 young (7168K), 7 survivors (7168K)
 Metaspace       used 106292K, committed 108672K, reserved 557056K
  class space    used 14711K, committed 15872K, reserved 425984K
}
Event: 18.012 GC heap before
{Heap before GC invocations=32 (full 0):
 garbage-first heap   total 370688K, used 327463K [0x00000000c0000000, 0x0000000100000000)
  region size 1024K, 136 young (139264K), 7 survivors (7168K)
 Metaspace       used 107687K, committed 110080K, reserved 557056K
  class space    used 14879K, committed 16064K, reserved 425984K
}
Event: 18.024 GC heap after
{Heap after GC invocations=33 (full 0):
 garbage-first heap   total 370688K, used 203594K [0x00000000c0000000, 0x0000000100000000)
  region size 1024K, 14 young (14336K), 14 survivors (14336K)
 Metaspace       used 107687K, committed 110080K, reserved 557056K
  class space    used 14879K, committed 16064K, reserved 425984K
}
Event: 18.573 GC heap before
{Heap before GC invocations=33 (full 0):
 garbage-first heap   total 370688K, used 330570K [0x00000000c0000000, 0x0000000100000000)
  region size 1024K, 139 young (142336K), 14 survivors (14336K)
 Metaspace       used 108419K, committed 110848K, reserved 557056K
  class space    used 14954K, committed 16128K, reserved 425984K
}
Event: 18.589 GC heap after
{Heap after GC invocations=34 (full 0):
 garbage-first heap   total 370688K, used 209420K [0x00000000c0000000, 0x0000000100000000)
  region size 1024K, 15 young (15360K), 15 survivors (15360K)
 Metaspace       used 108419K, committed 110848K, reserved 557056K
  class space    used 14954K, committed 16128K, reserved 425984K
}
Event: 21.120 GC heap before
{Heap before GC invocations=34 (full 0):
 garbage-first heap   total 370688K, used 334348K [0x00000000c0000000, 0x0000000100000000)
  region size 1024K, 138 young (141312K), 15 survivors (15360K)
 Metaspace       used 109094K, committed 111488K, reserved 557056K
  class space    used 15026K, committed 16192K, reserved 425984K
}
Event: 21.133 GC heap after
{Heap after GC invocations=35 (full 0):
 garbage-first heap   total 370688K, used 213236K [0x00000000c0000000, 0x0000000100000000)
  region size 1024K, 12 young (12288K), 12 survivors (12288K)
 Metaspace       used 109094K, committed 111488K, reserved 557056K
  class space    used 15026K, committed 16192K, reserved 425984K
}
Event: 23.325 GC heap before
{Heap before GC invocations=36 (full 0):
 garbage-first heap   total 370688K, used 302324K [0x00000000c0000000, 0x0000000100000000)
  region size 1024K, 134 young (137216K), 12 survivors (12288K)
 Metaspace       used 113105K, committed 115648K, reserved 557056K
  class space    used 15538K, committed 16768K, reserved 425984K
}
Event: 23.337 GC heap after
{Heap after GC invocations=37 (full 0):
 garbage-first heap   total 370688K, used 183134K [0x00000000c0000000, 0x0000000100000000)
  region size 1024K, 11 young (11264K), 11 survivors (11264K)
 Metaspace       used 113105K, committed 115648K, reserved 557056K
  class space    used 15538K, committed 16768K, reserved 425984K
}
Event: 36.554 GC heap before
{Heap before GC invocations=37 (full 0):
 garbage-first heap   total 370688K, used 336734K [0x00000000c0000000, 0x0000000100000000)
  region size 1024K, 162 young (165888K), 11 survivors (11264K)
 Metaspace       used 118266K, committed 120768K, reserved 557056K
  class space    used 16265K, committed 17472K, reserved 425984K
}
Event: 36.564 GC heap after
{Heap after GC invocations=38 (full 0):
 garbage-first heap   total 370688K, used 172442K [0x00000000c0000000, 0x0000000100000000)
  region size 1024K, 15 young (15360K), 15 survivors (15360K)
 Metaspace       used 118266K, committed 120768K, reserved 557056K
  class space    used 16265K, committed 17472K, reserved 425984K
}
Event: 38.607 GC heap before
{Heap before GC invocations=38 (full 0):
 garbage-first heap   total 370688K, used 335258K [0x00000000c0000000, 0x0000000100000000)
  region size 1024K, 175 young (179200K), 15 survivors (15360K)
 Metaspace       used 130247K, committed 132864K, reserved 557056K
  class space    used 18035K, committed 19328K, reserved 425984K
}
Event: 38.625 GC heap after
{Heap after GC invocations=39 (full 0):
 garbage-first heap   total 370688K, used 183147K [0x00000000c0000000, 0x0000000100000000)
  region size 1024K, 22 young (22528K), 22 survivors (22528K)
 Metaspace       used 130247K, committed 132864K, reserved 557056K
  class space    used 18035K, committed 19328K, reserved 425984K
}
Event: 38.663 GC heap before
{Heap before GC invocations=39 (full 0):
 garbage-first heap   total 370688K, used 186219K [0x00000000c0000000, 0x0000000100000000)
  region size 1024K, 27 young (27648K), 22 survivors (22528K)
 Metaspace       used 130273K, committed 132864K, reserved 557056K
  class space    used 18035K, committed 19328K, reserved 425984K
}
Event: 38.680 GC heap after
{Heap after GC invocations=40 (full 0):
 garbage-first heap   total 370688K, used 185873K [0x00000000c0000000, 0x0000000100000000)
  region size 1024K, 14 young (14336K), 14 survivors (14336K)
 Metaspace       used 130273K, committed 132864K, reserved 557056K
  class space    used 18035K, committed 19328K, reserved 425984K
}
Event: 39.937 GC heap before
{Heap before GC invocations=41 (full 0):
 garbage-first heap   total 1046528K, used 1039889K [0x00000000c0000000, 0x0000000100000000)
  region size 1024K, 45 young (46080K), 14 survivors (14336K)
 Metaspace       used 131956K, committed 134528K, reserved 557056K
  class space    used 18242K, committed 19520K, reserved 425984K
}
Event: 39.946 GC heap after
{Heap after GC invocations=42 (full 0):
 garbage-first heap   total 1048576K, used 214016K [0x00000000c0000000, 0x0000000100000000)
  region size 1024K, 3 young (3072K), 3 survivors (3072K)
 Metaspace       used 131956K, committed 134528K, reserved 557056K
  class space    used 18242K, committed 19520K, reserved 425984K
}

Dll operation events (20 events):
Event: 0.294 Attempting to load shared library C:\Users\Admin\.jdks\ms-21.0.12\bin\jimage.dll
Event: 0.294 Loaded shared library C:\Users\Admin\.jdks\ms-21.0.12\bin\jimage.dll
Event: 0.362 Attempting to load shared library C:\Users\Admin\.jdks\ms-21.0.12\bin\verify.dll
Event: 0.363 Loaded shared library C:\Users\Admin\.jdks\ms-21.0.12\bin\verify.dll
Event: 0.485 Attempting to load shared library C:\Users\Admin\.gradle\native\c067742578af261105cb4f569cf0c3c89f3d7b1fecec35dd04571415982c5e48\windows-amd64\native-platform.dll
Event: 0.485 Loaded shared library C:\Users\Admin\.gradle\native\c067742578af261105cb4f569cf0c3c89f3d7b1fecec35dd04571415982c5e48\windows-amd64\native-platform.dll
Event: 0.491 Attempting to load shared library C:\Users\Admin\.gradle\native\38dada09dfb8b06ba9b0570ebf7e218e3eb74d4ef43ca46872605cf95ebc2f47\windows-amd64\native-platform-file-events.dll
Event: 0.492 Loaded shared library C:\Users\Admin\.gradle\native\38dada09dfb8b06ba9b0570ebf7e218e3eb74d4ef43ca46872605cf95ebc2f47\windows-amd64\native-platform-file-events.dll
Event: 1.275 Attempting to load shared library C:\Users\Admin\.jdks\ms-21.0.12\bin\management.dll
Event: 1.276 Loaded shared library C:\Users\Admin\.jdks\ms-21.0.12\bin\management.dll
Event: 1.278 Attempting to load shared library C:\Users\Admin\.jdks\ms-21.0.12\bin\management_ext.dll
Event: 1.278 Loaded shared library C:\Users\Admin\.jdks\ms-21.0.12\bin\management_ext.dll
Event: 1.454 Attempting to load shared library C:\Users\Admin\.jdks\ms-21.0.12\bin\extnet.dll
Event: 1.455 Loaded shared library C:\Users\Admin\.jdks\ms-21.0.12\bin\extnet.dll
Event: 1.584 Attempting to load shared library C:\Users\Admin\.jdks\ms-21.0.12\bin\sunmscapi.dll
Event: 1.588 Loaded shared library C:\Users\Admin\.jdks\ms-21.0.12\bin\sunmscapi.dll
Event: 22.684 Attempting to load shared library C:\Users\Admin\AppData\Local\Temp\native-platform6439506091699298892dir\native-platform.dll
Event: 22.736 Loaded shared library C:\Users\Admin\AppData\Local\Temp\native-platform6439506091699298892dir\native-platform.dll
Event: 23.239 Attempting to load shared library C:\Users\Admin\.jdks\ms-21.0.12\bin\rmi.dll
Event: 23.240 Loaded shared library C:\Users\Admin\.jdks\ms-21.0.12\bin\rmi.dll

Deoptimization events (20 events):
Event: 40.480 Thread 0x000001cc392b3130 Uncommon trap: trap_request=0xffffffde fr.pc=0x000001cc10b7c0d0 relative=0x0000000000001830
Event: 40.480 Thread 0x000001cc392b3130 Uncommon trap: reason=class_check action=maybe_recompile pc=0x000001cc10b7c0d0 method=org.gradle.internal.snapshot.impl.DirectorySnapshotter$PathVisitor.snapshotFile(Ljava/nio/file/Path;Ljava/lang/String;Ljava/nio/file/attribute/BasicFileAttributes;Lorg/g
Event: 40.480 Thread 0x000001cc392b3130 DEOPT PACKING pc=0x000001cc10b7c0d0 sp=0x00000072e3dfb330
Event: 40.480 Thread 0x000001cc392b3130 DEOPT UNPACKING pc=0x000001cc0fbf4422 sp=0x00000072e3dfb2e0 mode 2
Event: 41.254 Thread 0x000001cc392b3130 DEOPT PACKING pc=0x000001cc0a16a758 sp=0x00000072e3dfaf10
Event: 41.254 Thread 0x000001cc392b3130 DEOPT UNPACKING pc=0x000001cc0fbf4bc2 sp=0x00000072e3dfa468 mode 0
Event: 41.810 Thread 0x000001cc392b3130 Uncommon trap: trap_request=0xffffffde fr.pc=0x000001cc10b7c0d0 relative=0x0000000000001830
Event: 41.810 Thread 0x000001cc392b3130 Uncommon trap: reason=class_check action=maybe_recompile pc=0x000001cc10b7c0d0 method=org.gradle.internal.snapshot.impl.DirectorySnapshotter$PathVisitor.snapshotFile(Ljava/nio/file/Path;Ljava/lang/String;Ljava/nio/file/attribute/BasicFileAttributes;Lorg/g
Event: 41.810 Thread 0x000001cc392b3130 DEOPT PACKING pc=0x000001cc10b7c0d0 sp=0x00000072e3dfb330
Event: 41.810 Thread 0x000001cc392b3130 DEOPT UNPACKING pc=0x000001cc0fbf4422 sp=0x00000072e3dfb2e0 mode 2
Event: 41.817 Thread 0x000001cc3706c420 DEOPT PACKING pc=0x000001cc092f63d4 sp=0x00000072e39fe7a0
Event: 41.817 Thread 0x000001cc3706c420 DEOPT UNPACKING pc=0x000001cc0fbf4bc2 sp=0x00000072e39fdc90 mode 0
Event: 41.817 Thread 0x000001cc3706c420 DEOPT PACKING pc=0x000001cc08fbd384 sp=0x00000072e39ff440
Event: 41.817 Thread 0x000001cc3706c420 DEOPT UNPACKING pc=0x000001cc0fbf4bc2 sp=0x00000072e39fea50 mode 0
Event: 41.817 Thread 0x000001cc38d7b840 DEOPT PACKING pc=0x000001cc092f63d4 sp=0x00000072e09fc3f0
Event: 41.817 Thread 0x000001cc38d7b840 DEOPT UNPACKING pc=0x000001cc0fbf4bc2 sp=0x00000072e09fb8e0 mode 0
Event: 41.819 Thread 0x000001cc370661b0 DEOPT PACKING pc=0x000001cc08fbd384 sp=0x00000072e26ff100
Event: 41.819 Thread 0x000001cc370661b0 DEOPT UNPACKING pc=0x000001cc0fbf4bc2 sp=0x00000072e26fe710 mode 0
Event: 41.819 Thread 0x000001cc37066840 DEOPT PACKING pc=0x000001cc08fbd384 sp=0x00000072e38fefc0
Event: 41.819 Thread 0x000001cc37066840 DEOPT UNPACKING pc=0x000001cc0fbf4bc2 sp=0x00000072e38fe5d0 mode 0

Classes loaded (20 events):
Event: 39.232 Loading class java/util/concurrent/ForkJoinTask$AdaptedCallable
Event: 39.232 Loading class java/util/concurrent/ForkJoinTask$AdaptedCallable done
Event: 39.271 Loading class java/nio/BufferOverflowException
Event: 39.271 Loading class java/nio/BufferOverflowException done
Event: 39.274 Loading class java/security/DigestException
Event: 39.274 Loading class java/security/DigestException done
Event: 39.275 Loading class java/security/InvalidAlgorithmParameterException
Event: 39.275 Loading class java/security/InvalidAlgorithmParameterException done
Event: 39.276 Loading class java/security/spec/InvalidKeySpecException
Event: 39.276 Loading class java/security/spec/InvalidKeySpecException done
Event: 39.281 Loading class java/security/spec/MGF1ParameterSpec
Event: 39.281 Loading class java/security/spec/MGF1ParameterSpec done
Event: 39.284 Loading class java/util/concurrent/ForkJoinTask$AdaptedRunnableAction
Event: 39.284 Loading class java/util/concurrent/ForkJoinTask$AdaptedRunnableAction done
Event: 40.426 Loading class sun/security/rsa/RSACore$BlindingParameters
Event: 40.426 Loading class sun/security/rsa/RSACore$BlindingParameters done
Event: 40.426 Loading class sun/security/jca/JCAUtil$CachedSecureRandomHolder
Event: 40.426 Loading class sun/security/jca/JCAUtil$CachedSecureRandomHolder done
Event: 40.429 Loading class sun/security/rsa/RSACore$BlindingRandomPair
Event: 40.429 Loading class sun/security/rsa/RSACore$BlindingRandomPair done

Classes unloaded (1 events):
Event: 13.687 Thread 0x000001cc17708fd0 Unloading class 0x000001cc19e91c00 'java/lang/invoke/LambdaForm$DMH+0x000001cc19e91c00'

Classes redefined (0 events):
No events

Internal exceptions (20 events):
Event: 37.142 Thread 0x000001cc3c0e24c0 Exception <a 'java/lang/NoSuchMethodError'{0x00000000d2e7c290}: 'java.lang.Object java.lang.invoke.DirectMethodHandle$Holder.invokeInterface(java.lang.Object, java.lang.Object, int)'> (0x00000000d2e7c290) 
thrown [s\src\hotspot\share\interpreter\linkResolver.cpp, line 773]
Event: 37.219 Thread 0x000001cc3c0e24c0 Exception <a 'java/lang/NoSuchMethodError'{0x00000000d2bfd568}: 'long java.lang.invoke.DirectMethodHandle$Holder.invokeStatic(java.lang.Object, java.lang.Object)'> (0x00000000d2bfd568) 
thrown [s\src\hotspot\share\interpreter\linkResolver.cpp, line 773]
Event: 37.385 Thread 0x000001cc3c0e24c0 Exception <a 'java/lang/NoSuchMethodError'{0x00000000d2178110}: 'void java.lang.invoke.DirectMethodHandle$Holder.invokeInterface(java.lang.Object, java.lang.Object, java.lang.Object, int)'> (0x00000000d2178110) 
thrown [s\src\hotspot\share\interpreter\linkResolver.cpp, line 773]
Event: 37.440 Thread 0x000001cc3c0e24c0 Exception <a 'java/lang/NoSuchMethodError'{0x00000000d1ee61a0}: 'java.lang.Object java.lang.invoke.DirectMethodHandle$Holder.newInvokeSpecial(java.lang.Object, java.lang.Object, int, java.lang.Object, java.lang.Object, java.lang.Object)'> (0x00000000d1ee61a0) 
thrown [s\src\hotspot\share\interpreter\linkResolver.cpp, line 773]
Event: 37.440 Thread 0x000001cc3c0e24c0 Exception <a 'java/lang/NoSuchMethodError'{0x00000000d1eed5b8}: 'java.lang.Object java.lang.invoke.Invokers$Holder.linkToTargetMethod(java.lang.Object, int, java.lang.Object, java.lang.Object, java.lang.Object, java.lang.Object)'> (0x00000000d1eed5b8) 
thrown [s\src\hotspot\share\interpreter\linkResolver.cpp, line 773]
Event: 37.440 Thread 0x000001cc3c0e24c0 Exception <a 'java/lang/NoSuchMethodError'{0x00000000d1ef1310}: 'void java.lang.invoke.DirectMethodHandle$Holder.invokeSpecial(java.lang.Object, java.lang.Object, java.lang.Object, int, java.lang.Object, java.lang.Object, java.lang.Object, java.lang.Object)'> (0x00000000d1ef1310) 
thrown [s\src\hotspot\share\interpreter\linkResolver.cpp, line 773]
Event: 37.460 Thread 0x000001cc3c0e24c0 Implicit null exception at 0x000001cc10cdd300 to 0x000001cc10cdd444
Event: 37.461 Thread 0x000001cc3c0e24c0 Exception <a 'java/lang/NoSuchMethodError'{0x00000000d1c1a000}: 'void java.lang.invoke.DirectMethodHandle$Holder.invokeStatic(java.lang.Object, java.lang.Object, java.lang.Object, java.lang.Object, java.lang.Object, java.lang.Object, java.lang.Object, java.lang.Object)'> (0x00000000d1c1a000) 
thrown [s\src\hotspot\share\interpreter\linkResolver.cpp, line 773]
Event: 37.534 Thread 0x000001cc3c0e24c0 Exception <a 'java/lang/IncompatibleClassChangeError'{0x00000000d17731d0}: Found class java.lang.Object, but interface was expected> (0x00000000d17731d0) 
thrown [s\src\hotspot\share\interpreter\linkResolver.cpp, line 840]
Event: 37.590 Thread 0x000001cc3c0e24c0 Exception <a 'sun/nio/fs/WindowsException'{0x00000000d14dc2d8}> (0x00000000d14dc2d8) 
thrown [s\src\hotspot\share\prims\jni.cpp, line 520]
Event: 37.687 Thread 0x000001cc3c0df6d0 Exception <a 'sun/nio/fs/WindowsException'{0x00000000d017a968}> (0x00000000d017a968) 
thrown [s\src\hotspot\share\prims\jni.cpp, line 520]
Event: 38.184 Thread 0x000001cc3c0dfd60 Exception <a 'java/lang/NoSuchMethodError'{0x00000000ce15ca58}: 'long java.lang.invoke.DirectMethodHandle$Holder.invokeStatic(java.lang.Object, java.lang.Object, java.lang.Object)'> (0x00000000ce15ca58) 
thrown [s\src\hotspot\share\interpreter\linkResolver.cpp, line 773]
Event: 38.796 Thread 0x000001cc3c0dfd60 Exception <a 'sun/nio/fs/WindowsException'{0x00000000feb811c8}> (0x00000000feb811c8) 
thrown [s\src\hotspot\share\prims\jni.cpp, line 520]
Event: 38.946 Thread 0x000001cc3c0e1e30 Exception <a 'sun/nio/fs/WindowsException'{0x00000000d4baaeb0}> (0x00000000d4baaeb0) 
thrown [s\src\hotspot\share\prims\jni.cpp, line 520]
Event: 39.088 Thread 0x000001cc3c0e1e30 Exception <a 'java/lang/NoSuchMethodError'{0x00000000d4a88500}: 'java.lang.Object java.lang.invoke.DirectMethodHandle$Holder.newInvokeSpecial(java.lang.Object, java.lang.Object, java.lang.Object, java.lang.Object, java.lang.Object, int, java.lang.Object)'> (0x00000000d4a88500) 
thrown [s\src\hotspot\share\interpreter\linkResolver.cpp, line 773]
Event: 39.089 Thread 0x000001cc3c0e1e30 Exception <a 'java/lang/NoSuchMethodError'{0x00000000d4a8fff8}: 'java.lang.Object java.lang.invoke.Invokers$Holder.linkToTargetMethod(java.lang.Object, java.lang.Object, java.lang.Object, java.lang.Object, int, java.lang.Object, java.lang.Object)'> (0x00000000d4a8fff8) 
thrown [s\src\hotspot\share\interpreter\linkResolver.cpp, line 773]
Event: 39.093 Thread 0x000001cc3c0e1e30 Implicit null exception at 0x000001cc10717527 to 0x000001cc107176c4
Event: 39.233 Thread 0x000001cc3a5dff00 Implicit null exception at 0x000001cc1083806c to 0x000001cc10838294
Event: 40.441 Thread 0x000001cc3c0e1e30 Implicit null exception at 0x000001cc101644fc to 0x000001cc10164528
Event: 41.833 Thread 0x000001cc38d7b840 Exception <a 'java/lang/NoSuchMethodError'{0x00000000feb33a48}: static Lorg/jetbrains/kotlin/gradle/plugin/statistics/MetricContainer;.<clinit>()V> (0x00000000feb33a48) 
thrown [s\src\hotspot\share\prims\jni.cpp, line 1111]

ZGC Phase Switch (0 events):
No events

VM Operations (20 events):
Event: 38.849 Executing non-safepoint VM operation: HandshakeAllThreads (Deoptimize)
Event: 38.849 Executing non-safepoint VM operation: HandshakeAllThreads (Deoptimize) done
Event: 38.876 Executing safepoint VM operation: G1PauseRemark
Event: 38.885 Executing safepoint VM operation: G1PauseRemark done
Event: 38.940 Executing non-safepoint VM operation: HandshakeAllThreads (Deoptimize)
Event: 38.941 Executing non-safepoint VM operation: HandshakeAllThreads (Deoptimize) done
Event: 38.949 Executing non-safepoint VM operation: HandshakeAllThreads (Deoptimize)
Event: 38.949 Executing non-safepoint VM operation: HandshakeAllThreads (Deoptimize) done
Event: 38.984 Executing safepoint VM operation: G1PauseCleanup
Event: 38.984 Executing safepoint VM operation: G1PauseCleanup done
Event: 38.991 Executing non-safepoint VM operation: HandshakeAllThreads (Deoptimize)
Event: 38.992 Executing non-safepoint VM operation: HandshakeAllThreads (Deoptimize) done
Event: 38.994 Executing non-safepoint VM operation: HandshakeAllThreads (Deoptimize)
Event: 38.995 Executing non-safepoint VM operation: HandshakeAllThreads (Deoptimize) done
Event: 39.092 Executing non-safepoint VM operation: HandshakeAllThreads (Deoptimize)
Event: 39.092 Executing non-safepoint VM operation: HandshakeAllThreads (Deoptimize) done
Event: 39.158 Executing non-safepoint VM operation: HandshakeAllThreads (Deoptimize)
Event: 39.159 Executing non-safepoint VM operation: HandshakeAllThreads (Deoptimize) done
Event: 39.932 Executing safepoint VM operation: G1CollectForAllocation (G1 Humongous Allocation)
Event: 39.946 Executing safepoint VM operation: G1CollectForAllocation (G1 Humongous Allocation) done

Memory protections (0 events):
No events

Nmethod flushes (20 events):
Event: 38.883 Thread 0x000001cc17708fd0 flushing  nmethod 0x000001cc09d2f810
Event: 38.883 Thread 0x000001cc17708fd0 flushing  nmethod 0x000001cc09d55710
Event: 38.883 Thread 0x000001cc17708fd0 flushing  nmethod 0x000001cc09d59f10
Event: 38.883 Thread 0x000001cc17708fd0 flushing  nmethod 0x000001cc09e07610
Event: 38.883 Thread 0x000001cc17708fd0 flushing  nmethod 0x000001cc09e07c90
Event: 38.883 Thread 0x000001cc17708fd0 flushing  nmethod 0x000001cc09e12f10
Event: 38.883 Thread 0x000001cc17708fd0 flushing  nmethod 0x000001cc09e7ba90
Event: 38.883 Thread 0x000001cc17708fd0 flushing  nmethod 0x000001cc09e7c310
Event: 38.883 Thread 0x000001cc17708fd0 flushing  nmethod 0x000001cc09e7c690
Event: 38.883 Thread 0x000001cc17708fd0 flushing  nmethod 0x000001cc09e7e410
Event: 38.883 Thread 0x000001cc17708fd0 flushing  nmethod 0x000001cc09e7f610
Event: 38.883 Thread 0x000001cc17708fd0 flushing  nmethod 0x000001cc09ed7b90
Event: 38.883 Thread 0x000001cc17708fd0 flushing  nmethod 0x000001cc09ed8e10
Event: 38.883 Thread 0x000001cc17708fd0 flushing  nmethod 0x000001cc09eda210
Event: 38.883 Thread 0x000001cc17708fd0 flushing  nmethod 0x000001cc09edc010
Event: 38.883 Thread 0x000001cc17708fd0 flushing  nmethod 0x000001cc09f24590
Event: 38.883 Thread 0x000001cc17708fd0 flushing  nmethod 0x000001cc09f5aa90
Event: 38.883 Thread 0x000001cc17708fd0 flushing  nmethod 0x000001cc09f5b290
Event: 38.883 Thread 0x000001cc17708fd0 flushing  nmethod 0x000001cc09f5b890
Event: 38.883 Thread 0x000001cc17708fd0 flushing  nmethod 0x000001cc0a0a3410

Events (20 events):
Event: 35.714 Thread 0x000001cc375df800 Thread added: 0x000001cc375dfed0
Event: 36.095 Thread 0x000001cc392b3130 Thread added: 0x000001cc3c0e1e30
Event: 36.096 Thread 0x000001cc392b3130 Thread added: 0x000001cc3c0df6d0
Event: 36.097 Thread 0x000001cc392b3130 Thread added: 0x000001cc3c0e24c0
Event: 36.097 Thread 0x000001cc392b3130 Thread added: 0x000001cc3c0dfd60
Event: 36.568 Thread 0x000001cc3c0e8dc0 Thread exited: 0x000001cc3c0e8dc0
Event: 39.233 Thread 0x000001cc3c0e1e30 Thread added: 0x000001cc3a5dff00
Event: 39.285 Thread 0x000001cc3c0e1e30 Thread added: 0x000001cc449ca8d0
Event: 39.285 Thread 0x000001cc449ca8d0 Thread added: 0x000001cc3c0e31e0
Event: 39.285 Thread 0x000001cc3c0e31e0 Thread added: 0x000001cc44adcd00
Event: 39.285 Thread 0x000001cc44adcd00 Thread added: 0x000001cc449ca240
Event: 39.286 Thread 0x000001cc449ca240 Thread added: 0x000001cc44add390
Event: 39.286 Thread 0x000001cc44add390 Thread added: 0x000001cc44ae00c0
Event: 40.403 Thread 0x000001cc375dfed0 Thread exited: 0x000001cc375dfed0
Event: 40.403 Thread 0x000001cc375df800 Thread exited: 0x000001cc375df800
Event: 40.429 Thread 0x000001cc1774cf70 Thread added: 0x000001cc375e20e0
Event: 41.139 Thread 0x000001cc375e20e0 Thread exited: 0x000001cc375e20e0
Event: 41.819 Thread 0x000001cc370661b0 Thread exited: 0x000001cc370661b0
Event: 41.819 Thread 0x000001cc37066840 Thread exited: 0x000001cc37066840
Event: 41.826 Thread 0x000001cc1774cf70 Thread added: 0x000001cc375e1340


Dynamic libraries:
0x00007ff6508a0000 - 0x00007ff6508ae000 	C:\Users\Admin\.jdks\ms-21.0.12\bin\java.exe
0x00007fff994c0000 - 0x00007fff99727000 	C:\WINDOWS\SYSTEM32\ntdll.dll
0x00007fff97e10000 - 0x00007fff97edb000 	C:\WINDOWS\System32\KERNEL32.DLL
0x00007fff96d20000 - 0x00007fff97122000 	C:\WINDOWS\System32\KERNELBASE.dll
0x00007fff96880000 - 0x00007fff969cc000 	C:\WINDOWS\System32\ucrtbase.dll
0x00007fff8c8d0000 - 0x00007fff8c8e8000 	C:\Users\Admin\.jdks\ms-21.0.12\bin\jli.dll
0x00007fff8c920000 - 0x00007fff8c93e000 	C:\Users\Admin\.jdks\ms-21.0.12\bin\VCRUNTIME140.dll
0x00007fff97a40000 - 0x00007fff97c0f000 	C:\WINDOWS\System32\USER32.dll
0x00007fff96b60000 - 0x00007fff96b87000 	C:\WINDOWS\System32\win32u.dll
0x00007fff7f630000 - 0x00007fff7f8c0000 	C:\WINDOWS\WinSxS\amd64_microsoft.windows.common-controls_6595b64144ccf1df_6.0.26100.9278_none_3e0d1ba8e3303201\COMCTL32.dll
0x00007fff98710000 - 0x00007fff9873b000 	C:\WINDOWS\System32\GDI32.dll
0x00007fff97570000 - 0x00007fff97619000 	C:\WINDOWS\System32\msvcrt.dll
0x00007fff96750000 - 0x00007fff96879000 	C:\WINDOWS\System32\gdi32full.dll
0x00007fff97130000 - 0x00007fff971d3000 	C:\WINDOWS\System32\msvcp_win.dll
0x00007fff98b50000 - 0x00007fff98b81000 	C:\WINDOWS\System32\IMM32.DLL
0x00007fff8fd60000 - 0x00007fff8fd6c000 	C:\Users\Admin\.jdks\ms-21.0.12\bin\vcruntime140_1.dll
0x00007fff8b960000 - 0x00007fff8b9e9000 	C:\Users\Admin\.jdks\ms-21.0.12\bin\msvcp140.dll
0x00007ffefaca0000 - 0x00007ffefba4f000 	C:\Users\Admin\.jdks\ms-21.0.12\bin\server\jvm.dll
0x00007fff978e0000 - 0x00007fff9799c000 	C:\WINDOWS\System32\ADVAPI32.dll
0x00007fff97780000 - 0x00007fff97829000 	C:\WINDOWS\System32\sechost.dll
0x00007fff98830000 - 0x00007fff98948000 	C:\WINDOWS\System32\RPCRT4.dll
0x00007fff979b0000 - 0x00007fff97a30000 	C:\WINDOWS\System32\WS2_32.dll
0x00007fff96520000 - 0x00007fff9657e000 	C:\WINDOWS\SYSTEM32\POWRPROF.dll
0x00007fff7f8d0000 - 0x00007fff7f906000 	C:\WINDOWS\SYSTEM32\WINMM.dll
0x00007fff8c8f0000 - 0x00007fff8c8fb000 	C:\WINDOWS\SYSTEM32\VERSION.dll
0x00007fff96500000 - 0x00007fff96515000 	C:\WINDOWS\SYSTEM32\UMPDC.dll
0x00007fff95390000 - 0x00007fff953ab000 	C:\WINDOWS\SYSTEM32\kernel.appcore.dll
0x00007fff8b950000 - 0x00007fff8b95a000 	C:\Users\Admin\.jdks\ms-21.0.12\bin\jimage.dll
0x00007fff90dc0000 - 0x00007fff9100c000 	C:\WINDOWS\SYSTEM32\DBGHELP.DLL
0x00007fff97ef0000 - 0x00007fff98275000 	C:\WINDOWS\System32\combase.dll
0x00007fff98b90000 - 0x00007fff98c69000 	C:\WINDOWS\System32\OLEAUT32.dll
0x00007fff7ef60000 - 0x00007fff7ef9b000 	C:\WINDOWS\SYSTEM32\dbgcore.DLL
0x00007fff969e0000 - 0x00007fff96a8c000 	C:\WINDOWS\System32\bcryptPrimitives.dll
0x00007fff8b940000 - 0x00007fff8b950000 	C:\Users\Admin\.jdks\ms-21.0.12\bin\instrument.dll
0x00007fff8b910000 - 0x00007fff8b931000 	C:\Users\Admin\.jdks\ms-21.0.12\bin\java.dll
0x00007fff98c70000 - 0x00007fff99408000 	C:\WINDOWS\System32\SHELL32.dll
0x00007fff94160000 - 0x00007fff94a0e000 	C:\WINDOWS\SYSTEM32\windows.storage.dll
0x00007fff97c50000 - 0x00007fff97d4b000 	C:\WINDOWS\System32\SHCORE.dll
0x00007fff99410000 - 0x00007fff99476000 	C:\WINDOWS\System32\shlwapi.dll
0x00007fff965e0000 - 0x00007fff96609000 	C:\WINDOWS\SYSTEM32\profapi.dll
0x00007fff21c40000 - 0x00007fff21d16000 	C:\Users\Admin\.jdks\ms-21.0.12\bin\jsvml.dll
0x00007fff8b8f0000 - 0x00007fff8b908000 	C:\Users\Admin\.jdks\ms-21.0.12\bin\zip.dll
0x00007fff8b8d0000 - 0x00007fff8b8e1000 	C:\Users\Admin\.jdks\ms-21.0.12\bin\net.dll
0x00007fff8c1e0000 - 0x00007fff8c30a000 	C:\WINDOWS\SYSTEM32\WINHTTP.dll
0x00007fff95950000 - 0x00007fff959bc000 	C:\WINDOWS\system32\mswsock.dll
0x00007fff8b8b0000 - 0x00007fff8b8c6000 	C:\Users\Admin\.jdks\ms-21.0.12\bin\nio.dll
0x00007fff8b8a0000 - 0x00007fff8b8b0000 	C:\Users\Admin\.jdks\ms-21.0.12\bin\verify.dll
0x00007fff8b9f0000 - 0x00007fff8ba17000 	C:\Users\Admin\.gradle\native\c067742578af261105cb4f569cf0c3c89f3d7b1fecec35dd04571415982c5e48\windows-amd64\native-platform.dll
0x00007fff83210000 - 0x00007fff83354000 	C:\Users\Admin\.gradle\native\38dada09dfb8b06ba9b0570ebf7e218e3eb74d4ef43ca46872605cf95ebc2f47\windows-amd64\native-platform-file-events.dll
0x00007fff8b890000 - 0x00007fff8b89a000 	C:\Users\Admin\.jdks\ms-21.0.12\bin\management.dll
0x00007fff8b880000 - 0x00007fff8b88c000 	C:\Users\Admin\.jdks\ms-21.0.12\bin\management_ext.dll
0x00007fff98740000 - 0x00007fff98748000 	C:\WINDOWS\System32\PSAPI.DLL
0x00007fff95c40000 - 0x00007fff95c5b000 	C:\WINDOWS\SYSTEM32\CRYPTSP.dll
0x00007fff952f0000 - 0x00007fff95329000 	C:\WINDOWS\system32\rsaenh.dll
0x00007fff95a00000 - 0x00007fff95a34000 	C:\WINDOWS\SYSTEM32\USERENV.dll
0x00007fff965b0000 - 0x00007fff965da000 	C:\WINDOWS\SYSTEM32\bcrypt.dll
0x00007fff95c60000 - 0x00007fff95c6c000 	C:\WINDOWS\SYSTEM32\CRYPTBASE.dll
0x00007fff94d60000 - 0x00007fff94d93000 	C:\WINDOWS\SYSTEM32\IPHLPAPI.DLL
0x00007fff97ee0000 - 0x00007fff97eea000 	C:\WINDOWS\System32\NSI.dll
0x00007fff8b870000 - 0x00007fff8b879000 	C:\Users\Admin\.jdks\ms-21.0.12\bin\extnet.dll
0x00007fff80ff0000 - 0x00007fff80ffe000 	C:\Users\Admin\.jdks\ms-21.0.12\bin\sunmscapi.dll
0x00007fff96b90000 - 0x00007fff96d0e000 	C:\WINDOWS\System32\CRYPT32.dll
0x00007fff95e80000 - 0x00007fff95eb0000 	C:\WINDOWS\SYSTEM32\ncrypt.dll
0x00007fff95e30000 - 0x00007fff95e6f000 	C:\WINDOWS\SYSTEM32\NTASN1.dll
0x00007fff4e7c0000 - 0x00007fff4e7c8000 	C:\WINDOWS\system32\wshunix.dll
0x00007fff40820000 - 0x00007fff40838000 	C:\WINDOWS\system32\napinsp.dll
0x00007fff94df0000 - 0x00007fff94f48000 	C:\WINDOWS\SYSTEM32\DNSAPI.dll
0x00007fff95750000 - 0x00007fff9575d000 	C:\WINDOWS\SYSTEM32\DSPARSE.dll
0x00007fff40870000 - 0x00007fff40883000 	C:\WINDOWS\System32\winrnr.dll
0x00007fff40840000 - 0x00007fff40867000 	C:\WINDOWS\system32\nlansp_c.dll
0x00007fff64420000 - 0x00007fff64436000 	C:\WINDOWS\system32\wshbth.dll
0x00007fff841b0000 - 0x00007fff841bb000 	C:\Windows\System32\rasadhlp.dll
0x00007fff89230000 - 0x00007fff892b6000 	C:\WINDOWS\System32\fwpuclnt.dll
0x00007fff954c0000 - 0x00007fff954f6000 	C:\WINDOWS\SYSTEM32\ntmarta.dll
0x00007fff8fe60000 - 0x00007fff8fe7e000 	C:\Users\Admin\AppData\Local\Temp\native-platform6439506091699298892dir\native-platform.dll
0x00007fff8f530000 - 0x00007fff8f537000 	C:\Users\Admin\.jdks\ms-21.0.12\bin\rmi.dll

JVMTI agents:
C:\Users\Admin\.gradle\wrapper\dists\gradle-8.7-bin\bhs2wmbdwecv87pi65oeuq5iu\gradle-8.7\lib\agents\gradle-instrumentation-agent-8.7.jar path:C:\Users\Admin\.jdks\ms-21.0.12\bin\instrument.dll, loaded, initialized, instrumentlib options:none

dbghelp: loaded successfully - version: 4.0.5 - missing functions: none
symbol engine: initialized successfully - sym options: 0x614 - pdb path: .;C:\Users\Admin\.jdks\ms-21.0.12\bin;C:\WINDOWS\SYSTEM32;C:\WINDOWS\WinSxS\amd64_microsoft.windows.common-controls_6595b64144ccf1df_6.0.26100.9278_none_3e0d1ba8e3303201;C:\Users\Admin\.jdks\ms-21.0.12\bin\server;C:\Users\Admin\.gradle\native\c067742578af261105cb4f569cf0c3c89f3d7b1fecec35dd04571415982c5e48\windows-amd64;C:\Users\Admin\.gradle\native\38dada09dfb8b06ba9b0570ebf7e218e3eb74d4ef43ca46872605cf95ebc2f47\windows-amd64;C:\Users\Admin\AppData\Local\Temp\native-platform6439506091699298892dir

VM Arguments:
jvm_args: -XX:MaxMetaspaceSize=512m --add-opens=java.base/java.util=ALL-UNNAMED --add-opens=java.base/java.lang=ALL-UNNAMED --add-opens=java.base/java.lang.invoke=ALL-UNNAMED --add-opens=java.prefs/java.util.prefs=ALL-UNNAMED --add-opens=java.base/java.nio.charset=ALL-UNNAMED --add-opens=java.base/java.net=ALL-UNNAMED --add-opens=java.base/java.util.concurrent.atomic=ALL-UNNAMED -Xmx1024m -Dfile.encoding=UTF-8 -Duser.country=IN -Duser.language=en -Duser.variant -javaagent:C:\Users\Admin\.gradle\wrapper\dists\gradle-8.7-bin\bhs2wmbdwecv87pi65oeuq5iu\gradle-8.7\lib\agents\gradle-instrumentation-agent-8.7.jar 
java_command: org.gradle.launcher.daemon.bootstrap.GradleDaemon 8.7
java_class_path (initial): C:\Users\Admin\.gradle\wrapper\dists\gradle-8.7-bin\bhs2wmbdwecv87pi65oeuq5iu\gradle-8.7\lib\gradle-launcher-8.7.jar
Launcher Type: SUN_STANDARD

[Global flags]
     intx CICompilerCount                          = 4                                         {product} {ergonomic}
   size_t CompressedClassSpaceSize                 = 436207616                                 {product} {ergonomic}
     uint ConcGCThreads                            = 2                                         {product} {ergonomic}
     uint G1ConcRefinementThreads                  = 8                                         {product} {ergonomic}
   size_t G1HeapRegionSize                         = 1048576                                   {product} {ergonomic}
    uintx GCDrainStackTargetSize                   = 64                                        {product} {ergonomic}
   size_t InitialHeapSize                          = 400556032                                 {product} {ergonomic}
   size_t MarkStackSize                            = 4194304                                   {product} {ergonomic}
   size_t MaxHeapSize                              = 1073741824                                {product} {command line}
   size_t MaxMetaspaceSize                         = 536870912                                 {product} {command line}
   size_t MaxNewSize                               = 643825664                                 {product} {ergonomic}
   size_t MinHeapDeltaBytes                        = 1048576                                   {product} {ergonomic}
   size_t MinHeapSize                              = 8388608                                   {product} {ergonomic}
    uintx NonNMethodCodeHeapSize                   = 5839372                                {pd product} {ergonomic}
    uintx NonProfiledCodeHeapSize                  = 122909434                              {pd product} {ergonomic}
    uintx ProfiledCodeHeapSize                     = 122909434                              {pd product} {ergonomic}
    uintx ReservedCodeCacheSize                    = 251658240                              {pd product} {ergonomic}
     bool SegmentedCodeCache                       = true                                      {product} {ergonomic}
   size_t SoftMaxHeapSize                          = 1073741824                             {manageable} {ergonomic}
     bool UseCompressedOops                        = true                           {product lp64_product} {ergonomic}
     bool UseG1GC                                  = true                                      {product} {ergonomic}
     bool UseLargePagesIndividualAllocation        = false                                  {pd product} {ergonomic}

Logging:
Log output configuration:
 #0: stdout all=warning uptime,level,tags foldmultilines=false
 #1: stderr all=off uptime,level,tags foldmultilines=false

Release file:
IMPLEMENTOR="Microsoft" 
IMPLEMENTOR_VERSION="Microsoft-14653896" 
JAVA_RUNTIME_VERSION="21.0.12+8-LTS" 
JAVA_VERSION="21.0.12" 
JAVA_VERSION_DATE="2026-07-21" 
LIBC="default" 
MODULES="java.base java.compiler java.datatransfer java.xml java.prefs java.desktop java.instrument java.logging java.management java.security.sasl java.naming java.rmi java.management.rmi java.net.http java.scripting java.security.jgss java.transaction.xa java.sql java.sql.rowset java.xml.crypto java.se java.smartcardio jdk.accessibility jdk.internal.jvmstat jdk.attach jdk.charsets jdk.internal.opt jdk.zipfs jdk.compiler jdk.crypto.ec jdk.crypto.cryptoki jdk.crypto.mscapi jdk.dynalink jdk.internal.ed jdk.editpad jdk.hotspot.agent jdk.httpserver jdk.incubator.vector jdk.internal.le jdk.internal.vm.ci jdk.internal.vm.compiler jdk.internal.vm.compiler.management jdk.jartool jdk.javadoc jdk.jcmd jdk.management jdk.management.agent jdk.jconsole jdk.jdeps jdk.jdwp.agent jdk.jdi jdk.jfr jdk.jlink jdk.jpackage jdk.jshell jdk.jsobject jdk.jstatd jdk.localedata jdk.management.jfr jdk.naming.dns jdk.naming.rmi jdk.net jdk.nio.mapmode jdk.random jdk.sctp jdk.security.auth jdk.security.jgss jdk.unsupported jdk.unsupported.desktop jdk.xml.dom" 
OS_ARCH="x86_64" 
OS_NAME="Windows" 
SOURCE=".:git:ffd52e07a1a6" 

Environment Variables:
JAVA_HOME=C:\Program Files\Eclipse Adoptium\jdk-17.0.20.101-hotspot\
PATH=C:\Program Files\Eclipse Adoptium\jdk-17.0.20.101-hotspot\bin;C:\WINDOWS\system32;C:\WINDOWS;C:\WINDOWS\System32\Wbem;C:\WINDOWS\System32\WindowsPowerShell\v1.0\;C:\WINDOWS\System32\OpenSSH\;C:\Program Files\Intel\WiFi\bin\;C:\Program Files\Common Files\Intel\WirelessCommon\;C:\Program Files\Git\cmd;C:\WINDOWS\system32;C:\WINDOWS;C:\WINDOWS\System32\Wbem;C:\WINDOWS\System32\WindowsPowerShell\v1.0\;C:\WINDOWS\System32\OpenSSH\;C:\Program Files\Intel\WiFi\bin\;C:\Program Files\Common Files\Intel\WirelessCommon\;C:\Program Files\Git\cmd;C:\Users\Admin\AppData\Local\Microsoft\WindowsApps;;C:\Bazel;C:\Users\Admin\AppData\Local\Python\bin
USERNAME=Admin
OS=Windows_NT
PROCESSOR_IDENTIFIER=Intel64 Family 6 Model 142 Stepping 12, GenuineIntel
TMP=C:\Users\Admin\AppData\Local\Temp
TEMP=C:\Users\Admin\AppData\Local\Temp




Periodic native trim disabled

---------------  S Y S T E M  ---------------

OS:
 Windows 11 , 64 bit Build 26100 (10.0.26100.9444)
OS uptime: 1 days 20:21 hours

CPU: total 8 (initial active 8) (4 cores per cpu, 2 threads per core) family 6 model 142 stepping 12 microcode 0xde, cx8, cmov, fxsr, ht, mmx, 3dnowpref, sse, sse2, sse3, ssse3, sse4.1, sse4.2, popcnt, lzcnt, tsc, tscinvbit, avx, avx2, aes, erms, clmul, bmi1, bmi2, adx, fma, vzeroupper, clflush, clflushopt, rdtscp, f16c
Processor Information for the first 8 processors :
  Max Mhz: 1992, Current Mhz: 1792, Mhz Limit: 1792

Memory: 4k page, system-wide physical 24427M (7904M free)
TotalPageFile size 25963M (AvailPageFile size 6539M)
current process WorkingSet (physical memory assigned to process): 1286M, peak: 1310M
current process commit charge ("private bytes"): 1466M, peak: 1488M

vm_info: OpenJDK 64-Bit Server VM (21.0.12+8-LTS) for windows-amd64 JRE (21.0.12+8-LTS), built on 2026-07-14T17:50:36Z by "MicrosoftCorporation" with MS VC++ 17.14 (VS2022)

END.
