#
# A fatal error has been detected by the Java Runtime Environment:
#
#  EXCEPTION_ACCESS_VIOLATION (0xc0000005) at pc=0x00007ffd7174c94a, pid=7944, tid=10964
#
# JRE version: OpenJDK Runtime Environment Microsoft-14653896 (21.0.12+8) (build 21.0.12+8-LTS)
# Java VM: OpenJDK 64-Bit Server VM Microsoft-14653896 (21.0.12+8-LTS, mixed mode, sharing, tiered, compressed oops, compressed class ptrs, g1 gc, windows-amd64)
# Problematic frame:
# V  [jvm.dll+0x22c94a]
#
# No core dump will be written. Minidumps are not enabled by default on client versions of Windows
#
# If you would like to submit a bug report, please visit:
#   https://github.com/microsoft/openjdk/issues
#

---------------  S U M M A R Y ------------

Command Line: -XX:MaxMetaspaceSize=512m --add-opens=java.base/java.util=ALL-UNNAMED --add-opens=java.base/java.lang=ALL-UNNAMED --add-opens=java.base/java.lang.invoke=ALL-UNNAMED --add-opens=java.prefs/java.util.prefs=ALL-UNNAMED --add-opens=java.base/java.nio.charset=ALL-UNNAMED --add-opens=java.base/java.net=ALL-UNNAMED --add-opens=java.base/java.util.concurrent.atomic=ALL-UNNAMED -Xmx1024m -Dfile.encoding=UTF-8 -Duser.country=IN -Duser.language=en -Duser.variant -javaagent:C:\Users\Admin\.gradle\wrapper\dists\gradle-8.7-bin\bhs2wmbdwecv87pi65oeuq5iu\gradle-8.7\lib\agents\gradle-instrumentation-agent-8.7.jar org.gradle.launcher.daemon.bootstrap.GradleDaemon 8.7

Host: Intel(R) Core(TM) i7-8565U CPU @ 1.80GHz, 8 cores, 23G,  Windows 11 , 64 bit Build 26100 (10.0.26100.9444)
Time: Sat Oct  3 14:11:13 2026 India Standard Time elapsed time: 3667.009524 seconds (0d 1h 1m 7s)

---------------  T H R E A D  ---------------

Current thread (0x0000019c5826d940):  WorkerThread "G1 Conc#0"      [id=10964, stack(0x0000003984300000,0x0000003984400000) (1024K)]

Stack: [0x0000003984300000,0x0000003984400000],  sp=0x00000039843ffb40,  free space=1022k
Native frames: (J=compiled Java code, j=interpreted, Vv=VM code, C=native code)
V  [jvm.dll+0x22c94a]  (no source info available)
V  [jvm.dll+0x32946d]  (no source info available)
V  [jvm.dll+0x328855]  (no source info available)
V  [jvm.dll+0x348934]  (no source info available)
V  [jvm.dll+0x345221]  (no source info available)
V  [jvm.dll+0x346eac]  (no source info available)
V  [jvm.dll+0x345ae7]  (no source info available)
V  [jvm.dll+0x3493b6]  (no source info available)
V  [jvm.dll+0x8eedf1]  (no source info available)
V  [jvm.dll+0x86ba8d]  (no source info available)
V  [jvm.dll+0x6e21bd]  (no source info available)
C  [ucrtbase.dll+0x2cd30]  (no source info available)
C  [KERNEL32.DLL+0x2cd87]  (no source info available)
C  [ntdll.dll+0xacaec]  (no source info available)


siginfo: EXCEPTION_ACCESS_VIOLATION (0xc0000005), reading address 0x0000016f7c21b9d8


Registers:
RAX=0x0000019c02da5fa0, RBX=0x0000016f7c21b9b0, RCX=0x0000016f7c21b9b0, RDX=0x00000039843ffca0
RSP=0x00000039843ffb40, RBP=0x00000039843ffca0, RSI=0x0000019c00006e50, RDI=0x00000000c85961c0
R8 =0x0000000000000003, R9 =0x0000000000000000, R10=0x0000019c5823cbb0, R11=0x0000000000000003
R12=0x0000000000000000, R13=0xaaaaaaaaaaaaaaab, R14=0x00000000c8596150, R15=0x0000019c00006e50
RIP=0x00007ffd7174c94a, EFLAGS=0x0000000000010206

XMM[0]=0x0000000000000000 0x0000000000000000
XMM[1]=0x0000000000000000 0x0000000000000000
XMM[2]=0x0000000000000000 0x0000000000000000
XMM[3]=0x0000000000000000 0x0000000000000000
XMM[4]=0x0000000000000000 0x0000000000000000
XMM[5]=0x0000000000000000 0x0000000000000000
XMM[6]=0x0000000000000000 0x3ff21cdb1a8fe7b0
XMM[7]=0x0000000000000000 0x408f400000000000
XMM[8]=0x0000000000000000 0x0000000000000000
XMM[9]=0x0000000000000000 0x0000000000000000
XMM[10]=0x0000000000000000 0x0000000000000000
XMM[11]=0x0000000000000000 0x0000000000000000
XMM[12]=0x0000000000000000 0x0000000000000000
XMM[13]=0x0000000000000000 0x0000000000000000
XMM[14]=0x0000000000000000 0x0000000000000000
XMM[15]=0x0000000000000000 0x0000000000000000
  MXCSR=0x00001fa0


Register to memory mapping:

RAX=0x0000019c02da5fa0 is pointing into metadata
RBX=0x0000016f7c21b9b0 is an unknown value
RCX=0x0000016f7c21b9b0 is an unknown value
RDX=0x00000039843ffca0 points into unknown readable memory: 0x00007ffd71f60e68 | 68 0e f6 71 fd 7f 00 00
RSP=0x00000039843ffb40 points into unknown readable memory: 0x00000000c85961c0 | c0 61 59 c8 00 00 00 00
RBP=0x00000039843ffca0 points into unknown readable memory: 0x00007ffd71f60e68 | 68 0e f6 71 fd 7f 00 00
RSI={method} {0x0000019c00006e58} 'toString' '()Ljava/lang/String;' in 'java/lang/Class'
RDI=0x00000000c85961c0 is an oop: [Ljava.lang.Object; 
{0x00000000c85961c0} - klass: 'java/lang/Object'[]
 - length: 26
R8 =0x0000000000000003 is an unknown value
R9 =0x0 is null
R10=0x0000019c5823cbb0 points into unknown readable memory: 0x00007ffd71f5f308 | 08 f3 f5 71 fd 7f 00 00
R11=0x0000000000000003 is an unknown value
R12=0x0 is null
R13=0xaaaaaaaaaaaaaaab is an unknown value
R14=0x00000000c8596150 is an oop: java.lang.Class 
{0x00000000c8596150} - klass: 'java/lang/Class'
 - ---- fields (total size 14 words):
 - private volatile transient 'classRedefinedCount' 'I' @12  0 (0x00000000)
 - injected 'klass' 'J' @16  1769574391712 (0x0000019c02da5fa0)
 - injected 'array_klass' 'J' @24  0 (0x0000000000000000)
 - injected 'oop_size' 'I' @32  14 (0x0000000e)
 - injected 'static_oop_field_count' 'I' @36  0 (0x00000000)
 - private volatile transient 'cachedConstructor' 'Ljava/lang/reflect/Constructor;' @40  null (0x00000000)
 - private transient 'name' 'Ljava/lang/String;' @44  null (0x00000000)
 - private transient 'module' 'Ljava/lang/Module;' @48  a 'java/lang/Module'{0x00000000c3734de0} (0xc3734de0)
 - private final 'classLoader' 'Ljava/lang/ClassLoader;' @52  a 'org/gradle/internal/classloader/VisitableURLClassLoader$InstrumentingVisitableURLClassLoader'{0x00000000c650f7f8} (0xc650f7f8)
 - private transient 'classData' 'Ljava/lang/Object;' @56  null (0x00000000)
 - private transient 'packageName' 'Ljava/lang/String;' @60  null (0x00000000)
 - private final 'componentType' 'Ljava/lang/Class;' @64  a 'java/lang/Class'{0x00000000c85960d8} = 'com/android/tools/r8/graph/J0$b$a' (0xc85960d8)
 - private volatile transient 'reflectionData' 'Ljava/lang/ref/SoftReference;' @68  null (0x00000000)
 - private volatile transient 'genericInfo' 'Lsun/reflect/generics/repository/ClassRepository;' @72  null (0x00000000)
 - private volatile transient 'enumConstants' '[Ljava/lang/Object;' @76  null (0x00000000)
 - private volatile transient 'enumConstantDirectory' 'Ljava/util/Map;' @80  null (0x00000000)
 - private volatile transient 'annotationData' 'Ljava/lang/Class$AnnotationData;' @84  null (0x00000000)
 - private volatile transient 'annotationType' 'Lsun/reflect/annotation/AnnotationType;' @88  null (0x00000000)
 - transient 'classValueMap' 'Ljava/lang/ClassValue$ClassValueMap;' @92  null (0x00000000)
 - injected 'protection_domain' 'Ljava/lang/Object;' @96  null (0x00000000)
 - injected 'signers_name' 'Ljava/lang/Object;' @100  null (0x00000000)
 - injected 'source_file' 'Ljava/lang/Object;' @104  null (0x00000000)
 - injected '<init_lock>' 'Ljava/lang/Object;' @108  null (0x00000000)
 - signature: [Lcom/android/tools/r8/graph/J0$b$a;
R15={method} {0x0000019c00006e58} 'toString' '()Ljava/lang/String;' in 'java/lang/Class'

Top of Stack: (sp=0x00000039843ffb40)
0x00000039843ffb40:   00000000c85961c0 00007ffd7184946d   .aY.....m..q....
0x00000039843ffb50:   00000000c8596190 00007ffd7184934d   .aY.....M..q....
0x00000039843ffb60:   00000000c85960b0 0000019c0003df90   .`Y.............
0x00000039843ffb70:   00000039843ffc80 0000000000000000   ..?.9...........
0x00000039843ffb80:   0000019c00006b50 00007ffd71848855   Pk......U..q....
0x00000039843ffb90:   000000000000000e 00000039843ffca0   ..........?.9...
0x00000039843ffba0:   00000000c8596150 0000000000000000   PaY.............
0x00000039843ffbb0:   000000000000d8c0 00007ffd71868934   ........4..q....
0x00000039843ffbc0:   00000000c8596150 0000019c58264330   PaY.....0C&X....
0x00000039843ffbd0:   0000019c5827e4c0 00007ffd71bfc17c   ..'X....|..q....
0x00000039843ffbe0:   00000039843ffc80 00007ffd71865221   ..?.9...!R.q....
0x00000039843ffbf0:   00000000010b2c2a 00000000c8596150   *,......PaY.....
0x00000039843ffc00:   0000019c58264330 00000039843ffc80   0C&X......?.9...
0x00000039843ffc10:   00000000010bfffc 00007ffd71866eac   .........n.q....
0x00000039843ffc20:   00000000c85960d8 00000000010b2c2a   .`Y.....*,......
0x00000039843ffc30:   000000000d693a40 000000000017d784   @:i.............
0x00000039843ffc40:   0000000000000001 0000000000000000   ................
0x00000039843ffc50:   0000019c5827e4c0 00007ffd71865ae7   ..'X.....Z.q....
0x00000039843ffc60:   0000019c5827e558 0000019c5823c601   X.'X......#X....
0x00000039843ffc70:   0000019c5827e558 0000019c5827e558   X.'X....X.'X....
0x00000039843ffc80:   0000019c58264320 0000019c5827e4c0    C&X......'X....
0x00000039843ffc90:   00000000c8500000 000000000001fffc   ..P.............
0x00000039843ffca0:   00007ffd71f60e68 0000019c739f1f90   h..q.......s....
0x00000039843ffcb0:   00007ffd00000003 0000019c5823cbb0   ..........#X....
0x00000039843ffcc0:   0000019c5827e4c0 00007ffd71bfc17c   ..'X....|..q....
0x00000039843ffcd0:   c215b08487a59eb8 0000000000000000   ................
0x00000039843ffce0:   0000000000000000 0000000000000000   ................
0x00000039843ffcf0:   0000019c5826e860 00000039842ff4b0   `.&X....../.9...
0x00000039843ffd00:   0000019c5826e870 0000000000000001   p.&X............
0x00000039843ffd10:   0000019c5827e590 00007ffd718693b6   ..'X.......q....
0x00000039843ffd20:   0000000d16ade5eb 0000019c5823c630   ........0.#X....
0x00000039843ffd30:   0000019c5827e4c0 0000000000000001   ..'X............

Instructions: (pc=0x00007ffd7174c94a)
0x00007ffd7174c84a:   48 8b 89 a8 08 00 00 e8 fa eb dd ff 84 c0 75 13
0x00007ffd7174c85a:   48 8b c3 48 8b 5c 24 30 48 8b 74 24 38 48 83 c4
0x00007ffd7174c86a:   20 5f c3 48 8b d3 48 8b ce e8 f8 f4 dd ff 48 8b
0x00007ffd7174c87a:   c8 48 3b c3 74 08 48 8b c3 f0 48 0f b1 0f 48 8b
0x00007ffd7174c88a:   5c 24 30 48 8b c1 48 8b 74 24 38 48 83 c4 20 5f
0x00007ffd7174c89a:   c3 cc cc cc cc cc 48 89 6c 24 18 56 48 83 ec 20
0x00007ffd7174c8aa:   48 8b 29 48 8b f2 48 85 ed 74 78 8b 85 00 01 00
0x00007ffd7174c8ba:   00 48 89 7c 24 38 48 89 5c 24 30 85 c0 74 1d 48
0x00007ffd7174c8ca:   8b dd 8b f8 66 90 48 8b 06 48 8b d3 48 8b ce ff
0x00007ffd7174c8da:   50 08 48 83 c3 08 48 83 ef 01 75 ea 48 8b bd 08
0x00007ffd7174c8ea:   01 00 00 48 85 ff 74 31 8b 87 00 01 00 00 85 c0
0x00007ffd7174c8fa:   74 1b 48 8b df 8b e8 48 8b 06 48 8b d3 48 8b ce
0x00007ffd7174c90a:   ff 50 08 48 83 c3 08 48 83 ed 01 75 ea 48 8b bf
0x00007ffd7174c91a:   08 01 00 00 48 85 ff 75 cf 48 8b 5c 24 30 48 8b
0x00007ffd7174c92a:   7c 24 38 48 8b 6c 24 40 48 83 c4 20 5e c3 cc cc
0x00007ffd7174c93a:   cc cc cc cc cc cc 40 53 48 8b d9 45 85 c0 74 37
0x00007ffd7174c94a:   44 8b 59 28 45 8b d3 45 23 d0 45 3b d0 74 3b 0f
0x00007ffd7174c95a:   1f 80 00 00 00 00 41 8b cb 41 8b c3 41 0b c8 f0
0x00007ffd7174c96a:   0f b1 4b 28 74 11 44 8b 5b 28 41 8b c3 41 23 c0
0x00007ffd7174c97a:   41 3b c0 75 e1 5b c3 45 84 c9 74 04 c6 43 22 00
0x00007ffd7174c98a:   48 8d 4b 30 5b e9 0c ff ff ff 5b c3 cc cc cc cc
0x00007ffd7174c99a:   cc cc cc cc cc cc 48 8b 41 40 48 85 c0 74 09 48
0x00007ffd7174c9aa:   8b 49 40 e9 4e 8a 47 00 c3 cc cc cc cc cc cc cc
0x00007ffd7174c9ba:   cc cc cc cc cc cc 48 89 5c 24 08 57 48 83 ec 20
0x00007ffd7174c9ca:   80 79 20 00 48 8b fa 48 8b d9 75 50 48 8b 49 08
0x00007ffd7174c9da:   48 85 c9 74 47 ff 15 3b 16 a1 00 48 85 c0 74 3c
0x00007ffd7174c9ea:   4c 8b c3 48 8d 15 c4 4f 7f 00 48 8b cf e8 84 8b
0x00007ffd7174c9fa:   4b 00 48 8b 4b 08 48 85 c9 75 0e 33 c0 48 8b d7
0x00007ffd7174ca0a:   8b c8 e8 ff 17 4a 00 eb 58 ff 15 07 16 a1 00 48
0x00007ffd7174ca1a:   8b c8 48 8b d7 e8 ec 17 4a 00 eb 45 48 8b 8b 80
0x00007ffd7174ca2a:   00 00 00 48 85 c9 75 09 48 8d 05 6f 4f 7f 00 eb
0x00007ffd7174ca3a:   1b 48 8b 83 90 00 00 00 48 85 c0 74 0a 48 8b c8


Stack slot to memory mapping:

stack at sp + 0 slots: 0x00000000c85961c0 is an oop: [Ljava.lang.Object; 
{0x00000000c85961c0} - klass: 'java/lang/Object'[]
 - length: 26
stack at sp + 1 slots: 0x00007ffd7184946d jvm.dll
stack at sp + 2 slots: 0x00000000c8596190 is pointing into object: java.lang.Class 
{0x00000000c8596150} - klass: 'java/lang/Class'
 - ---- fields (total size 14 words):
 - private volatile transient 'classRedefinedCount' 'I' @12  0 (0x00000000)
 - injected 'klass' 'J' @16  1769574391712 (0x0000019c02da5fa0)
 - injected 'array_klass' 'J' @24  0 (0x0000000000000000)
 - injected 'oop_size' 'I' @32  14 (0x0000000e)
 - injected 'static_oop_field_count' 'I' @36  0 (0x00000000)
 - private volatile transient 'cachedConstructor' 'Ljava/lang/reflect/Constructor;' @40  null (0x00000000)
 - private transient 'name' 'Ljava/lang/String;' @44  null (0x00000000)
 - private transient 'module' 'Ljava/lang/Module;' @48  a 'java/lang/Module'{0x00000000c3734de0} (0xc3734de0)
 - private final 'classLoader' 'Ljava/lang/ClassLoader;' @52  a 'org/gradle/internal/classloader/VisitableURLClassLoader$InstrumentingVisitableURLClassLoader'{0x00000000c650f7f8} (0xc650f7f8)
 - private transient 'classData' 'Ljava/lang/Object;' @56  null (0x00000000)
 - private transient 'packageName' 'Ljava/lang/String;' @60  null (0x00000000)
 - private final 'componentType' 'Ljava/lang/Class;' @64  a 'java/lang/Class'{0x00000000c85960d8} = 'com/android/tools/r8/graph/J0$b$a' (0xc85960d8)
 - private volatile transient 'reflectionData' 'Ljava/lang/ref/SoftReference;' @68  null (0x00000000)
 - private volatile transient 'genericInfo' 'Lsun/reflect/generics/repository/ClassRepository;' @72  null (0x00000000)
 - private volatile transient 'enumConstants' '[Ljava/lang/Object;' @76  null (0x00000000)
 - private volatile transient 'enumConstantDirectory' 'Ljava/util/Map;' @80  null (0x00000000)
 - private volatile transient 'annotationData' 'Ljava/lang/Class$AnnotationData;' @84  null (0x00000000)
 - private volatile transient 'annotationType' 'Lsun/reflect/annotation/AnnotationType;' @88  null (0x00000000)
 - transient 'classValueMap' 'Ljava/lang/ClassValue$ClassValueMap;' @92  null (0x00000000)
 - injected 'protection_domain' 'Ljava/lang/Object;' @96  null (0x00000000)
 - injected 'signers_name' 'Ljava/lang/Object;' @100  null (0x00000000)
 - injected 'source_file' 'Ljava/lang/Object;' @104  null (0x00000000)
 - injected '<init_lock>' 'Ljava/lang/Object;' @108  null (0x00000000)
 - signature: [Lcom/android/tools/r8/graph/J0$b$a;
stack at sp + 3 slots: 0x00007ffd7184934d jvm.dll
stack at sp + 4 slots: 0x00000000c85960b0 is pointing into object: [Ljava.lang.Object; 
{0x00000000c8596068} - klass: 'java/lang/Object'[]
 - length: 24
stack at sp + 5 slots: 0x0000019c0003df90 is a pointer to class: 
java.lang.ref.SoftReference {0x0000019c0003df98}
 - instance size:     5
 - klass size:        73
 - access:            public synchronized 
 - flags:             rewritten has_nonstatic_fields is_shared_boot_class has_localvariable_table 
 - state:             fully_initialized
 - name:              'java/lang/ref/SoftReference'
 - super:             'java/lang/ref/Reference'
 - sub:               'java/util/ResourceBundle$BundleReference'   'com/google/common/cache/LocalCache$SoftValueReference'   'org/jetbrains/kotlin/com/intellij/util/containers/ConcurrentSoftKeySoftValueHashMap$SoftKey'   'org/jetbrains/kotlin/com/intellij/util/containers/ConcurrentSoftValueHashMap$MySoftReference'   (12 more klasses...)
 - arrays:            'java/lang/ref/SoftReference'[]
 - methods:           Array<T>(0x0000019c00678a80)
 - method ordering:   Array<T>(0x0000019c00678b80)
 - local interfaces:  Array<T>(0x0000019c00611aa0)
 - trans. interfaces: Array<T>(0x0000019c00611aa0)
 - secondary supers: Array<T>(0x0000019c006115f0)
 - hash_slot:         35
 - bitmap:            0x0000000000000000
 - constants:         constant pool [47] {0x0000019c006788b8} for 'java/lang/ref/SoftReference' cache=0x0000019c0003e268
 - class loader data:  loader data: 0x0000019c73a1bc60 of 'bootstrap'
 - source file:       'SoftReference.java'
 - generic signature: '<T:Ljava/lang/Object;>Ljava/lang/ref/Reference<TT;>;'
 - inner classes:     Array<T>(0x0000019c00611a28)
 - nest members:     Array<T>(0x0000019c00611a28)
 - permitted subclasses:     Array<T>(0x0000019c00611a28)
 - java mirror:       a 'java/lang/Class'{0x00000000c29afc20} = 'java/lang/ref/SoftReference'
 - vtable length      12  (start addr: 0x0000019c0003e160)
 - itable length      2 (start addr: 0x0000019c0003e1c0)
 - ---- static fields (1 words):
 - private static 'clock' 'J' @112 
 - ---- non-static fields (7 words):
 - private 'referent' 'Ljava/lang/Object;' @12 
 - volatile 'queue' 'Ljava/lang/ref/ReferenceQueue;' @16 
 - volatile 'next' 'Ljava/lang/ref/Reference;' @20 
 - private transient 'discovered' 'Ljava/lang/ref/Reference;' @24 
 - private 'timestamp' 'J' @32 
 - non-static oop maps: 16-20 
stack at sp + 6 slots: 0x00000039843ffc80 points into unknown readable memory: 0x0000019c58264320 | 20 43 26 58 9c 01 00 00
stack at sp + 7 slots: 0x0 is null


---------------  P R O C E S S  ---------------

Threads class SMR info:
_java_thread_list=0x0000019c2084b6b0, length=81, elements={
0x0000019c55e85a50, 0x0000019c73b9fcd0, 0x0000019c73ba0830, 0x0000019c73ba5c70,
0x0000019c73ba6a60, 0x0000019c73bafcc0, 0x0000019c73bb1730, 0x0000019c73bb6740,
0x0000019c73bd1fa0, 0x0000019c73d62110, 0x0000019c73e53d50, 0x0000019c79e2d6f0,
0x0000019c79f0be60, 0x0000019c78cefad0, 0x0000019c799d9d70, 0x0000019c799db7b0,
0x0000019c799dc4d0, 0x0000019c799d9050, 0x0000019c79f4a210, 0x0000019c79f4c2e0,
0x0000019c79f4c970, 0x0000019c79f4d000, 0x0000019c79f4d690, 0x0000019c79f4af30,
0x0000019c79f4dd20, 0x0000019c79f4a8a0, 0x0000019c79f4e3b0, 0x0000019c79f50b10,
0x0000019c7904d6e0, 0x0000019c2394aee0, 0x0000019c20c4c890, 0x0000019c20c4e2d0,
0x0000019c20c4e960, 0x0000019c2171e7a0, 0x0000019c22d496f0, 0x0000019c31228080,
0x0000019c31228710, 0x0000019c31225290, 0x0000019c31228da0, 0x0000019c31225fb0,
0x0000019c31225920, 0x0000019c31229430, 0x0000019c3318ff90, 0x0000019c33191340,
0x0000019c312279f0, 0x0000019c2367bbf0, 0x0000019c3265bdb0, 0x0000019c331919d0,
0x0000019c33193aa0, 0x0000019c38190ae0, 0x0000019c3265e510, 0x0000019c3265c440,
0x0000019c3265d7f0, 0x0000019c3265b090, 0x0000019c3265b720, 0x0000019c3265f230,
0x0000019c32662020, 0x0000019c32661300, 0x0000019c39f48e50, 0x0000019c1b24fe60,
0x0000019c326605e0, 0x0000019c33190620, 0x0000019c331926f0, 0x0000019c33194130,
0x0000019c33190cb0, 0x0000019c331947c0, 0x0000019c331954e0, 0x0000019c33192060,
0x0000019c33196f20, 0x0000019c3265eba0, 0x0000019c32660c70, 0x0000019c326626b0,
0x0000019c32662d40, 0x0000019c21c1b7f0, 0x0000019c21c19090, 0x0000019c21c18a00,
0x0000019c1b1902e0, 0x0000019c1b193760, 0x0000019c317922b0, 0x0000019c3265f8c0,
0x0000019c22d49060
}

Java Threads: ( => current thread )
  0x0000019c55e85a50 JavaThread "main"                              [_thread_blocked, id=948, stack(0x0000003984000000,0x0000003984100000) (1024K)]
  0x0000019c73b9fcd0 JavaThread "Reference Handler"          daemon [_thread_blocked, id=4660, stack(0x0000003984800000,0x0000003984900000) (1024K)]
  0x0000019c73ba0830 JavaThread "Finalizer"                  daemon [_thread_blocked, id=2824, stack(0x0000003984900000,0x0000003984a00000) (1024K)]
  0x0000019c73ba5c70 JavaThread "Signal Dispatcher"          daemon [_thread_blocked, id=2696, stack(0x0000003984a00000,0x0000003984b00000) (1024K)]
  0x0000019c73ba6a60 JavaThread "Attach Listener"            daemon [_thread_blocked, id=4788, stack(0x0000003984b00000,0x0000003984c00000) (1024K)]
  0x0000019c73bafcc0 JavaThread "Service Thread"             daemon [_thread_blocked, id=8856, stack(0x0000003984c00000,0x0000003984d00000) (1024K)]
  0x0000019c73bb1730 JavaThread "Monitor Deflation Thread"   daemon [_thread_blocked, id=4932, stack(0x0000003984d00000,0x0000003984e00000) (1024K)]
  0x0000019c73bb6740 JavaThread "C2 CompilerThread0"         daemon [_thread_blocked, id=4040, stack(0x0000003984e00000,0x0000003984f00000) (1024K)]
  0x0000019c73bd1fa0 JavaThread "C1 CompilerThread0"         daemon [_thread_blocked, id=15248, stack(0x0000003984f00000,0x0000003985000000) (1024K)]
  0x0000019c73d62110 JavaThread "Common-Cleaner"             daemon [_thread_blocked, id=2856, stack(0x0000003985100000,0x0000003985200000) (1024K)]
  0x0000019c73e53d50 JavaThread "Notification Thread"        daemon [_thread_blocked, id=14720, stack(0x0000003985200000,0x0000003985300000) (1024K)]
  0x0000019c79e2d6f0 JavaThread "Daemon health stats"               [_thread_blocked, id=12792, stack(0x0000003985a00000,0x0000003985b00000) (1024K)]
  0x0000019c79f0be60 JavaThread "Incoming local TCP Connector on port 61032"        [_thread_in_native, id=8260, stack(0x0000003985b00000,0x0000003985c00000) (1024K)]
  0x0000019c78cefad0 JavaThread "Daemon periodic checks"            [_thread_blocked, id=2748, stack(0x0000003985c00000,0x0000003985d00000) (1024K)]
  0x0000019c799d9d70 JavaThread "Cache worker for journal cache (C:\Users\Admin\.gradle\caches\journal-1)"        [_thread_blocked, id=11104, stack(0x0000003986400000,0x0000003986500000) (1024K)]
  0x0000019c799db7b0 JavaThread "File lock request listener"        [_thread_in_native, id=7456, stack(0x0000003986500000,0x0000003986600000) (1024K)]
  0x0000019c799dc4d0 JavaThread "Cache worker for file hash cache (C:\Users\Admin\.gradle\caches\8.7\fileHashes)"        [_thread_blocked, id=1656, stack(0x0000003986600000,0x0000003986700000) (1024K)]
  0x0000019c799d9050 JavaThread "File watcher server"        daemon [_thread_in_native, id=13192, stack(0x0000003986a00000,0x0000003986b00000) (1024K)]
  0x0000019c79f4a210 JavaThread "File watcher consumer"      daemon [_thread_blocked, id=16012, stack(0x0000003986b00000,0x0000003986c00000) (1024K)]
  0x0000019c79f4c2e0 JavaThread "jar transforms"                    [_thread_blocked, id=8556, stack(0x0000003986c00000,0x0000003986d00000) (1024K)]
  0x0000019c79f4c970 JavaThread "jar transforms Thread 2"           [_thread_blocked, id=2452, stack(0x0000003986d00000,0x0000003986e00000) (1024K)]
  0x0000019c79f4d000 JavaThread "jar transforms Thread 3"           [_thread_blocked, id=4680, stack(0x0000003986e00000,0x0000003986f00000) (1024K)]
  0x0000019c79f4d690 JavaThread "jar transforms Thread 4"           [_thread_blocked, id=11308, stack(0x0000003986f00000,0x0000003987000000) (1024K)]
  0x0000019c79f4af30 JavaThread "jar transforms Thread 5"           [_thread_blocked, id=8732, stack(0x0000003987000000,0x0000003987100000) (1024K)]
  0x0000019c79f4dd20 JavaThread "jar transforms Thread 6"           [_thread_blocked, id=8532, stack(0x0000003987100000,0x0000003987200000) (1024K)]
  0x0000019c79f4a8a0 JavaThread "jar transforms Thread 7"           [_thread_blocked, id=1556, stack(0x0000003987200000,0x0000003987300000) (1024K)]
  0x0000019c79f4e3b0 JavaThread "jar transforms Thread 8"           [_thread_blocked, id=14356, stack(0x0000003987300000,0x0000003987400000) (1024K)]
  0x0000019c79f50b10 JavaThread "Cache worker for file content cache (C:\Users\Admin\.gradle\caches\8.7\fileContent)"        [_thread_blocked, id=6692, stack(0x0000003987600000,0x0000003987700000) (1024K)]
  0x0000019c7904d6e0 JavaThread "Memory manager"                    [_thread_blocked, id=9604, stack(0x0000003988f00000,0x0000003989000000) (1024K)]
  0x0000019c2394aee0 JavaThread "RMI Scheduler(0)"           daemon [_thread_blocked, id=11904, stack(0x000000398e600000,0x000000398e700000) (1024K)]
  0x0000019c20c4c890 JavaThread "RMI GC Daemon"              daemon [_thread_blocked, id=13268, stack(0x000000398e800000,0x000000398e900000) (1024K)]
  0x0000019c20c4e2d0 JavaThread "RMI TCP Accept-0"           daemon [_thread_in_native, id=6780, stack(0x000000398e900000,0x000000398ea00000) (1024K)]
  0x0000019c20c4e960 JavaThread "RMI Reaper"                        [_thread_blocked, id=6276, stack(0x000000398ea00000,0x000000398eb00000) (1024K)]
  0x0000019c2171e7a0 JavaThread "Cache worker for Java compile cache (C:\Users\Admin\.gradle\caches\8.7\javaCompile)"        [_thread_blocked, id=16560, stack(0x0000003986900000,0x0000003986a00000) (1024K)]
  0x0000019c22d496f0 JavaThread "Daemon Thread 5"                   [_thread_blocked, id=16956, stack(0x0000003983d00000,0x0000003983e00000) (1024K)]
  0x0000019c31228080 JavaThread "Handler for socket connection from /127.0.0.1:61032 to /127.0.0.1:61879"        [_thread_in_native, id=1916, stack(0x0000003983e00000,0x0000003983f00000) (1024K)]
  0x0000019c31228710 JavaThread "Cancel handler"                    [_thread_blocked, id=7380, stack(0x0000003983f00000,0x0000003984000000) (1024K)]
  0x0000019c31225290 JavaThread "Daemon worker Thread 5"            [_thread_in_native, id=12940, stack(0x0000003985000000,0x0000003985100000) (1024K)]
  0x0000019c31228da0 JavaThread "Asynchronous log dispatcher for DefaultDaemonConnection: socket connection from /127.0.0.1:61032 to /127.0.0.1:61879"        [_thread_blocked, id=18756, stack(0x0000003985d00000,0x0000003985e00000) (1024K)]
  0x0000019c31225fb0 JavaThread "Stdin handler"                     [_thread_blocked, id=18752, stack(0x0000003985e00000,0x0000003985f00000) (1024K)]
  0x0000019c31225920 JavaThread "Daemon client event forwarder"        [_thread_blocked, id=18836, stack(0x0000003985f00000,0x0000003986000000) (1024K)]
  0x0000019c31229430 JavaThread "Cache worker for file hash cache (E:\GIT\AopayProject\AOPAY-FinanceAndroidApplication\.gradle\8.7\fileHashes)"        [_thread_blocked, id=18984, stack(0x0000003986200000,0x0000003986300000) (1024K)]
  0x0000019c3318ff90 JavaThread "Cache worker for checksums cache (E:\GIT\AopayProject\AOPAY-FinanceAndroidApplication\.gradle\8.7\checksums)"        [_thread_blocked, id=5224, stack(0x0000003986100000,0x0000003986200000) (1024K)]
  0x0000019c33191340 JavaThread "Cache worker for cache directory md-supplier (C:\Users\Admin\.gradle\caches\8.7\md-supplier)"        [_thread_blocked, id=12888, stack(0x0000003986300000,0x0000003986400000) (1024K)]
  0x0000019c312279f0 JavaThread "Cache worker for cache directory md-rule (C:\Users\Admin\.gradle\caches\8.7\md-rule)"        [_thread_blocked, id=16464, stack(0x0000003986700000,0x0000003986800000) (1024K)]
  0x0000019c2367bbf0 JavaThread "Unconstrained build operations"        [_thread_blocked, id=18920, stack(0x0000003987500000,0x0000003987600000) (1024K)]
  0x0000019c3265bdb0 JavaThread "Unconstrained build operations Thread 2"        [_thread_blocked, id=13336, stack(0x0000003987700000,0x0000003987800000) (1024K)]
  0x0000019c331919d0 JavaThread "Unconstrained build operations Thread 3"        [_thread_blocked, id=16552, stack(0x0000003987800000,0x0000003987900000) (1024K)]
  0x0000019c33193aa0 JavaThread "Unconstrained build operations Thread 4"        [_thread_blocked, id=16436, stack(0x0000003987900000,0x0000003987a00000) (1024K)]
  0x0000019c38190ae0 JavaThread "Unconstrained build operations Thread 5"        [_thread_blocked, id=18100, stack(0x0000003986000000,0x0000003986100000) (1024K)]
  0x0000019c3265e510 JavaThread "Cache worker for Build Output Cleanup Cache (E:\GIT\AopayProject\AOPAY-FinanceAndroidApplication\.gradle\buildOutputCleanup)"        [_thread_blocked, id=7812, stack(0x0000003987b00000,0x0000003987c00000) (1024K)]
  0x0000019c3265c440 JavaThread "Unconstrained build operations Thread 6"        [_thread_blocked, id=14928, stack(0x0000003987c00000,0x0000003987d00000) (1024K)]
  0x0000019c3265d7f0 JavaThread "Unconstrained build operations Thread 7"        [_thread_blocked, id=1456, stack(0x0000003987d00000,0x0000003987e00000) (1024K)]
  0x0000019c3265b090 JavaThread "Unconstrained build operations Thread 8"        [_thread_blocked, id=5784, stack(0x0000003987e00000,0x0000003987f00000) (1024K)]
  0x0000019c3265b720 JavaThread "Unconstrained build operations Thread 9"        [_thread_blocked, id=7460, stack(0x0000003987f00000,0x0000003988000000) (1024K)]
  0x0000019c3265f230 JavaThread "Unconstrained build operations Thread 10"        [_thread_blocked, id=9660, stack(0x0000003988000000,0x0000003988100000) (1024K)]
  0x0000019c32662020 JavaThread "Unconstrained build operations Thread 11"        [_thread_blocked, id=10888, stack(0x0000003988100000,0x0000003988200000) (1024K)]
  0x0000019c32661300 JavaThread "Unconstrained build operations Thread 12"        [_thread_blocked, id=1060, stack(0x0000003988200000,0x0000003988300000) (1024K)]
  0x0000019c39f48e50 JavaThread "build event listener"              [_thread_blocked, id=4852, stack(0x0000003988300000,0x0000003988400000) (1024K)]
  0x0000019c1b24fe60 JavaThread "C2 CompilerThread1"         daemon [_thread_blocked, id=17588, stack(0x0000003987400000,0x0000003987500000) (1024K)]
  0x0000019c326605e0 JavaThread "included builds"                   [_thread_blocked, id=14380, stack(0x0000003988400000,0x0000003988500000) (1024K)]
  0x0000019c33190620 JavaThread "Execution worker"                  [_thread_blocked, id=340, stack(0x0000003988500000,0x0000003988600000) (1024K)]
  0x0000019c331926f0 JavaThread "Execution worker Thread 2"         [_thread_blocked, id=1296, stack(0x0000003988600000,0x0000003988700000) (1024K)]
  0x0000019c33194130 JavaThread "Execution worker Thread 3"         [_thread_blocked, id=11084, stack(0x0000003988700000,0x0000003988800000) (1024K)]
  0x0000019c33190cb0 JavaThread "Execution worker Thread 4"         [_thread_blocked, id=16136, stack(0x0000003988800000,0x0000003988900000) (1024K)]
  0x0000019c331947c0 JavaThread "Execution worker Thread 5"         [_thread_blocked, id=9832, stack(0x0000003988900000,0x0000003988a00000) (1024K)]
  0x0000019c331954e0 JavaThread "Execution worker Thread 6"         [_thread_blocked, id=17020, stack(0x0000003988a00000,0x0000003988b00000) (1024K)]
  0x0000019c33192060 JavaThread "Execution worker Thread 7"         [_thread_blocked, id=17680, stack(0x0000003988b00000,0x0000003988c00000) (1024K)]
  0x0000019c33196f20 JavaThread "Cache worker for execution history cache (E:\GIT\AopayProject\AOPAY-FinanceAndroidApplication\.gradle\8.7\executionHistory)"        [_thread_blocked, id=3440, stack(0x0000003988c00000,0x0000003988d00000) (1024K)]
  0x0000019c3265eba0 JavaThread "idea-tooling-model-converter"        [_thread_blocked, id=17744, stack(0x0000003988d00000,0x0000003988e00000) (1024K)]
  0x0000019c32660c70 JavaThread "Unconstrained build operations Thread 13"        [_thread_blocked, id=14348, stack(0x0000003988e00000,0x0000003988f00000) (1024K)]
  0x0000019c326626b0 JavaThread "Unconstrained build operations Thread 14"        [_thread_blocked, id=3900, stack(0x0000003989000000,0x0000003989100000) (1024K)]
  0x0000019c32662d40 JavaThread "Unconstrained build operations Thread 15"        [_thread_blocked, id=16844, stack(0x0000003989100000,0x0000003989200000) (1024K)]
  0x0000019c21c1b7f0 JavaThread "Unconstrained build operations Thread 16"        [_thread_blocked, id=10908, stack(0x0000003989200000,0x0000003989300000) (1024K)]
  0x0000019c21c19090 JavaThread "Unconstrained build operations Thread 17"        [_thread_blocked, id=18816, stack(0x0000003989300000,0x0000003989400000) (1024K)]
  0x0000019c21c18a00 JavaThread "Unconstrained build operations Thread 18"        [_thread_blocked, id=17920, stack(0x0000003989400000,0x0000003989500000) (1024K)]
  0x0000019c1b1902e0 JavaThread "Unconstrained build operations Thread 19"        [_thread_blocked, id=7996, stack(0x0000003989500000,0x0000003989600000) (1024K)]
  0x0000019c1b193760 JavaThread "Unconstrained build operations Thread 20"        [_thread_blocked, id=9988, stack(0x0000003989600000,0x0000003989700000) (1024K)]
  0x0000019c317922b0 JavaThread "C2 CompilerThread2"         daemon [_thread_in_native, id=3044, stack(0x0000003987a00000,0x0000003987b00000) (1024K)]
  0x0000019c3265f8c0 JavaThread "Unconstrained build operations Thread 21"        [_thread_blocked, id=1664, stack(0x0000003989700000,0x0000003989800000) (1024K)]
  0x0000019c22d49060 JavaThread "Unconstrained build operations Thread 22"        [_thread_blocked, id=11116, stack(0x0000003989800000,0x0000003989900000) (1024K)]
Total: 81

Other Threads:
  0x0000019c73af7180 VMThread "VM Thread"                           [id=8516, stack(0x0000003984700000,0x0000003984800000) (1024K)]
  0x0000019c73ae90b0 WatcherThread "VM Periodic Task Thread"        [id=9160, stack(0x0000003984600000,0x0000003984700000) (1024K)]
  0x0000019c58263d10 WorkerThread "GC Thread#0"                     [id=3240, stack(0x0000003984100000,0x0000003984200000) (1024K)]
  0x0000019c73af5b60 WorkerThread "GC Thread#1"                     [id=3936, stack(0x0000003985300000,0x0000003985400000) (1024K)]
  0x0000019c73af7530 WorkerThread "GC Thread#2"                     [id=16324, stack(0x0000003985400000,0x0000003985500000) (1024K)]
  0x0000019c73af6dd0 WorkerThread "GC Thread#3"                     [id=1344, stack(0x0000003985500000,0x0000003985600000) (1024K)]
  0x0000019c73af5f10 WorkerThread "GC Thread#4"                     [id=8500, stack(0x0000003985600000,0x0000003985700000) (1024K)]
  0x0000019c73af62c0 WorkerThread "GC Thread#5"                     [id=5504, stack(0x0000003985700000,0x0000003985800000) (1024K)]
  0x0000019c73af6670 WorkerThread "GC Thread#6"                     [id=6340, stack(0x0000003985800000,0x0000003985900000) (1024K)]
  0x0000019c78878a20 WorkerThread "GC Thread#7"                     [id=8888, stack(0x0000003985900000,0x0000003985a00000) (1024K)]
  0x0000019c5826cc10 ConcurrentGCThread "G1 Main Marker"            [id=11680, stack(0x0000003984200000,0x0000003984300000) (1024K)]
=>0x0000019c5826d940 WorkerThread "G1 Conc#0"                       [id=10964, stack(0x0000003984300000,0x0000003984400000) (1024K)]
  0x0000019c7887bdc0 WorkerThread "G1 Conc#1"                       [id=5764, stack(0x0000003986800000,0x0000003986900000) (1024K)]
  0x0000019c73a42340 ConcurrentGCThread "G1 Refine#0"               [id=4072, stack(0x0000003984400000,0x0000003984500000) (1024K)]
  0x0000019c73a43c80 ConcurrentGCThread "G1 Service"                [id=9236, stack(0x0000003984500000,0x0000003984600000) (1024K)]
Total: 15

Threads with active compile tasks:
C2 CompilerThread2  3667078 91622       4       com.sun.xml.internal.stream.events.XMLEventAllocatorImpl::getXMLEvent (640 bytes)
Total: 1

VM state: not at safepoint (normal execution)

VM Mutex/Monitor currently owned by a thread: None

Heap address: 0x00000000c0000000, size: 1024 MB, Compressed Oops mode: 32-bit

CDS archive(s) mapped at: [0x0000019c00000000-0x0000019c00c80000-0x0000019c00c80000), size 13107200, SharedBaseAddress: 0x0000019c00000000, ArchiveRelocationMode: 1.
Compressed class space mapped at: 0x0000019c01000000-0x0000019c1b000000, reserved size: 436207616
Narrow klass base: 0x0000019c00000000, Narrow klass shift: 0, Narrow klass range: 0x100000000

GC Precious Log:
 CardTable entry size: 512
 Card Set container configuration: InlinePtr #cards 5 size 8 Array Of Cards #cards 12 size 40 Howl #buckets 4 coarsen threshold 1843 Howl Bitmap #cards 512 size 80 coarsen threshold 460 Card regions per heap region 1 cards per card region 2048
 CPUs: 8 total, 8 available
 Memory: 24427M
 Large Page Support: Disabled
 NUMA Support: Disabled
 Compressed Oops: Enabled (32-bit)
 Heap Region Size: 1M
 Heap Min Capacity: 8M
 Heap Initial Capacity: 382M
 Heap Max Capacity: 1G
 Pre-touch: Disabled
 Parallel Workers: 8
 Concurrent Workers: 2
 Concurrent Refinement Workers: 8
 Periodic GC: Disabled

Heap:
 garbage-first heap   total 1048576K, used 564879K [0x00000000c0000000, 0x0000000100000000)
  region size 1024K, 37 young (37888K), 30 survivors (30720K)
 Metaspace       used 283245K, committed 285568K, reserved 688128K
  class space    used 35216K, committed 36352K, reserved 425984K

Heap Regions: E=young(eden), S=young(survivor), O=old, HS=humongous(starts), HC=humongous(continues), CS=collection set, F=free, TAMS=top-at-mark-start, PB=parsable bottom
|   0|0x00000000c0000000, 0x00000000c0100000, 0x00000000c0100000|100%|HS|  |TAMS 0x00000000c0100000| PB 0x00000000c0000000| Complete 
|   1|0x00000000c0100000, 0x00000000c0200000, 0x00000000c0200000|100%|HC|  |TAMS 0x00000000c0200000| PB 0x00000000c0100000| Complete 
|   2|0x00000000c0200000, 0x00000000c0300000, 0x00000000c0300000|100%|HC|  |TAMS 0x00000000c0300000| PB 0x00000000c0200000| Complete 
|   3|0x00000000c0300000, 0x00000000c0400000, 0x00000000c0400000|100%|HC|  |TAMS 0x00000000c0400000| PB 0x00000000c0300000| Complete 
|   4|0x00000000c0400000, 0x00000000c0500000, 0x00000000c0500000|100%| O|  |TAMS 0x00000000c0500000| PB 0x00000000c0400000| Untracked 
|   5|0x00000000c0500000, 0x00000000c0600000, 0x00000000c0600000|100%| O|  |TAMS 0x00000000c0600000| PB 0x00000000c0500000| Untracked 
|   6|0x00000000c0600000, 0x00000000c0700000, 0x00000000c0700000|100%| O|  |TAMS 0x00000000c0700000| PB 0x00000000c0600000| Untracked 
|   7|0x00000000c0700000, 0x00000000c07f5700, 0x00000000c0800000| 95%| O|  |TAMS 0x00000000c07f5700| PB 0x00000000c0700000| Untracked 
|   8|0x00000000c0800000, 0x00000000c08f12a8, 0x00000000c0900000| 94%| O|  |TAMS 0x00000000c08f12a8| PB 0x00000000c0800000| Untracked 
|   9|0x00000000c0900000, 0x00000000c09fffe8, 0x00000000c0a00000| 99%| O|  |TAMS 0x00000000c09fffe8| PB 0x00000000c0900000| Untracked 
|  10|0x00000000c0a00000, 0x00000000c0af8a60, 0x00000000c0b00000| 97%| O|  |TAMS 0x00000000c0af8a60| PB 0x00000000c0a00000| Untracked 
|  11|0x00000000c0b00000, 0x00000000c0c00000, 0x00000000c0c00000|100%|HS|  |TAMS 0x00000000c0c00000| PB 0x00000000c0b00000| Complete 
|  12|0x00000000c0c00000, 0x00000000c0d00000, 0x00000000c0d00000|100%|HC|  |TAMS 0x00000000c0d00000| PB 0x00000000c0c00000| Complete 
|  13|0x00000000c0d00000, 0x00000000c0e00000, 0x00000000c0e00000|100%|HC|  |TAMS 0x00000000c0e00000| PB 0x00000000c0d00000| Complete 
|  14|0x00000000c0e00000, 0x00000000c0f00000, 0x00000000c0f00000|100%|HC|  |TAMS 0x00000000c0f00000| PB 0x00000000c0e00000| Complete 
|  15|0x00000000c0f00000, 0x00000000c1000000, 0x00000000c1000000|100%|HC|  |TAMS 0x00000000c1000000| PB 0x00000000c0f00000| Complete 
|  16|0x00000000c1000000, 0x00000000c1100000, 0x00000000c1100000|100%|HC|  |TAMS 0x00000000c1100000| PB 0x00000000c1000000| Complete 
|  17|0x00000000c1100000, 0x00000000c1200000, 0x00000000c1200000|100%|HS|  |TAMS 0x00000000c1200000| PB 0x00000000c1100000| Complete 
|  18|0x00000000c1200000, 0x00000000c1300000, 0x00000000c1300000|100%|HS|  |TAMS 0x00000000c1300000| PB 0x00000000c1200000| Complete 
|  19|0x00000000c1300000, 0x00000000c1400000, 0x00000000c1400000|100%|HS|  |TAMS 0x00000000c1400000| PB 0x00000000c1300000| Complete 
|  20|0x00000000c1400000, 0x00000000c1500000, 0x00000000c1500000|100%|HS|  |TAMS 0x00000000c1500000| PB 0x00000000c1400000| Complete 
|  21|0x00000000c1500000, 0x00000000c1600000, 0x00000000c1600000|100%|HC|  |TAMS 0x00000000c1600000| PB 0x00000000c1500000| Complete 
|  22|0x00000000c1600000, 0x00000000c1700000, 0x00000000c1700000|100%|HC|  |TAMS 0x00000000c1700000| PB 0x00000000c1600000| Complete 
|  23|0x00000000c1700000, 0x00000000c1800000, 0x00000000c1800000|100%|HC|  |TAMS 0x00000000c1800000| PB 0x00000000c1700000| Complete 
|  24|0x00000000c1800000, 0x00000000c1900000, 0x00000000c1900000|100%|HC|  |TAMS 0x00000000c1900000| PB 0x00000000c1800000| Complete 
|  25|0x00000000c1900000, 0x00000000c1a00000, 0x00000000c1a00000|100%|HC|  |TAMS 0x00000000c1a00000| PB 0x00000000c1900000| Complete 
|  26|0x00000000c1a00000, 0x00000000c1b00000, 0x00000000c1b00000|100%|HS|  |TAMS 0x00000000c1b00000| PB 0x00000000c1a00000| Complete 
|  27|0x00000000c1b00000, 0x00000000c1c00000, 0x00000000c1c00000|100%|HS|  |TAMS 0x00000000c1c00000| PB 0x00000000c1b00000| Complete 
|  28|0x00000000c1c00000, 0x00000000c1d00000, 0x00000000c1d00000|100%|HS|  |TAMS 0x00000000c1d00000| PB 0x00000000c1c00000| Complete 
|  29|0x00000000c1d00000, 0x00000000c1e00000, 0x00000000c1e00000|100%| O|  |TAMS 0x00000000c1e00000| PB 0x00000000c1d00000| Untracked 
|  30|0x00000000c1e00000, 0x00000000c1effff0, 0x00000000c1f00000| 99%| O|  |TAMS 0x00000000c1effff0| PB 0x00000000c1e00000| Untracked 
|  31|0x00000000c1f00000, 0x00000000c1ffffe8, 0x00000000c2000000| 99%| O|  |TAMS 0x00000000c1ffffe8| PB 0x00000000c1f00000| Untracked 
|  32|0x00000000c2000000, 0x00000000c20ffff8, 0x00000000c2100000| 99%| O|  |TAMS 0x00000000c20ffff8| PB 0x00000000c2000000| Untracked 
|  33|0x00000000c2100000, 0x00000000c21ffff8, 0x00000000c2200000| 99%| O|  |TAMS 0x00000000c21ffff8| PB 0x00000000c2100000| Untracked 
|  34|0x00000000c2200000, 0x00000000c22fffd8, 0x00000000c2300000| 99%| O|  |TAMS 0x00000000c22fffd8| PB 0x00000000c2200000| Untracked 
|  35|0x00000000c2300000, 0x00000000c23fffd8, 0x00000000c2400000| 99%| O|  |TAMS 0x00000000c23fffd8| PB 0x00000000c2300000| Untracked 
|  36|0x00000000c2400000, 0x00000000c24fffd8, 0x00000000c2500000| 99%| O|  |TAMS 0x00000000c24fffd8| PB 0x00000000c2400000| Untracked 
|  37|0x00000000c2500000, 0x00000000c2600000, 0x00000000c2600000|100%| O|  |TAMS 0x00000000c2600000| PB 0x00000000c2500000| Untracked 
|  38|0x00000000c2600000, 0x00000000c26fffc8, 0x00000000c2700000| 99%| O|  |TAMS 0x00000000c26fffc8| PB 0x00000000c2600000| Untracked 
|  39|0x00000000c2700000, 0x00000000c27ffff0, 0x00000000c2800000| 99%| O|  |TAMS 0x00000000c27ffff0| PB 0x00000000c2700000| Untracked 
|  40|0x00000000c2800000, 0x00000000c28fff80, 0x00000000c2900000| 99%| O|  |TAMS 0x00000000c28fff80| PB 0x00000000c2800000| Untracked 
|  41|0x00000000c2900000, 0x00000000c29ffff8, 0x00000000c2a00000| 99%| O|  |TAMS 0x00000000c29ffff8| PB 0x00000000c2900000| Untracked 
|  42|0x00000000c2a00000, 0x00000000c2b00000, 0x00000000c2b00000|100%| O|  |TAMS 0x00000000c2b00000| PB 0x00000000c2a00000| Untracked 
|  43|0x00000000c2b00000, 0x00000000c2c00000, 0x00000000c2c00000|100%|HS|  |TAMS 0x00000000c2c00000| PB 0x00000000c2b00000| Complete 
|  44|0x00000000c2c00000, 0x00000000c2cffff0, 0x00000000c2d00000| 99%| O|  |TAMS 0x00000000c2cffff0| PB 0x00000000c2c00000| Untracked 
|  45|0x00000000c2d00000, 0x00000000c2e00000, 0x00000000c2e00000|100%| O|  |TAMS 0x00000000c2e00000| PB 0x00000000c2d00000| Untracked 
|  46|0x00000000c2e00000, 0x00000000c2efffe8, 0x00000000c2f00000| 99%| O|  |TAMS 0x00000000c2efffe8| PB 0x00000000c2e00000| Untracked 
|  47|0x00000000c2f00000, 0x00000000c2fffff0, 0x00000000c3000000| 99%| O|  |TAMS 0x00000000c2fffff0| PB 0x00000000c2f00000| Untracked 
|  48|0x00000000c3000000, 0x00000000c30ffff0, 0x00000000c3100000| 99%| O|  |TAMS 0x00000000c30ffff0| PB 0x00000000c3000000| Untracked 
|  49|0x00000000c3100000, 0x00000000c31fe948, 0x00000000c3200000| 99%| O|  |TAMS 0x00000000c31fe948| PB 0x00000000c3100000| Untracked 
|  50|0x00000000c3200000, 0x00000000c32fffa0, 0x00000000c3300000| 99%| O|  |TAMS 0x00000000c32fffa0| PB 0x00000000c3200000| Untracked 
|  51|0x00000000c3300000, 0x00000000c33fffd8, 0x00000000c3400000| 99%| O|  |TAMS 0x00000000c33fffd8| PB 0x00000000c3300000| Untracked 
|  52|0x00000000c3400000, 0x00000000c34ffff8, 0x00000000c3500000| 99%| O|  |TAMS 0x00000000c34ffff8| PB 0x00000000c3400000| Untracked 
|  53|0x00000000c3500000, 0x00000000c35fffe8, 0x00000000c3600000| 99%| O|  |TAMS 0x00000000c35fffe8| PB 0x00000000c3500000| Untracked 
|  54|0x00000000c3600000, 0x00000000c36ffff0, 0x00000000c3700000| 99%| O|  |TAMS 0x00000000c36ffff0| PB 0x00000000c3600000| Untracked 
|  55|0x00000000c3700000, 0x00000000c3800000, 0x00000000c3800000|100%| O|  |TAMS 0x00000000c3800000| PB 0x00000000c3700000| Untracked 
|  56|0x00000000c3800000, 0x00000000c38f8b58, 0x00000000c3900000| 97%| O|  |TAMS 0x00000000c38f8b58| PB 0x00000000c3800000| Untracked 
|  57|0x00000000c3900000, 0x00000000c3a00000, 0x00000000c3a00000|100%|HS|  |TAMS 0x00000000c3a00000| PB 0x00000000c3900000| Complete 
|  58|0x00000000c3a00000, 0x00000000c3b00000, 0x00000000c3b00000|100%|HS|  |TAMS 0x00000000c3b00000| PB 0x00000000c3a00000| Complete 
|  59|0x00000000c3b00000, 0x00000000c3c00000, 0x00000000c3c00000|100%|HS|  |TAMS 0x00000000c3c00000| PB 0x00000000c3b00000| Complete 
|  60|0x00000000c3c00000, 0x00000000c3cffff8, 0x00000000c3d00000| 99%| O|  |TAMS 0x00000000c3cffff8| PB 0x00000000c3c00000| Untracked 
|  61|0x00000000c3d00000, 0x00000000c3dffff0, 0x00000000c3e00000| 99%| O|  |TAMS 0x00000000c3dffff0| PB 0x00000000c3d00000| Untracked 
|  62|0x00000000c3e00000, 0x00000000c3efff08, 0x00000000c3f00000| 99%| O|  |TAMS 0x00000000c3efff08| PB 0x00000000c3e00000| Untracked 
|  63|0x00000000c3f00000, 0x00000000c4000000, 0x00000000c4000000|100%|HS|  |TAMS 0x00000000c4000000| PB 0x00000000c3f00000| Complete 
|  64|0x00000000c4000000, 0x00000000c4100000, 0x00000000c4100000|100%|HC|  |TAMS 0x00000000c4100000| PB 0x00000000c4000000| Complete 
|  65|0x00000000c4100000, 0x00000000c41ffff0, 0x00000000c4200000| 99%| O|  |TAMS 0x00000000c41ffff0| PB 0x00000000c4100000| Untracked 
|  66|0x00000000c4200000, 0x00000000c4300000, 0x00000000c4300000|100%| O|  |TAMS 0x00000000c4300000| PB 0x00000000c4200000| Untracked 
|  67|0x00000000c4300000, 0x00000000c4400000, 0x00000000c4400000|100%| O|  |TAMS 0x00000000c4400000| PB 0x00000000c4300000| Untracked 
|  68|0x00000000c4400000, 0x00000000c4500000, 0x00000000c4500000|100%|HS|  |TAMS 0x00000000c4500000| PB 0x00000000c4400000| Complete 
|  69|0x00000000c4500000, 0x00000000c4600000, 0x00000000c4600000|100%|HC|  |TAMS 0x00000000c4600000| PB 0x00000000c4500000| Complete 
|  70|0x00000000c4600000, 0x00000000c4700000, 0x00000000c4700000|100%|HS|  |TAMS 0x00000000c4700000| PB 0x00000000c4600000| Complete 
|  71|0x00000000c4700000, 0x00000000c47fffe8, 0x00000000c4800000| 99%| O|  |TAMS 0x00000000c47fffe8| PB 0x00000000c4700000| Untracked 
|  72|0x00000000c4800000, 0x00000000c4900000, 0x00000000c4900000|100%| O|  |TAMS 0x00000000c4900000| PB 0x00000000c4800000| Untracked 
|  73|0x00000000c4900000, 0x00000000c49fffe0, 0x00000000c4a00000| 99%| O|  |TAMS 0x00000000c49fffe0| PB 0x00000000c4900000| Untracked 
|  74|0x00000000c4a00000, 0x00000000c4b00000, 0x00000000c4b00000|100%|HS|  |TAMS 0x00000000c4b00000| PB 0x00000000c4a00000| Complete 
|  75|0x00000000c4b00000, 0x00000000c4c00000, 0x00000000c4c00000|100%|HC|  |TAMS 0x00000000c4c00000| PB 0x00000000c4b00000| Complete 
|  76|0x00000000c4c00000, 0x00000000c4d00000, 0x00000000c4d00000|100%|HC|  |TAMS 0x00000000c4d00000| PB 0x00000000c4c00000| Complete 
|  77|0x00000000c4d00000, 0x00000000c4e00000, 0x00000000c4e00000|100%|HC|  |TAMS 0x00000000c4e00000| PB 0x00000000c4d00000| Complete 
|  78|0x00000000c4e00000, 0x00000000c4f00000, 0x00000000c4f00000|100%|HS|  |TAMS 0x00000000c4f00000| PB 0x00000000c4e00000| Complete 
|  79|0x00000000c4f00000, 0x00000000c4ffff18, 0x00000000c5000000| 99%| O|  |TAMS 0x00000000c4ffff18| PB 0x00000000c4f00000| Untracked 
|  80|0x00000000c5000000, 0x00000000c5100000, 0x00000000c5100000|100%|HS|  |TAMS 0x00000000c5100000| PB 0x00000000c5000000| Complete 
|  81|0x00000000c5100000, 0x00000000c51fffb8, 0x00000000c5200000| 99%| O|  |TAMS 0x00000000c51fffb8| PB 0x00000000c5100000| Untracked 
|  82|0x00000000c5200000, 0x00000000c52fef18, 0x00000000c5300000| 99%| O|  |TAMS 0x00000000c52fef18| PB 0x00000000c5200000| Untracked 
|  83|0x00000000c5300000, 0x00000000c53ffff8, 0x00000000c5400000| 99%| O|  |TAMS 0x00000000c53ffff8| PB 0x00000000c5300000| Untracked 
|  84|0x00000000c5400000, 0x00000000c54fff28, 0x00000000c5500000| 99%| O|  |TAMS 0x00000000c54fff28| PB 0x00000000c5400000| Untracked 
|  85|0x00000000c5500000, 0x00000000c5600000, 0x00000000c5600000|100%| O|  |TAMS 0x00000000c5600000| PB 0x00000000c5500000| Untracked 
|  86|0x00000000c5600000, 0x00000000c5700000, 0x00000000c5700000|100%| O|  |TAMS 0x00000000c5700000| PB 0x00000000c5600000| Untracked 
|  87|0x00000000c5700000, 0x00000000c57ffff8, 0x00000000c5800000| 99%| O|  |TAMS 0x00000000c57ffff8| PB 0x00000000c5700000| Untracked 
|  88|0x00000000c5800000, 0x00000000c5900000, 0x00000000c5900000|100%|HS|  |TAMS 0x00000000c5900000| PB 0x00000000c5800000| Complete 
|  89|0x00000000c5900000, 0x00000000c59fffd0, 0x00000000c5a00000| 99%| O|  |TAMS 0x00000000c59fffd0| PB 0x00000000c5900000| Untracked 
|  90|0x00000000c5a00000, 0x00000000c5af8db8, 0x00000000c5b00000| 97%| O|  |TAMS 0x00000000c5af8db8| PB 0x00000000c5a00000| Untracked 
|  91|0x00000000c5b00000, 0x00000000c5c00000, 0x00000000c5c00000|100%| O|  |TAMS 0x00000000c5c00000| PB 0x00000000c5b00000| Untracked 
|  92|0x00000000c5c00000, 0x00000000c5d00000, 0x00000000c5d00000|100%| O|  |TAMS 0x00000000c5d00000| PB 0x00000000c5c00000| Untracked 
|  93|0x00000000c5d00000, 0x00000000c5e00000, 0x00000000c5e00000|100%| O|  |TAMS 0x00000000c5e00000| PB 0x00000000c5d00000| Untracked 
|  94|0x00000000c5e00000, 0x00000000c5f00000, 0x00000000c5f00000|100%| O|  |TAMS 0x00000000c5f00000| PB 0x00000000c5e00000| Untracked 
|  95|0x00000000c5f00000, 0x00000000c5ffffc8, 0x00000000c6000000| 99%| O|  |TAMS 0x00000000c5ffffc8| PB 0x00000000c5f00000| Untracked 
|  96|0x00000000c6000000, 0x00000000c6100000, 0x00000000c6100000|100%|HS|  |TAMS 0x00000000c6100000| PB 0x00000000c6000000| Complete 
|  97|0x00000000c6100000, 0x00000000c6200000, 0x00000000c6200000|100%|HC|  |TAMS 0x00000000c6200000| PB 0x00000000c6100000| Complete 
|  98|0x00000000c6200000, 0x00000000c6300000, 0x00000000c6300000|100%|HC|  |TAMS 0x00000000c6300000| PB 0x00000000c6200000| Complete 
|  99|0x00000000c6300000, 0x00000000c6400000, 0x00000000c6400000|100%|HC|  |TAMS 0x00000000c6400000| PB 0x00000000c6300000| Complete 
| 100|0x00000000c6400000, 0x00000000c64fffd8, 0x00000000c6500000| 99%| O|  |TAMS 0x00000000c64fffd8| PB 0x00000000c6400000| Untracked 
| 101|0x00000000c6500000, 0x00000000c6600000, 0x00000000c6600000|100%| O|  |TAMS 0x00000000c6600000| PB 0x00000000c6500000| Untracked 
| 102|0x00000000c6600000, 0x00000000c6700000, 0x00000000c6700000|100%| O|  |TAMS 0x00000000c6700000| PB 0x00000000c6600000| Untracked 
| 103|0x00000000c6700000, 0x00000000c6800000, 0x00000000c6800000|100%|HS|  |TAMS 0x00000000c6800000| PB 0x00000000c6700000| Complete 
| 104|0x00000000c6800000, 0x00000000c68ffff8, 0x00000000c6900000| 99%| O|  |TAMS 0x00000000c68ffff8| PB 0x00000000c6800000| Untracked 
| 105|0x00000000c6900000, 0x00000000c69fffc8, 0x00000000c6a00000| 99%| O|  |TAMS 0x00000000c69fffc8| PB 0x00000000c6900000| Untracked 
| 106|0x00000000c6a00000, 0x00000000c6afffa8, 0x00000000c6b00000| 99%| O|  |TAMS 0x00000000c6afffa8| PB 0x00000000c6a00000| Untracked 
| 107|0x00000000c6b00000, 0x00000000c6bffff8, 0x00000000c6c00000| 99%| O|  |TAMS 0x00000000c6bffff8| PB 0x00000000c6b00000| Untracked 
| 108|0x00000000c6c00000, 0x00000000c6d00000, 0x00000000c6d00000|100%| O|  |TAMS 0x00000000c6d00000| PB 0x00000000c6c00000| Untracked 
| 109|0x00000000c6d00000, 0x00000000c6dffff8, 0x00000000c6e00000| 99%| O|  |TAMS 0x00000000c6dffff8| PB 0x00000000c6d00000| Untracked 
| 110|0x00000000c6e00000, 0x00000000c6efffd0, 0x00000000c6f00000| 99%| O|  |TAMS 0x00000000c6efffd0| PB 0x00000000c6e00000| Untracked 
| 111|0x00000000c6f00000, 0x00000000c6fffff0, 0x00000000c7000000| 99%| O|  |TAMS 0x00000000c6fffff0| PB 0x00000000c6f00000| Untracked 
| 112|0x00000000c7000000, 0x00000000c70ffff8, 0x00000000c7100000| 99%| O|  |TAMS 0x00000000c70ffff8| PB 0x00000000c7000000| Untracked 
| 113|0x00000000c7100000, 0x00000000c71f1b78, 0x00000000c7200000| 94%| O|  |TAMS 0x00000000c71f1b78| PB 0x00000000c7100000| Untracked 
| 114|0x00000000c7200000, 0x00000000c72fffd0, 0x00000000c7300000| 99%| O|  |TAMS 0x00000000c72fffd0| PB 0x00000000c7200000| Untracked 
| 115|0x00000000c7300000, 0x00000000c7400000, 0x00000000c7400000|100%| O|  |TAMS 0x00000000c7400000| PB 0x00000000c7300000| Untracked 
| 116|0x00000000c7400000, 0x00000000c7500000, 0x00000000c7500000|100%| O|  |TAMS 0x00000000c7500000| PB 0x00000000c7400000| Untracked 
| 117|0x00000000c7500000, 0x00000000c75ffff0, 0x00000000c7600000| 99%| O|  |TAMS 0x00000000c75ffff0| PB 0x00000000c7500000| Untracked 
| 118|0x00000000c7600000, 0x00000000c76ffff8, 0x00000000c7700000| 99%| O|  |TAMS 0x00000000c76ffff8| PB 0x00000000c7600000| Untracked 
| 119|0x00000000c7700000, 0x00000000c77fffd0, 0x00000000c7800000| 99%| O|  |TAMS 0x00000000c77fffd0| PB 0x00000000c7700000| Untracked 
| 120|0x00000000c7800000, 0x00000000c78ffff0, 0x00000000c7900000| 99%| O|  |TAMS 0x00000000c78ffff0| PB 0x00000000c7800000| Untracked 
| 121|0x00000000c7900000, 0x00000000c79fff50, 0x00000000c7a00000| 99%| O|  |TAMS 0x00000000c79fff50| PB 0x00000000c7900000| Untracked 
| 122|0x00000000c7a00000, 0x00000000c7b00000, 0x00000000c7b00000|100%| O|  |TAMS 0x00000000c7b00000| PB 0x00000000c7a00000| Untracked 
| 123|0x00000000c7b00000, 0x00000000c7c00000, 0x00000000c7c00000|100%| O|  |TAMS 0x00000000c7c00000| PB 0x00000000c7b00000| Untracked 
| 124|0x00000000c7c00000, 0x00000000c7d00000, 0x00000000c7d00000|100%| O|  |TAMS 0x00000000c7d00000| PB 0x00000000c7c00000| Untracked 
| 125|0x00000000c7d00000, 0x00000000c7dffff0, 0x00000000c7e00000| 99%| O|  |TAMS 0x00000000c7dffff0| PB 0x00000000c7d00000| Untracked 
| 126|0x00000000c7e00000, 0x00000000c7efffe0, 0x00000000c7f00000| 99%| O|  |TAMS 0x00000000c7efffe0| PB 0x00000000c7e00000| Untracked 
| 127|0x00000000c7f00000, 0x00000000c7fffff8, 0x00000000c8000000| 99%| O|  |TAMS 0x00000000c7fffff8| PB 0x00000000c7f00000| Untracked 
| 128|0x00000000c8000000, 0x00000000c80ffff8, 0x00000000c8100000| 99%| O|  |TAMS 0x00000000c80ffff8| PB 0x00000000c8000000| Untracked 
| 129|0x00000000c8100000, 0x00000000c81fff18, 0x00000000c8200000| 99%| O|  |TAMS 0x00000000c81fff18| PB 0x00000000c8100000| Untracked 
| 130|0x00000000c8200000, 0x00000000c82fffe8, 0x00000000c8300000| 99%| O|  |TAMS 0x00000000c82fffe8| PB 0x00000000c8200000| Untracked 
| 131|0x00000000c8300000, 0x00000000c8400000, 0x00000000c8400000|100%| O|  |TAMS 0x00000000c8400000| PB 0x00000000c8300000| Untracked 
| 132|0x00000000c8400000, 0x00000000c84ffff0, 0x00000000c8500000| 99%| O|  |TAMS 0x00000000c84ffff0| PB 0x00000000c8400000| Untracked 
| 133|0x00000000c8500000, 0x00000000c85fffe0, 0x00000000c8600000| 99%| O|  |TAMS 0x00000000c85fffe0| PB 0x00000000c8500000| Untracked 
| 134|0x00000000c8600000, 0x00000000c8700000, 0x00000000c8700000|100%| O|  |TAMS 0x00000000c8700000| PB 0x00000000c8600000| Untracked 
| 135|0x00000000c8700000, 0x00000000c8800000, 0x00000000c8800000|100%| O|  |TAMS 0x00000000c8800000| PB 0x00000000c8700000| Untracked 
| 136|0x00000000c8800000, 0x00000000c88fffe0, 0x00000000c8900000| 99%| O|  |TAMS 0x00000000c88fffe0| PB 0x00000000c8800000| Untracked 
| 137|0x00000000c8900000, 0x00000000c89ffff8, 0x00000000c8a00000| 99%| O|  |TAMS 0x00000000c89ffff8| PB 0x00000000c8900000| Untracked 
| 138|0x00000000c8a00000, 0x00000000c8afffd0, 0x00000000c8b00000| 99%| O|  |TAMS 0x00000000c8afffd0| PB 0x00000000c8a00000| Untracked 
| 139|0x00000000c8b00000, 0x00000000c8bf52b8, 0x00000000c8c00000| 95%| O|  |TAMS 0x00000000c8bf52b8| PB 0x00000000c8b00000| Untracked 
| 140|0x00000000c8c00000, 0x00000000c8cffff0, 0x00000000c8d00000| 99%| O|  |TAMS 0x00000000c8cffff0| PB 0x00000000c8c00000| Untracked 
| 141|0x00000000c8d00000, 0x00000000c8dfff98, 0x00000000c8e00000| 99%| O|  |TAMS 0x00000000c8dfff98| PB 0x00000000c8d00000| Untracked 
| 142|0x00000000c8e00000, 0x00000000c8efffe8, 0x00000000c8f00000| 99%| O|  |TAMS 0x00000000c8efffe8| PB 0x00000000c8e00000| Untracked 
| 143|0x00000000c8f00000, 0x00000000c9000000, 0x00000000c9000000|100%| O|  |TAMS 0x00000000c9000000| PB 0x00000000c8f00000| Untracked 
| 144|0x00000000c9000000, 0x00000000c90fffe8, 0x00000000c9100000| 99%| O|  |TAMS 0x00000000c90fffe8| PB 0x00000000c9000000| Untracked 
| 145|0x00000000c9100000, 0x00000000c91fffe8, 0x00000000c9200000| 99%| O|  |TAMS 0x00000000c91fffe8| PB 0x00000000c9100000| Untracked 
| 146|0x00000000c9200000, 0x00000000c92fffe8, 0x00000000c9300000| 99%| O|  |TAMS 0x00000000c92fffe8| PB 0x00000000c9200000| Untracked 
| 147|0x00000000c9300000, 0x00000000c93fffd0, 0x00000000c9400000| 99%| O|  |TAMS 0x00000000c93fffd0| PB 0x00000000c9300000| Untracked 
| 148|0x00000000c9400000, 0x00000000c94fff88, 0x00000000c9500000| 99%| O|  |TAMS 0x00000000c94fff88| PB 0x00000000c9400000| Untracked 
| 149|0x00000000c9500000, 0x00000000c95ffff0, 0x00000000c9600000| 99%| O|  |TAMS 0x00000000c95ffff0| PB 0x00000000c9500000| Untracked 
| 150|0x00000000c9600000, 0x00000000c96ffff0, 0x00000000c9700000| 99%| O|  |TAMS 0x00000000c96ffff0| PB 0x00000000c9600000| Untracked 
| 151|0x00000000c9700000, 0x00000000c9800000, 0x00000000c9800000|100%| O|  |TAMS 0x00000000c9800000| PB 0x00000000c9700000| Untracked 
| 152|0x00000000c9800000, 0x00000000c98ffff8, 0x00000000c9900000| 99%| O|  |TAMS 0x00000000c98ffff8| PB 0x00000000c9800000| Untracked 
| 153|0x00000000c9900000, 0x00000000c9a00000, 0x00000000c9a00000|100%| O|  |TAMS 0x00000000c9a00000| PB 0x00000000c9900000| Untracked 
| 154|0x00000000c9a00000, 0x00000000c9afffe8, 0x00000000c9b00000| 99%| O|  |TAMS 0x00000000c9afffe8| PB 0x00000000c9a00000| Untracked 
| 155|0x00000000c9b00000, 0x00000000c9c00000, 0x00000000c9c00000|100%| O|  |TAMS 0x00000000c9c00000| PB 0x00000000c9b00000| Untracked 
| 156|0x00000000c9c00000, 0x00000000c9cffff8, 0x00000000c9d00000| 99%| O|  |TAMS 0x00000000c9cffff8| PB 0x00000000c9c00000| Untracked 
| 157|0x00000000c9d00000, 0x00000000c9dffff0, 0x00000000c9e00000| 99%| O|  |TAMS 0x00000000c9dffff0| PB 0x00000000c9d00000| Untracked 
| 158|0x00000000c9e00000, 0x00000000c9efff70, 0x00000000c9f00000| 99%| O|  |TAMS 0x00000000c9efff70| PB 0x00000000c9e00000| Untracked 
| 159|0x00000000c9f00000, 0x00000000ca000000, 0x00000000ca000000|100%| O|  |TAMS 0x00000000ca000000| PB 0x00000000c9f00000| Untracked 
| 160|0x00000000ca000000, 0x00000000ca100000, 0x00000000ca100000|100%| O|  |TAMS 0x00000000ca100000| PB 0x00000000ca000000| Untracked 
| 161|0x00000000ca100000, 0x00000000ca200000, 0x00000000ca200000|100%| O|  |TAMS 0x00000000ca200000| PB 0x00000000ca100000| Untracked 
| 162|0x00000000ca200000, 0x00000000ca2ffa28, 0x00000000ca300000| 99%| O|  |TAMS 0x00000000ca2ffa28| PB 0x00000000ca200000| Untracked 
| 163|0x00000000ca300000, 0x00000000ca3fffe8, 0x00000000ca400000| 99%| O|  |TAMS 0x00000000ca3fffe8| PB 0x00000000ca300000| Untracked 
| 164|0x00000000ca400000, 0x00000000ca4fffd0, 0x00000000ca500000| 99%| O|  |TAMS 0x00000000ca4fffd0| PB 0x00000000ca400000| Untracked 
| 165|0x00000000ca500000, 0x00000000ca5ffff0, 0x00000000ca600000| 99%| O|  |TAMS 0x00000000ca5ffff0| PB 0x00000000ca500000| Untracked 
| 166|0x00000000ca600000, 0x00000000ca6fffe8, 0x00000000ca700000| 99%| O|  |TAMS 0x00000000ca6fffe8| PB 0x00000000ca600000| Untracked 
| 167|0x00000000ca700000, 0x00000000ca7fffe0, 0x00000000ca800000| 99%| O|  |TAMS 0x00000000ca7fffe0| PB 0x00000000ca700000| Untracked 
| 168|0x00000000ca800000, 0x00000000ca8fffe8, 0x00000000ca900000| 99%| O|  |TAMS 0x00000000ca8fffe8| PB 0x00000000ca800000| Untracked 
| 169|0x00000000ca900000, 0x00000000ca9fffe8, 0x00000000caa00000| 99%| O|  |TAMS 0x00000000ca9fffe8| PB 0x00000000ca900000| Untracked 
| 170|0x00000000caa00000, 0x00000000caaffff0, 0x00000000cab00000| 99%| O|  |TAMS 0x00000000caaffff0| PB 0x00000000caa00000| Untracked 
| 171|0x00000000cab00000, 0x00000000cabffff8, 0x00000000cac00000| 99%| O|  |TAMS 0x00000000cabffff8| PB 0x00000000cab00000| Untracked 
| 172|0x00000000cac00000, 0x00000000cacfffe0, 0x00000000cad00000| 99%| O|  |TAMS 0x00000000cacfffe0| PB 0x00000000cac00000| Untracked 
| 173|0x00000000cad00000, 0x00000000cadfff88, 0x00000000cae00000| 99%| O|  |TAMS 0x00000000cadfff88| PB 0x00000000cad00000| Untracked 
| 174|0x00000000cae00000, 0x00000000caeffff0, 0x00000000caf00000| 99%| O|  |TAMS 0x00000000caeffff0| PB 0x00000000cae00000| Untracked 
| 175|0x00000000caf00000, 0x00000000caffffe0, 0x00000000cb000000| 99%| O|  |TAMS 0x00000000caffffe0| PB 0x00000000caf00000| Untracked 
| 176|0x00000000cb000000, 0x00000000cb100000, 0x00000000cb100000|100%| O|  |TAMS 0x00000000cb100000| PB 0x00000000cb000000| Untracked 
| 177|0x00000000cb100000, 0x00000000cb1ffff0, 0x00000000cb200000| 99%| O|  |TAMS 0x00000000cb1ffff0| PB 0x00000000cb100000| Untracked 
| 178|0x00000000cb200000, 0x00000000cb2f64e8, 0x00000000cb300000| 96%| O|  |TAMS 0x00000000cb2f64e8| PB 0x00000000cb200000| Untracked 
| 179|0x00000000cb300000, 0x00000000cb3fffe8, 0x00000000cb400000| 99%| O|  |TAMS 0x00000000cb3fffe8| PB 0x00000000cb300000| Untracked 
| 180|0x00000000cb400000, 0x00000000cb4fffe0, 0x00000000cb500000| 99%| O|  |TAMS 0x00000000cb4fffe0| PB 0x00000000cb400000| Untracked 
| 181|0x00000000cb500000, 0x00000000cb600000, 0x00000000cb600000|100%| O|  |TAMS 0x00000000cb600000| PB 0x00000000cb500000| Untracked 
| 182|0x00000000cb600000, 0x00000000cb6ffff8, 0x00000000cb700000| 99%| O|  |TAMS 0x00000000cb6ffff8| PB 0x00000000cb600000| Untracked 
| 183|0x00000000cb700000, 0x00000000cb7ffff8, 0x00000000cb800000| 99%| O|  |TAMS 0x00000000cb7ffff8| PB 0x00000000cb700000| Untracked 
| 184|0x00000000cb800000, 0x00000000cb8ffff0, 0x00000000cb900000| 99%| O|  |TAMS 0x00000000cb8ffff0| PB 0x00000000cb800000| Untracked 
| 185|0x00000000cb900000, 0x00000000cba00000, 0x00000000cba00000|100%| O|  |TAMS 0x00000000cba00000| PB 0x00000000cb900000| Untracked 
| 186|0x00000000cba00000, 0x00000000cbb00000, 0x00000000cbb00000|100%| O|  |TAMS 0x00000000cbb00000| PB 0x00000000cba00000| Untracked 
| 187|0x00000000cbb00000, 0x00000000cbbdf408, 0x00000000cbc00000| 87%| O|  |TAMS 0x00000000cbbdf408| PB 0x00000000cbb00000| Untracked 
| 188|0x00000000cbc00000, 0x00000000cbd00000, 0x00000000cbd00000|100%| O|  |TAMS 0x00000000cbd00000| PB 0x00000000cbc00000| Untracked 
| 189|0x00000000cbd00000, 0x00000000cbdffff8, 0x00000000cbe00000| 99%| O|  |TAMS 0x00000000cbdffff8| PB 0x00000000cbd00000| Untracked 
| 190|0x00000000cbe00000, 0x00000000cbeffff0, 0x00000000cbf00000| 99%| O|  |TAMS 0x00000000cbeffff0| PB 0x00000000cbe00000| Untracked 
| 191|0x00000000cbf00000, 0x00000000cc000000, 0x00000000cc000000|100%| O|  |TAMS 0x00000000cc000000| PB 0x00000000cbf00000| Untracked 
| 192|0x00000000cc000000, 0x00000000cc0ffff0, 0x00000000cc100000| 99%| O|  |TAMS 0x00000000cc0ffff0| PB 0x00000000cc000000| Untracked 
| 193|0x00000000cc100000, 0x00000000cc200000, 0x00000000cc200000|100%| O|  |TAMS 0x00000000cc200000| PB 0x00000000cc100000| Untracked 
| 194|0x00000000cc200000, 0x00000000cc300000, 0x00000000cc300000|100%| O|  |TAMS 0x00000000cc300000| PB 0x00000000cc200000| Untracked 
| 195|0x00000000cc300000, 0x00000000cc400000, 0x00000000cc400000|100%| O|  |TAMS 0x00000000cc400000| PB 0x00000000cc300000| Untracked 
| 196|0x00000000cc400000, 0x00000000cc4ffff8, 0x00000000cc500000| 99%| O|  |TAMS 0x00000000cc4ffff8| PB 0x00000000cc400000| Untracked 
| 197|0x00000000cc500000, 0x00000000cc5fffa8, 0x00000000cc600000| 99%| O|  |TAMS 0x00000000cc5fffa8| PB 0x00000000cc500000| Untracked 
| 198|0x00000000cc600000, 0x00000000cc6fffb0, 0x00000000cc700000| 99%| O|  |TAMS 0x00000000cc6fffb0| PB 0x00000000cc600000| Untracked 
| 199|0x00000000cc700000, 0x00000000cc800000, 0x00000000cc800000|100%|HS|  |TAMS 0x00000000cc700000| PB 0x00000000cc700000| Complete 
| 200|0x00000000cc800000, 0x00000000cc900000, 0x00000000cc900000|100%|HS|  |TAMS 0x00000000cc900000| PB 0x00000000cc800000| Complete 
| 201|0x00000000cc900000, 0x00000000cc9fffe0, 0x00000000cca00000| 99%| O|  |TAMS 0x00000000cc9fffe0| PB 0x00000000cc900000| Untracked 
| 202|0x00000000cca00000, 0x00000000ccb00000, 0x00000000ccb00000|100%| O|  |TAMS 0x00000000ccb00000| PB 0x00000000cca00000| Untracked 
| 203|0x00000000ccb00000, 0x00000000ccc00000, 0x00000000ccc00000|100%|HS|  |TAMS 0x00000000ccb00000| PB 0x00000000ccb00000| Complete 
| 204|0x00000000ccc00000, 0x00000000cccffff8, 0x00000000ccd00000| 99%| O|  |TAMS 0x00000000cccffff8| PB 0x00000000ccc00000| Untracked 
| 205|0x00000000ccd00000, 0x00000000ccdffff0, 0x00000000cce00000| 99%| O|  |TAMS 0x00000000ccdffff0| PB 0x00000000ccd00000| Untracked 
| 206|0x00000000cce00000, 0x00000000ccf00000, 0x00000000ccf00000|100%|HS|  |TAMS 0x00000000cce00000| PB 0x00000000cce00000| Complete 
| 207|0x00000000ccf00000, 0x00000000cd000000, 0x00000000cd000000|100%| O|  |TAMS 0x00000000cd000000| PB 0x00000000ccf00000| Untracked 
| 208|0x00000000cd000000, 0x00000000cd0ffff8, 0x00000000cd100000| 99%| O|  |TAMS 0x00000000cd0ffff8| PB 0x00000000cd000000| Untracked 
| 209|0x00000000cd100000, 0x00000000cd200000, 0x00000000cd200000|100%| O|  |TAMS 0x00000000cd200000| PB 0x00000000cd100000| Untracked 
| 210|0x00000000cd200000, 0x00000000cd300000, 0x00000000cd300000|100%| O|  |TAMS 0x00000000cd300000| PB 0x00000000cd200000| Untracked 
| 211|0x00000000cd300000, 0x00000000cd400000, 0x00000000cd400000|100%| O|  |TAMS 0x00000000cd400000| PB 0x00000000cd300000| Untracked 
| 212|0x00000000cd400000, 0x00000000cd500000, 0x00000000cd500000|100%| O|  |TAMS 0x00000000cd500000| PB 0x00000000cd400000| Untracked 
| 213|0x00000000cd500000, 0x00000000cd5efd78, 0x00000000cd600000| 93%| O|  |TAMS 0x00000000cd5efd78| PB 0x00000000cd500000| Untracked 
| 214|0x00000000cd600000, 0x00000000cd6fdc38, 0x00000000cd700000| 99%| O|  |TAMS 0x00000000cd6fdc38| PB 0x00000000cd600000| Untracked 
| 215|0x00000000cd700000, 0x00000000cd7ffff8, 0x00000000cd800000| 99%| O|  |TAMS 0x00000000cd7ffff8| PB 0x00000000cd700000| Untracked 
| 216|0x00000000cd800000, 0x00000000cd900000, 0x00000000cd900000|100%|HS|  |TAMS 0x00000000cd800000| PB 0x00000000cd800000| Complete 
| 217|0x00000000cd900000, 0x00000000cd9ffff8, 0x00000000cda00000| 99%| O|  |TAMS 0x00000000cd9ffff8| PB 0x00000000cd900000| Untracked 
| 218|0x00000000cda00000, 0x00000000cdafd460, 0x00000000cdb00000| 98%| O|  |TAMS 0x00000000cdafd460| PB 0x00000000cda00000| Untracked 
| 219|0x00000000cdb00000, 0x00000000cdc00000, 0x00000000cdc00000|100%|HS|  |TAMS 0x00000000cdb00000| PB 0x00000000cdb00000| Complete 
| 220|0x00000000cdc00000, 0x00000000cdc00000, 0x00000000cdd00000|  0%| F|  |TAMS 0x00000000cdc00000| PB 0x00000000cdc00000| Untracked 
| 221|0x00000000cdd00000, 0x00000000cdd00000, 0x00000000cde00000|  0%| F|  |TAMS 0x00000000cdd00000| PB 0x00000000cdd00000| Untracked 
| 222|0x00000000cde00000, 0x00000000cdf00000, 0x00000000cdf00000|100%| O|  |TAMS 0x00000000cdf00000| PB 0x00000000cde00000| Untracked 
| 223|0x00000000cdf00000, 0x00000000ce000000, 0x00000000ce000000|100%| O|  |TAMS 0x00000000ce000000| PB 0x00000000cdf00000| Untracked 
| 224|0x00000000ce000000, 0x00000000ce100000, 0x00000000ce100000|100%| O|  |TAMS 0x00000000ce100000| PB 0x00000000ce000000| Untracked 
| 225|0x00000000ce100000, 0x00000000ce1a3e00, 0x00000000ce200000| 64%| O|  |TAMS 0x00000000ce1a3e00| PB 0x00000000ce100000| Untracked 
| 226|0x00000000ce200000, 0x00000000ce2ffff0, 0x00000000ce300000| 99%| O|  |TAMS 0x00000000ce2ffff0| PB 0x00000000ce200000| Untracked 
| 227|0x00000000ce300000, 0x00000000ce300000, 0x00000000ce400000|  0%| F|  |TAMS 0x00000000ce300000| PB 0x00000000ce300000| Untracked 
| 228|0x00000000ce400000, 0x00000000ce500000, 0x00000000ce500000|100%| O|  |TAMS 0x00000000ce500000| PB 0x00000000ce400000| Untracked 
| 229|0x00000000ce500000, 0x00000000ce500000, 0x00000000ce600000|  0%| F|  |TAMS 0x00000000ce500000| PB 0x00000000ce500000| Untracked 
| 230|0x00000000ce600000, 0x00000000ce700000, 0x00000000ce700000|100%| O|  |TAMS 0x00000000ce700000| PB 0x00000000ce600000| Untracked 
| 231|0x00000000ce700000, 0x00000000ce800000, 0x00000000ce800000|100%| O|  |TAMS 0x00000000ce800000| PB 0x00000000ce700000| Untracked 
| 232|0x00000000ce800000, 0x00000000ce900000, 0x00000000ce900000|100%| O|  |TAMS 0x00000000ce900000| PB 0x00000000ce800000| Untracked 
| 233|0x00000000ce900000, 0x00000000cea00000, 0x00000000cea00000|100%| O|  |TAMS 0x00000000cea00000| PB 0x00000000ce900000| Untracked 
| 234|0x00000000cea00000, 0x00000000ceafec30, 0x00000000ceb00000| 99%| O|  |TAMS 0x00000000ceafec30| PB 0x00000000cea00000| Untracked 
| 235|0x00000000ceb00000, 0x00000000cebffff8, 0x00000000cec00000| 99%| O|  |TAMS 0x00000000cebffff8| PB 0x00000000ceb00000| Untracked 
| 236|0x00000000cec00000, 0x00000000ced00000, 0x00000000ced00000|100%| O|  |TAMS 0x00000000ced00000| PB 0x00000000cec00000| Untracked 
| 237|0x00000000ced00000, 0x00000000ced00000, 0x00000000cee00000|  0%| F|  |TAMS 0x00000000ced00000| PB 0x00000000ced00000| Untracked 
| 238|0x00000000cee00000, 0x00000000cef00000, 0x00000000cef00000|100%| O|  |TAMS 0x00000000cef00000| PB 0x00000000cee00000| Untracked 
| 239|0x00000000cef00000, 0x00000000cf000000, 0x00000000cf000000|100%| O|  |TAMS 0x00000000cf000000| PB 0x00000000cef00000| Untracked 
| 240|0x00000000cf000000, 0x00000000cf100000, 0x00000000cf100000|100%| O|  |TAMS 0x00000000cf100000| PB 0x00000000cf000000| Untracked 
| 241|0x00000000cf100000, 0x00000000cf100000, 0x00000000cf200000|  0%| F|  |TAMS 0x00000000cf100000| PB 0x00000000cf100000| Untracked 
| 242|0x00000000cf200000, 0x00000000cf2ffff8, 0x00000000cf300000| 99%| O|  |TAMS 0x00000000cf2ffff8| PB 0x00000000cf200000| Untracked 
| 243|0x00000000cf300000, 0x00000000cf3fffd0, 0x00000000cf400000| 99%| O|  |TAMS 0x00000000cf3fffd0| PB 0x00000000cf300000| Untracked 
| 244|0x00000000cf400000, 0x00000000cf500000, 0x00000000cf500000|100%| O|  |TAMS 0x00000000cf500000| PB 0x00000000cf400000| Untracked 
| 245|0x00000000cf500000, 0x00000000cf500000, 0x00000000cf600000|  0%| F|  |TAMS 0x00000000cf500000| PB 0x00000000cf500000| Untracked 
| 246|0x00000000cf600000, 0x00000000cf700000, 0x00000000cf700000|100%| O|  |TAMS 0x00000000cf700000| PB 0x00000000cf600000| Untracked 
| 247|0x00000000cf700000, 0x00000000cf700000, 0x00000000cf800000|  0%| F|  |TAMS 0x00000000cf700000| PB 0x00000000cf700000| Untracked 
| 248|0x00000000cf800000, 0x00000000cf800000, 0x00000000cf900000|  0%| F|  |TAMS 0x00000000cf800000| PB 0x00000000cf800000| Untracked 
| 249|0x00000000cf900000, 0x00000000cf900000, 0x00000000cfa00000|  0%| F|  |TAMS 0x00000000cf900000| PB 0x00000000cf900000| Untracked 
| 250|0x00000000cfa00000, 0x00000000cfb00000, 0x00000000cfb00000|100%| O|  |TAMS 0x00000000cfb00000| PB 0x00000000cfa00000| Untracked 
| 251|0x00000000cfb00000, 0x00000000cfc00000, 0x00000000cfc00000|100%| O|  |TAMS 0x00000000cfc00000| PB 0x00000000cfb00000| Untracked 
| 252|0x00000000cfc00000, 0x00000000cfd00000, 0x00000000cfd00000|100%| O|  |TAMS 0x00000000cfd00000| PB 0x00000000cfc00000| Untracked 
| 253|0x00000000cfd00000, 0x00000000cfd00000, 0x00000000cfe00000|  0%| F|  |TAMS 0x00000000cfd00000| PB 0x00000000cfd00000| Untracked 
| 254|0x00000000cfe00000, 0x00000000cff00000, 0x00000000cff00000|100%| O|  |TAMS 0x00000000cff00000| PB 0x00000000cfe00000| Untracked 
| 255|0x00000000cff00000, 0x00000000d0000000, 0x00000000d0000000|100%| O|  |TAMS 0x00000000d0000000| PB 0x00000000cff00000| Untracked 
| 256|0x00000000d0000000, 0x00000000d0100000, 0x00000000d0100000|100%| O|  |TAMS 0x00000000d0100000| PB 0x00000000d0000000| Untracked 
| 257|0x00000000d0100000, 0x00000000d0100000, 0x00000000d0200000|  0%| F|  |TAMS 0x00000000d0100000| PB 0x00000000d0100000| Untracked 
| 258|0x00000000d0200000, 0x00000000d0200000, 0x00000000d0300000|  0%| F|  |TAMS 0x00000000d0200000| PB 0x00000000d0200000| Untracked 
| 259|0x00000000d0300000, 0x00000000d03fffc8, 0x00000000d0400000| 99%| O|  |TAMS 0x00000000d03fffc8| PB 0x00000000d0300000| Untracked 
| 260|0x00000000d0400000, 0x00000000d0400000, 0x00000000d0500000|  0%| F|  |TAMS 0x00000000d0400000| PB 0x00000000d0400000| Untracked 
| 261|0x00000000d0500000, 0x00000000d0600000, 0x00000000d0600000|100%| O|  |TAMS 0x00000000d0600000| PB 0x00000000d0500000| Untracked 
| 262|0x00000000d0600000, 0x00000000d06ffff0, 0x00000000d0700000| 99%| O|  |TAMS 0x00000000d06ffff0| PB 0x00000000d0600000| Untracked 
| 263|0x00000000d0700000, 0x00000000d0700000, 0x00000000d0800000|  0%| F|  |TAMS 0x00000000d0700000| PB 0x00000000d0700000| Untracked 
| 264|0x00000000d0800000, 0x00000000d0800000, 0x00000000d0900000|  0%| F|  |TAMS 0x00000000d0800000| PB 0x00000000d0800000| Untracked 
| 265|0x00000000d0900000, 0x00000000d0900000, 0x00000000d0a00000|  0%| F|  |TAMS 0x00000000d0900000| PB 0x00000000d0900000| Untracked 
| 266|0x00000000d0a00000, 0x00000000d0b00000, 0x00000000d0b00000|100%| O|  |TAMS 0x00000000d0b00000| PB 0x00000000d0a00000| Untracked 
| 267|0x00000000d0b00000, 0x00000000d0c00000, 0x00000000d0c00000|100%| O|  |TAMS 0x00000000d0c00000| PB 0x00000000d0b00000| Untracked 
| 268|0x00000000d0c00000, 0x00000000d0c00000, 0x00000000d0d00000|  0%| F|  |TAMS 0x00000000d0c00000| PB 0x00000000d0c00000| Untracked 
| 269|0x00000000d0d00000, 0x00000000d0d00000, 0x00000000d0e00000|  0%| F|  |TAMS 0x00000000d0d00000| PB 0x00000000d0d00000| Untracked 
| 270|0x00000000d0e00000, 0x00000000d0effff8, 0x00000000d0f00000| 99%| O|  |TAMS 0x00000000d0effff8| PB 0x00000000d0e00000| Untracked 
| 271|0x00000000d0f00000, 0x00000000d0f00000, 0x00000000d1000000|  0%| F|  |TAMS 0x00000000d0f00000| PB 0x00000000d0f00000| Untracked 
| 272|0x00000000d1000000, 0x00000000d1100000, 0x00000000d1100000|100%| O|  |TAMS 0x00000000d1100000| PB 0x00000000d1000000| Untracked 
| 273|0x00000000d1100000, 0x00000000d1200000, 0x00000000d1200000|100%| O|  |TAMS 0x00000000d1200000| PB 0x00000000d1100000| Untracked 
| 274|0x00000000d1200000, 0x00000000d1300000, 0x00000000d1300000|100%| O|  |TAMS 0x00000000d1300000| PB 0x00000000d1200000| Untracked 
| 275|0x00000000d1300000, 0x00000000d1300000, 0x00000000d1400000|  0%| F|  |TAMS 0x00000000d1300000| PB 0x00000000d1300000| Untracked 
| 276|0x00000000d1400000, 0x00000000d1500000, 0x00000000d1500000|100%| O|  |TAMS 0x00000000d1500000| PB 0x00000000d1400000| Untracked 
| 277|0x00000000d1500000, 0x00000000d1500000, 0x00000000d1600000|  0%| F|  |TAMS 0x00000000d1500000| PB 0x00000000d1500000| Untracked 
| 278|0x00000000d1600000, 0x00000000d1700000, 0x00000000d1700000|100%| O|  |TAMS 0x00000000d1700000| PB 0x00000000d1600000| Untracked 
| 279|0x00000000d1700000, 0x00000000d1800000, 0x00000000d1800000|100%| O|  |TAMS 0x00000000d1800000| PB 0x00000000d1700000| Untracked 
| 280|0x00000000d1800000, 0x00000000d1800000, 0x00000000d1900000|  0%| F|  |TAMS 0x00000000d1800000| PB 0x00000000d1800000| Untracked 
| 281|0x00000000d1900000, 0x00000000d1900000, 0x00000000d1a00000|  0%| F|  |TAMS 0x00000000d1900000| PB 0x00000000d1900000| Untracked 
| 282|0x00000000d1a00000, 0x00000000d1afffe8, 0x00000000d1b00000| 99%| O|  |TAMS 0x00000000d1afffe8| PB 0x00000000d1a00000| Untracked 
| 283|0x00000000d1b00000, 0x00000000d1b00000, 0x00000000d1c00000|  0%| F|  |TAMS 0x00000000d1b00000| PB 0x00000000d1b00000| Untracked 
| 284|0x00000000d1c00000, 0x00000000d1cfffc8, 0x00000000d1d00000| 99%| O|  |TAMS 0x00000000d1cfffc8| PB 0x00000000d1c00000| Untracked 
| 285|0x00000000d1d00000, 0x00000000d1d00000, 0x00000000d1e00000|  0%| F|  |TAMS 0x00000000d1d00000| PB 0x00000000d1d00000| Untracked 
| 286|0x00000000d1e00000, 0x00000000d1e00000, 0x00000000d1f00000|  0%| F|  |TAMS 0x00000000d1e00000| PB 0x00000000d1e00000| Untracked 
| 287|0x00000000d1f00000, 0x00000000d2000000, 0x00000000d2000000|100%| O|  |TAMS 0x00000000d2000000| PB 0x00000000d1f00000| Untracked 
| 288|0x00000000d2000000, 0x00000000d2000000, 0x00000000d2100000|  0%| F|  |TAMS 0x00000000d2000000| PB 0x00000000d2000000| Untracked 
| 289|0x00000000d2100000, 0x00000000d2200000, 0x00000000d2200000|100%| O|  |TAMS 0x00000000d2200000| PB 0x00000000d2100000| Untracked 
| 290|0x00000000d2200000, 0x00000000d22ffff0, 0x00000000d2300000| 99%| O|  |TAMS 0x00000000d22ffff0| PB 0x00000000d2200000| Untracked 
| 291|0x00000000d2300000, 0x00000000d2300000, 0x00000000d2400000|  0%| F|  |TAMS 0x00000000d2300000| PB 0x00000000d2300000| Untracked 
| 292|0x00000000d2400000, 0x00000000d24eb700, 0x00000000d2500000| 91%| O|  |TAMS 0x00000000d24eb700| PB 0x00000000d2400000| Untracked 
| 293|0x00000000d2500000, 0x00000000d2500000, 0x00000000d2600000|  0%| F|  |TAMS 0x00000000d2500000| PB 0x00000000d2500000| Untracked 
| 294|0x00000000d2600000, 0x00000000d2600000, 0x00000000d2700000|  0%| F|  |TAMS 0x00000000d2600000| PB 0x00000000d2600000| Untracked 
| 295|0x00000000d2700000, 0x00000000d2800000, 0x00000000d2800000|100%| O|  |TAMS 0x00000000d2800000| PB 0x00000000d2700000| Untracked 
| 296|0x00000000d2800000, 0x00000000d2900000, 0x00000000d2900000|100%| O|  |TAMS 0x00000000d2900000| PB 0x00000000d2800000| Untracked 
| 297|0x00000000d2900000, 0x00000000d29ffff0, 0x00000000d2a00000| 99%| O|  |TAMS 0x00000000d29ffff0| PB 0x00000000d2900000| Untracked 
| 298|0x00000000d2a00000, 0x00000000d2ad5450, 0x00000000d2b00000| 83%| O|  |TAMS 0x00000000d2ad5450| PB 0x00000000d2a00000| Untracked 
| 299|0x00000000d2b00000, 0x00000000d2b00000, 0x00000000d2c00000|  0%| F|  |TAMS 0x00000000d2b00000| PB 0x00000000d2b00000| Untracked 
| 300|0x00000000d2c00000, 0x00000000d2c00000, 0x00000000d2d00000|  0%| F|  |TAMS 0x00000000d2c00000| PB 0x00000000d2c00000| Untracked 
| 301|0x00000000d2d00000, 0x00000000d2d00000, 0x00000000d2e00000|  0%| F|  |TAMS 0x00000000d2d00000| PB 0x00000000d2d00000| Untracked 
| 302|0x00000000d2e00000, 0x00000000d2efe848, 0x00000000d2f00000| 99%| O|  |TAMS 0x00000000d2efe848| PB 0x00000000d2e00000| Untracked 
| 303|0x00000000d2f00000, 0x00000000d2f00000, 0x00000000d3000000|  0%| F|  |TAMS 0x00000000d2f00000| PB 0x00000000d2f00000| Untracked 
| 304|0x00000000d3000000, 0x00000000d3100000, 0x00000000d3100000|100%| O|  |TAMS 0x00000000d3100000| PB 0x00000000d3000000| Untracked 
| 305|0x00000000d3100000, 0x00000000d31ffff8, 0x00000000d3200000| 99%| O|  |TAMS 0x00000000d31ffff8| PB 0x00000000d3100000| Untracked 
| 306|0x00000000d3200000, 0x00000000d3200000, 0x00000000d3300000|  0%| F|  |TAMS 0x00000000d3200000| PB 0x00000000d3200000| Untracked 
| 307|0x00000000d3300000, 0x00000000d3300000, 0x00000000d3400000|  0%| F|  |TAMS 0x00000000d3300000| PB 0x00000000d3300000| Untracked 
| 308|0x00000000d3400000, 0x00000000d3400000, 0x00000000d3500000|  0%| F|  |TAMS 0x00000000d3400000| PB 0x00000000d3400000| Untracked 
| 309|0x00000000d3500000, 0x00000000d35fffa0, 0x00000000d3600000| 99%| O|  |TAMS 0x00000000d35fffa0| PB 0x00000000d3500000| Untracked 
| 310|0x00000000d3600000, 0x00000000d36d8fb0, 0x00000000d3700000| 84%| O|  |TAMS 0x00000000d36d8fb0| PB 0x00000000d3600000| Untracked 
| 311|0x00000000d3700000, 0x00000000d3800000, 0x00000000d3800000|100%| O|  |TAMS 0x00000000d3800000| PB 0x00000000d3700000| Untracked 
| 312|0x00000000d3800000, 0x00000000d3800000, 0x00000000d3900000|  0%| F|  |TAMS 0x00000000d3800000| PB 0x00000000d3800000| Untracked 
| 313|0x00000000d3900000, 0x00000000d3a00000, 0x00000000d3a00000|100%| O|  |TAMS 0x00000000d3a00000| PB 0x00000000d3900000| Untracked 
| 314|0x00000000d3a00000, 0x00000000d3b00000, 0x00000000d3b00000|100%| O|  |TAMS 0x00000000d3b00000| PB 0x00000000d3a00000| Untracked 
| 315|0x00000000d3b00000, 0x00000000d3bffff8, 0x00000000d3c00000| 99%| O|  |TAMS 0x00000000d3bffff8| PB 0x00000000d3b00000| Untracked 
| 316|0x00000000d3c00000, 0x00000000d3c00000, 0x00000000d3d00000|  0%| F|  |TAMS 0x00000000d3c00000| PB 0x00000000d3c00000| Untracked 
| 317|0x00000000d3d00000, 0x00000000d3dfffd8, 0x00000000d3e00000| 99%| O|  |TAMS 0x00000000d3dfffd8| PB 0x00000000d3d00000| Untracked 
| 318|0x00000000d3e00000, 0x00000000d3f00000, 0x00000000d3f00000|100%| O|  |TAMS 0x00000000d3f00000| PB 0x00000000d3e00000| Untracked 
| 319|0x00000000d3f00000, 0x00000000d3f00000, 0x00000000d4000000|  0%| F|  |TAMS 0x00000000d3f00000| PB 0x00000000d3f00000| Untracked 
| 320|0x00000000d4000000, 0x00000000d4000000, 0x00000000d4100000|  0%| F|  |TAMS 0x00000000d4000000| PB 0x00000000d4000000| Untracked 
| 321|0x00000000d4100000, 0x00000000d4100000, 0x00000000d4200000|  0%| F|  |TAMS 0x00000000d4100000| PB 0x00000000d4100000| Untracked 
| 322|0x00000000d4200000, 0x00000000d4300000, 0x00000000d4300000|100%| O|  |TAMS 0x00000000d4300000| PB 0x00000000d4200000| Untracked 
| 323|0x00000000d4300000, 0x00000000d4400000, 0x00000000d4400000|100%| O|  |TAMS 0x00000000d4400000| PB 0x00000000d4300000| Untracked 
| 324|0x00000000d4400000, 0x00000000d4500000, 0x00000000d4500000|100%| O|  |TAMS 0x00000000d4500000| PB 0x00000000d4400000| Untracked 
| 325|0x00000000d4500000, 0x00000000d4500000, 0x00000000d4600000|  0%| F|  |TAMS 0x00000000d4500000| PB 0x00000000d4500000| Untracked 
| 326|0x00000000d4600000, 0x00000000d4700000, 0x00000000d4700000|100%| O|  |TAMS 0x00000000d4700000| PB 0x00000000d4600000| Untracked 
| 327|0x00000000d4700000, 0x00000000d4800000, 0x00000000d4800000|100%| O|  |TAMS 0x00000000d4800000| PB 0x00000000d4700000| Untracked 
| 328|0x00000000d4800000, 0x00000000d4800000, 0x00000000d4900000|  0%| F|  |TAMS 0x00000000d4800000| PB 0x00000000d4800000| Untracked 
| 329|0x00000000d4900000, 0x00000000d4900000, 0x00000000d4a00000|  0%| F|  |TAMS 0x00000000d4900000| PB 0x00000000d4900000| Untracked 
| 330|0x00000000d4a00000, 0x00000000d4a00000, 0x00000000d4b00000|  0%| F|  |TAMS 0x00000000d4a00000| PB 0x00000000d4a00000| Untracked 
| 331|0x00000000d4b00000, 0x00000000d4b00000, 0x00000000d4c00000|  0%| F|  |TAMS 0x00000000d4b00000| PB 0x00000000d4b00000| Untracked 
| 332|0x00000000d4c00000, 0x00000000d4c00000, 0x00000000d4d00000|  0%| F|  |TAMS 0x00000000d4c00000| PB 0x00000000d4c00000| Untracked 
| 333|0x00000000d4d00000, 0x00000000d4d00000, 0x00000000d4e00000|  0%| F|  |TAMS 0x00000000d4d00000| PB 0x00000000d4d00000| Untracked 
| 334|0x00000000d4e00000, 0x00000000d4e00000, 0x00000000d4f00000|  0%| F|  |TAMS 0x00000000d4e00000| PB 0x00000000d4e00000| Untracked 
| 335|0x00000000d4f00000, 0x00000000d4f00000, 0x00000000d5000000|  0%| F|  |TAMS 0x00000000d4f00000| PB 0x00000000d4f00000| Untracked 
| 336|0x00000000d5000000, 0x00000000d5000000, 0x00000000d5100000|  0%| F|  |TAMS 0x00000000d5000000| PB 0x00000000d5000000| Untracked 
| 337|0x00000000d5100000, 0x00000000d5200000, 0x00000000d5200000|100%| O|  |TAMS 0x00000000d5200000| PB 0x00000000d5100000| Untracked 
| 338|0x00000000d5200000, 0x00000000d5300000, 0x00000000d5300000|100%| O|  |TAMS 0x00000000d5300000| PB 0x00000000d5200000| Untracked 
| 339|0x00000000d5300000, 0x00000000d53fb9d0, 0x00000000d5400000| 98%| O|  |TAMS 0x00000000d53fb9d0| PB 0x00000000d5300000| Untracked 
| 340|0x00000000d5400000, 0x00000000d5400000, 0x00000000d5500000|  0%| F|  |TAMS 0x00000000d5400000| PB 0x00000000d5400000| Untracked 
| 341|0x00000000d5500000, 0x00000000d5500000, 0x00000000d5600000|  0%| F|  |TAMS 0x00000000d5500000| PB 0x00000000d5500000| Untracked 
| 342|0x00000000d5600000, 0x00000000d5600000, 0x00000000d5700000|  0%| F|  |TAMS 0x00000000d5600000| PB 0x00000000d5600000| Untracked 
| 343|0x00000000d5700000, 0x00000000d5700000, 0x00000000d5800000|  0%| F|  |TAMS 0x00000000d5700000| PB 0x00000000d5700000| Untracked 
| 344|0x00000000d5800000, 0x00000000d5800000, 0x00000000d5900000|  0%| F|  |TAMS 0x00000000d5800000| PB 0x00000000d5800000| Untracked 
| 345|0x00000000d5900000, 0x00000000d5900000, 0x00000000d5a00000|  0%| F|  |TAMS 0x00000000d5900000| PB 0x00000000d5900000| Untracked 
| 346|0x00000000d5a00000, 0x00000000d5a00000, 0x00000000d5b00000|  0%| F|  |TAMS 0x00000000d5a00000| PB 0x00000000d5a00000| Untracked 
| 347|0x00000000d5b00000, 0x00000000d5bb2848, 0x00000000d5c00000| 69%| O|  |TAMS 0x00000000d5bb2848| PB 0x00000000d5b00000| Untracked 
| 348|0x00000000d5c00000, 0x00000000d5c00000, 0x00000000d5d00000|  0%| F|  |TAMS 0x00000000d5c00000| PB 0x00000000d5c00000| Untracked 
| 349|0x00000000d5d00000, 0x00000000d5d00000, 0x00000000d5e00000|  0%| F|  |TAMS 0x00000000d5d00000| PB 0x00000000d5d00000| Untracked 
| 350|0x00000000d5e00000, 0x00000000d5f00000, 0x00000000d5f00000|100%| O|  |TAMS 0x00000000d5f00000| PB 0x00000000d5e00000| Untracked 
| 351|0x00000000d5f00000, 0x00000000d6000000, 0x00000000d6000000|100%| O|  |TAMS 0x00000000d6000000| PB 0x00000000d5f00000| Untracked 
| 352|0x00000000d6000000, 0x00000000d6000000, 0x00000000d6100000|  0%| F|  |TAMS 0x00000000d6000000| PB 0x00000000d6000000| Untracked 
| 353|0x00000000d6100000, 0x00000000d6100000, 0x00000000d6200000|  0%| F|  |TAMS 0x00000000d6100000| PB 0x00000000d6100000| Untracked 
| 354|0x00000000d6200000, 0x00000000d6200000, 0x00000000d6300000|  0%| F|  |TAMS 0x00000000d6200000| PB 0x00000000d6200000| Untracked 
| 355|0x00000000d6300000, 0x00000000d6400000, 0x00000000d6400000|100%| O|  |TAMS 0x00000000d6400000| PB 0x00000000d6300000| Untracked 
| 356|0x00000000d6400000, 0x00000000d6500000, 0x00000000d6500000|100%| O|  |TAMS 0x00000000d6500000| PB 0x00000000d6400000| Untracked 
| 357|0x00000000d6500000, 0x00000000d6600000, 0x00000000d6600000|100%| O|  |TAMS 0x00000000d6600000| PB 0x00000000d6500000| Untracked 
| 358|0x00000000d6600000, 0x00000000d6600000, 0x00000000d6700000|  0%| F|  |TAMS 0x00000000d6600000| PB 0x00000000d6600000| Untracked 
| 359|0x00000000d6700000, 0x00000000d6800000, 0x00000000d6800000|100%| O|  |TAMS 0x00000000d6800000| PB 0x00000000d6700000| Untracked 
| 360|0x00000000d6800000, 0x00000000d6800000, 0x00000000d6900000|  0%| F|  |TAMS 0x00000000d6800000| PB 0x00000000d6800000| Untracked 
| 361|0x00000000d6900000, 0x00000000d6900000, 0x00000000d6a00000|  0%| F|  |TAMS 0x00000000d6900000| PB 0x00000000d6900000| Untracked 
| 362|0x00000000d6a00000, 0x00000000d6b00000, 0x00000000d6b00000|100%| O|  |TAMS 0x00000000d6b00000| PB 0x00000000d6a00000| Untracked 
| 363|0x00000000d6b00000, 0x00000000d6c00000, 0x00000000d6c00000|100%| O|  |TAMS 0x00000000d6c00000| PB 0x00000000d6b00000| Untracked 
| 364|0x00000000d6c00000, 0x00000000d6d00000, 0x00000000d6d00000|100%| O|  |TAMS 0x00000000d6d00000| PB 0x00000000d6c00000| Untracked 
| 365|0x00000000d6d00000, 0x00000000d6dc6be0, 0x00000000d6e00000| 77%| O|  |TAMS 0x00000000d6dc6be0| PB 0x00000000d6d00000| Untracked 
| 366|0x00000000d6e00000, 0x00000000d6e00000, 0x00000000d6f00000|  0%| F|  |TAMS 0x00000000d6e00000| PB 0x00000000d6e00000| Untracked 
| 367|0x00000000d6f00000, 0x00000000d7000000, 0x00000000d7000000|100%| O|  |TAMS 0x00000000d7000000| PB 0x00000000d6f00000| Untracked 
| 368|0x00000000d7000000, 0x00000000d7000000, 0x00000000d7100000|  0%| F|  |TAMS 0x00000000d7000000| PB 0x00000000d7000000| Untracked 
| 369|0x00000000d7100000, 0x00000000d7100000, 0x00000000d7200000|  0%| F|  |TAMS 0x00000000d7100000| PB 0x00000000d7100000| Untracked 
| 370|0x00000000d7200000, 0x00000000d7200000, 0x00000000d7300000|  0%| F|  |TAMS 0x00000000d7200000| PB 0x00000000d7200000| Untracked 
| 371|0x00000000d7300000, 0x00000000d7300000, 0x00000000d7400000|  0%| F|  |TAMS 0x00000000d7300000| PB 0x00000000d7300000| Untracked 
| 372|0x00000000d7400000, 0x00000000d7400000, 0x00000000d7500000|  0%| F|  |TAMS 0x00000000d7400000| PB 0x00000000d7400000| Untracked 
| 373|0x00000000d7500000, 0x00000000d7500000, 0x00000000d7600000|  0%| F|  |TAMS 0x00000000d7500000| PB 0x00000000d7500000| Untracked 
| 374|0x00000000d7600000, 0x00000000d7600000, 0x00000000d7700000|  0%| F|  |TAMS 0x00000000d7600000| PB 0x00000000d7600000| Untracked 
| 375|0x00000000d7700000, 0x00000000d7700000, 0x00000000d7800000|  0%| F|  |TAMS 0x00000000d7700000| PB 0x00000000d7700000| Untracked 
| 376|0x00000000d7800000, 0x00000000d7800000, 0x00000000d7900000|  0%| F|  |TAMS 0x00000000d7800000| PB 0x00000000d7800000| Untracked 
| 377|0x00000000d7900000, 0x00000000d7a00000, 0x00000000d7a00000|100%| O|  |TAMS 0x00000000d7a00000| PB 0x00000000d7900000| Untracked 
| 378|0x00000000d7a00000, 0x00000000d7a00000, 0x00000000d7b00000|  0%| F|  |TAMS 0x00000000d7a00000| PB 0x00000000d7a00000| Untracked 
| 379|0x00000000d7b00000, 0x00000000d7c00000, 0x00000000d7c00000|100%| O|  |TAMS 0x00000000d7c00000| PB 0x00000000d7b00000| Untracked 
| 380|0x00000000d7c00000, 0x00000000d7d00000, 0x00000000d7d00000|100%| O|  |TAMS 0x00000000d7d00000| PB 0x00000000d7c00000| Untracked 
| 381|0x00000000d7d00000, 0x00000000d7d00000, 0x00000000d7e00000|  0%| F|  |TAMS 0x00000000d7d00000| PB 0x00000000d7d00000| Untracked 
| 382|0x00000000d7e00000, 0x00000000d7e00000, 0x00000000d7f00000|  0%| F|  |TAMS 0x00000000d7e00000| PB 0x00000000d7e00000| Untracked 
| 383|0x00000000d7f00000, 0x00000000d7f00000, 0x00000000d8000000|  0%| F|  |TAMS 0x00000000d7f00000| PB 0x00000000d7f00000| Untracked 
| 384|0x00000000d8000000, 0x00000000d8000000, 0x00000000d8100000|  0%| F|  |TAMS 0x00000000d8000000| PB 0x00000000d8000000| Untracked 
| 385|0x00000000d8100000, 0x00000000d8200000, 0x00000000d8200000|100%| O|  |TAMS 0x00000000d8200000| PB 0x00000000d8100000| Untracked 
| 386|0x00000000d8200000, 0x00000000d8200000, 0x00000000d8300000|  0%| F|  |TAMS 0x00000000d8200000| PB 0x00000000d8200000| Untracked 
| 387|0x00000000d8300000, 0x00000000d8400000, 0x00000000d8400000|100%| O|  |TAMS 0x00000000d8400000| PB 0x00000000d8300000| Untracked 
| 388|0x00000000d8400000, 0x00000000d8500000, 0x00000000d8500000|100%| O|  |TAMS 0x00000000d8500000| PB 0x00000000d8400000| Untracked 
| 389|0x00000000d8500000, 0x00000000d8500000, 0x00000000d8600000|  0%| F|  |TAMS 0x00000000d8500000| PB 0x00000000d8500000| Untracked 
| 390|0x00000000d8600000, 0x00000000d8600000, 0x00000000d8700000|  0%| F|  |TAMS 0x00000000d8600000| PB 0x00000000d8600000| Untracked 
| 391|0x00000000d8700000, 0x00000000d8800000, 0x00000000d8800000|100%| O|  |TAMS 0x00000000d8800000| PB 0x00000000d8700000| Untracked 
| 392|0x00000000d8800000, 0x00000000d8900000, 0x00000000d8900000|100%| O|  |TAMS 0x00000000d8900000| PB 0x00000000d8800000| Untracked 
| 393|0x00000000d8900000, 0x00000000d8900000, 0x00000000d8a00000|  0%| F|  |TAMS 0x00000000d8900000| PB 0x00000000d8900000| Untracked 
| 394|0x00000000d8a00000, 0x00000000d8b00000, 0x00000000d8b00000|100%| O|  |TAMS 0x00000000d8b00000| PB 0x00000000d8a00000| Untracked 
| 395|0x00000000d8b00000, 0x00000000d8b00000, 0x00000000d8c00000|  0%| F|  |TAMS 0x00000000d8b00000| PB 0x00000000d8b00000| Untracked 
| 396|0x00000000d8c00000, 0x00000000d8c00000, 0x00000000d8d00000|  0%| F|  |TAMS 0x00000000d8c00000| PB 0x00000000d8c00000| Untracked 
| 397|0x00000000d8d00000, 0x00000000d8e00000, 0x00000000d8e00000|100%| O|  |TAMS 0x00000000d8e00000| PB 0x00000000d8d00000| Untracked 
| 398|0x00000000d8e00000, 0x00000000d8e00000, 0x00000000d8f00000|  0%| F|  |TAMS 0x00000000d8e00000| PB 0x00000000d8e00000| Untracked 
| 399|0x00000000d8f00000, 0x00000000d9000000, 0x00000000d9000000|100%| O|  |TAMS 0x00000000d9000000| PB 0x00000000d8f00000| Untracked 
| 400|0x00000000d9000000, 0x00000000d9100000, 0x00000000d9100000|100%| O|  |TAMS 0x00000000d9100000| PB 0x00000000d9000000| Untracked 
| 401|0x00000000d9100000, 0x00000000d9100000, 0x00000000d9200000|  0%| F|  |TAMS 0x00000000d9100000| PB 0x00000000d9100000| Untracked 
| 402|0x00000000d9200000, 0x00000000d9200000, 0x00000000d9300000|  0%| F|  |TAMS 0x00000000d9200000| PB 0x00000000d9200000| Untracked 
| 403|0x00000000d9300000, 0x00000000d9300000, 0x00000000d9400000|  0%| F|  |TAMS 0x00000000d9300000| PB 0x00000000d9300000| Untracked 
| 404|0x00000000d9400000, 0x00000000d9400000, 0x00000000d9500000|  0%| F|  |TAMS 0x00000000d9400000| PB 0x00000000d9400000| Untracked 
| 405|0x00000000d9500000, 0x00000000d9500000, 0x00000000d9600000|  0%| F|  |TAMS 0x00000000d9500000| PB 0x00000000d9500000| Untracked 
| 406|0x00000000d9600000, 0x00000000d9600000, 0x00000000d9700000|  0%| F|  |TAMS 0x00000000d9600000| PB 0x00000000d9600000| Untracked 
| 407|0x00000000d9700000, 0x00000000d9700000, 0x00000000d9800000|  0%| F|  |TAMS 0x00000000d9700000| PB 0x00000000d9700000| Untracked 
| 408|0x00000000d9800000, 0x00000000d9800000, 0x00000000d9900000|  0%| F|  |TAMS 0x00000000d9800000| PB 0x00000000d9800000| Untracked 
| 409|0x00000000d9900000, 0x00000000d9900000, 0x00000000d9a00000|  0%| F|  |TAMS 0x00000000d9900000| PB 0x00000000d9900000| Untracked 
| 410|0x00000000d9a00000, 0x00000000d9a00000, 0x00000000d9b00000|  0%| F|  |TAMS 0x00000000d9a00000| PB 0x00000000d9a00000| Untracked 
| 411|0x00000000d9b00000, 0x00000000d9b00000, 0x00000000d9c00000|  0%| F|  |TAMS 0x00000000d9b00000| PB 0x00000000d9b00000| Untracked 
| 412|0x00000000d9c00000, 0x00000000d9c00000, 0x00000000d9d00000|  0%| F|  |TAMS 0x00000000d9c00000| PB 0x00000000d9c00000| Untracked 
| 413|0x00000000d9d00000, 0x00000000d9d00000, 0x00000000d9e00000|  0%| F|  |TAMS 0x00000000d9d00000| PB 0x00000000d9d00000| Untracked 
| 414|0x00000000d9e00000, 0x00000000d9f00000, 0x00000000d9f00000|100%| O|  |TAMS 0x00000000d9f00000| PB 0x00000000d9e00000| Untracked 
| 415|0x00000000d9f00000, 0x00000000d9f00000, 0x00000000da000000|  0%| F|  |TAMS 0x00000000d9f00000| PB 0x00000000d9f00000| Untracked 
| 416|0x00000000da000000, 0x00000000da000000, 0x00000000da100000|  0%| F|  |TAMS 0x00000000da000000| PB 0x00000000da000000| Untracked 
| 417|0x00000000da100000, 0x00000000da100000, 0x00000000da200000|  0%| F|  |TAMS 0x00000000da100000| PB 0x00000000da100000| Untracked 
| 418|0x00000000da200000, 0x00000000da200000, 0x00000000da300000|  0%| F|  |TAMS 0x00000000da200000| PB 0x00000000da200000| Untracked 
| 419|0x00000000da300000, 0x00000000da300000, 0x00000000da400000|  0%| F|  |TAMS 0x00000000da300000| PB 0x00000000da300000| Untracked 
| 420|0x00000000da400000, 0x00000000da400000, 0x00000000da500000|  0%| F|  |TAMS 0x00000000da400000| PB 0x00000000da400000| Untracked 
| 421|0x00000000da500000, 0x00000000da500000, 0x00000000da600000|  0%| F|  |TAMS 0x00000000da500000| PB 0x00000000da500000| Untracked 
| 422|0x00000000da600000, 0x00000000da600000, 0x00000000da700000|  0%| F|  |TAMS 0x00000000da600000| PB 0x00000000da600000| Untracked 
| 423|0x00000000da700000, 0x00000000da700000, 0x00000000da800000|  0%| F|  |TAMS 0x00000000da700000| PB 0x00000000da700000| Untracked 
| 424|0x00000000da800000, 0x00000000da800000, 0x00000000da900000|  0%| F|  |TAMS 0x00000000da800000| PB 0x00000000da800000| Untracked 
| 425|0x00000000da900000, 0x00000000da900000, 0x00000000daa00000|  0%| F|  |TAMS 0x00000000da900000| PB 0x00000000da900000| Untracked 
| 426|0x00000000daa00000, 0x00000000dab00000, 0x00000000dab00000|100%| O|  |TAMS 0x00000000dab00000| PB 0x00000000daa00000| Untracked 
| 427|0x00000000dab00000, 0x00000000dac00000, 0x00000000dac00000|100%| O|  |TAMS 0x00000000dac00000| PB 0x00000000dab00000| Untracked 
| 428|0x00000000dac00000, 0x00000000dad00000, 0x00000000dad00000|100%| O|  |TAMS 0x00000000dad00000| PB 0x00000000dac00000| Untracked 
| 429|0x00000000dad00000, 0x00000000dad00000, 0x00000000dae00000|  0%| F|  |TAMS 0x00000000dad00000| PB 0x00000000dad00000| Untracked 
| 430|0x00000000dae00000, 0x00000000dae00000, 0x00000000daf00000|  0%| F|  |TAMS 0x00000000dae00000| PB 0x00000000dae00000| Untracked 
| 431|0x00000000daf00000, 0x00000000daf00000, 0x00000000db000000|  0%| F|  |TAMS 0x00000000daf00000| PB 0x00000000daf00000| Untracked 
| 432|0x00000000db000000, 0x00000000db000000, 0x00000000db100000|  0%| F|  |TAMS 0x00000000db000000| PB 0x00000000db000000| Untracked 
| 433|0x00000000db100000, 0x00000000db100000, 0x00000000db200000|  0%| F|  |TAMS 0x00000000db100000| PB 0x00000000db100000| Untracked 
| 434|0x00000000db200000, 0x00000000db200000, 0x00000000db300000|  0%| F|  |TAMS 0x00000000db200000| PB 0x00000000db200000| Untracked 
| 435|0x00000000db300000, 0x00000000db300000, 0x00000000db400000|  0%| F|  |TAMS 0x00000000db300000| PB 0x00000000db300000| Untracked 
| 436|0x00000000db400000, 0x00000000db400000, 0x00000000db500000|  0%| F|  |TAMS 0x00000000db400000| PB 0x00000000db400000| Untracked 
| 437|0x00000000db500000, 0x00000000db500000, 0x00000000db600000|  0%| F|  |TAMS 0x00000000db500000| PB 0x00000000db500000| Untracked 
| 438|0x00000000db600000, 0x00000000db600000, 0x00000000db700000|  0%| F|  |TAMS 0x00000000db600000| PB 0x00000000db600000| Untracked 
| 439|0x00000000db700000, 0x00000000db700000, 0x00000000db800000|  0%| F|  |TAMS 0x00000000db700000| PB 0x00000000db700000| Untracked 
| 440|0x00000000db800000, 0x00000000db800000, 0x00000000db900000|  0%| F|  |TAMS 0x00000000db800000| PB 0x00000000db800000| Untracked 
| 441|0x00000000db900000, 0x00000000db900000, 0x00000000dba00000|  0%| F|  |TAMS 0x00000000db900000| PB 0x00000000db900000| Untracked 
| 442|0x00000000dba00000, 0x00000000dba00000, 0x00000000dbb00000|  0%| F|  |TAMS 0x00000000dba00000| PB 0x00000000dba00000| Untracked 
| 443|0x00000000dbb00000, 0x00000000dbb00000, 0x00000000dbc00000|  0%| F|  |TAMS 0x00000000dbb00000| PB 0x00000000dbb00000| Untracked 
| 444|0x00000000dbc00000, 0x00000000dbc00000, 0x00000000dbd00000|  0%| F|  |TAMS 0x00000000dbc00000| PB 0x00000000dbc00000| Untracked 
| 445|0x00000000dbd00000, 0x00000000dbd00000, 0x00000000dbe00000|  0%| F|  |TAMS 0x00000000dbd00000| PB 0x00000000dbd00000| Untracked 
| 446|0x00000000dbe00000, 0x00000000dbe00000, 0x00000000dbf00000|  0%| F|  |TAMS 0x00000000dbe00000| PB 0x00000000dbe00000| Untracked 
| 447|0x00000000dbf00000, 0x00000000dbf00000, 0x00000000dc000000|  0%| F|  |TAMS 0x00000000dbf00000| PB 0x00000000dbf00000| Untracked 
| 448|0x00000000dc000000, 0x00000000dc000000, 0x00000000dc100000|  0%| F|  |TAMS 0x00000000dc000000| PB 0x00000000dc000000| Untracked 
| 449|0x00000000dc100000, 0x00000000dc100000, 0x00000000dc200000|  0%| F|  |TAMS 0x00000000dc100000| PB 0x00000000dc100000| Untracked 
| 450|0x00000000dc200000, 0x00000000dc200000, 0x00000000dc300000|  0%| F|  |TAMS 0x00000000dc200000| PB 0x00000000dc200000| Untracked 
| 451|0x00000000dc300000, 0x00000000dc300000, 0x00000000dc400000|  0%| F|  |TAMS 0x00000000dc300000| PB 0x00000000dc300000| Untracked 
| 452|0x00000000dc400000, 0x00000000dc400000, 0x00000000dc500000|  0%| F|  |TAMS 0x00000000dc400000| PB 0x00000000dc400000| Untracked 
| 453|0x00000000dc500000, 0x00000000dc500000, 0x00000000dc600000|  0%| F|  |TAMS 0x00000000dc500000| PB 0x00000000dc500000| Untracked 
| 454|0x00000000dc600000, 0x00000000dc600000, 0x00000000dc700000|  0%| F|  |TAMS 0x00000000dc600000| PB 0x00000000dc600000| Untracked 
| 455|0x00000000dc700000, 0x00000000dc700000, 0x00000000dc800000|  0%| F|  |TAMS 0x00000000dc700000| PB 0x00000000dc700000| Untracked 
| 456|0x00000000dc800000, 0x00000000dc800000, 0x00000000dc900000|  0%| F|  |TAMS 0x00000000dc800000| PB 0x00000000dc800000| Untracked 
| 457|0x00000000dc900000, 0x00000000dc900000, 0x00000000dca00000|  0%| F|  |TAMS 0x00000000dc900000| PB 0x00000000dc900000| Untracked 
| 458|0x00000000dca00000, 0x00000000dca00000, 0x00000000dcb00000|  0%| F|  |TAMS 0x00000000dca00000| PB 0x00000000dca00000| Untracked 
| 459|0x00000000dcb00000, 0x00000000dcb00000, 0x00000000dcc00000|  0%| F|  |TAMS 0x00000000dcb00000| PB 0x00000000dcb00000| Untracked 
| 460|0x00000000dcc00000, 0x00000000dcc00000, 0x00000000dcd00000|  0%| F|  |TAMS 0x00000000dcc00000| PB 0x00000000dcc00000| Untracked 
| 461|0x00000000dcd00000, 0x00000000dce00000, 0x00000000dce00000|100%| O|  |TAMS 0x00000000dce00000| PB 0x00000000dcd00000| Untracked 
| 462|0x00000000dce00000, 0x00000000dce00000, 0x00000000dcf00000|  0%| F|  |TAMS 0x00000000dce00000| PB 0x00000000dce00000| Untracked 
| 463|0x00000000dcf00000, 0x00000000dcf00000, 0x00000000dd000000|  0%| F|  |TAMS 0x00000000dcf00000| PB 0x00000000dcf00000| Untracked 
| 464|0x00000000dd000000, 0x00000000dd000000, 0x00000000dd100000|  0%| F|  |TAMS 0x00000000dd000000| PB 0x00000000dd000000| Untracked 
| 465|0x00000000dd100000, 0x00000000dd100000, 0x00000000dd200000|  0%| F|  |TAMS 0x00000000dd100000| PB 0x00000000dd100000| Untracked 
| 466|0x00000000dd200000, 0x00000000dd200000, 0x00000000dd300000|  0%| F|  |TAMS 0x00000000dd200000| PB 0x00000000dd200000| Untracked 
| 467|0x00000000dd300000, 0x00000000dd300000, 0x00000000dd400000|  0%| F|  |TAMS 0x00000000dd300000| PB 0x00000000dd300000| Untracked 
| 468|0x00000000dd400000, 0x00000000dd400000, 0x00000000dd500000|  0%| F|  |TAMS 0x00000000dd400000| PB 0x00000000dd400000| Untracked 
| 469|0x00000000dd500000, 0x00000000dd500000, 0x00000000dd600000|  0%| F|  |TAMS 0x00000000dd500000| PB 0x00000000dd500000| Untracked 
| 470|0x00000000dd600000, 0x00000000dd600000, 0x00000000dd700000|  0%| F|  |TAMS 0x00000000dd600000| PB 0x00000000dd600000| Untracked 
| 471|0x00000000dd700000, 0x00000000dd700000, 0x00000000dd800000|  0%| F|  |TAMS 0x00000000dd700000| PB 0x00000000dd700000| Untracked 
| 472|0x00000000dd800000, 0x00000000dd800000, 0x00000000dd900000|  0%| F|  |TAMS 0x00000000dd800000| PB 0x00000000dd800000| Untracked 
| 473|0x00000000dd900000, 0x00000000dda00000, 0x00000000dda00000|100%| O|  |TAMS 0x00000000dda00000| PB 0x00000000dd900000| Untracked 
| 474|0x00000000dda00000, 0x00000000dda00000, 0x00000000ddb00000|  0%| F|  |TAMS 0x00000000dda00000| PB 0x00000000dda00000| Untracked 
| 475|0x00000000ddb00000, 0x00000000ddb00000, 0x00000000ddc00000|  0%| F|  |TAMS 0x00000000ddb00000| PB 0x00000000ddb00000| Untracked 
| 476|0x00000000ddc00000, 0x00000000ddc00000, 0x00000000ddd00000|  0%| F|  |TAMS 0x00000000ddc00000| PB 0x00000000ddc00000| Untracked 
| 477|0x00000000ddd00000, 0x00000000ddd00000, 0x00000000dde00000|  0%| F|  |TAMS 0x00000000ddd00000| PB 0x00000000ddd00000| Untracked 
| 478|0x00000000dde00000, 0x00000000dde00000, 0x00000000ddf00000|  0%| F|  |TAMS 0x00000000dde00000| PB 0x00000000dde00000| Untracked 
| 479|0x00000000ddf00000, 0x00000000ddf00000, 0x00000000de000000|  0%| F|  |TAMS 0x00000000ddf00000| PB 0x00000000ddf00000| Untracked 
| 480|0x00000000de000000, 0x00000000de000000, 0x00000000de100000|  0%| F|  |TAMS 0x00000000de000000| PB 0x00000000de000000| Untracked 
| 481|0x00000000de100000, 0x00000000de100000, 0x00000000de200000|  0%| F|  |TAMS 0x00000000de100000| PB 0x00000000de100000| Untracked 
| 482|0x00000000de200000, 0x00000000de200000, 0x00000000de300000|  0%| F|  |TAMS 0x00000000de200000| PB 0x00000000de200000| Untracked 
| 483|0x00000000de300000, 0x00000000de300000, 0x00000000de400000|  0%| F|  |TAMS 0x00000000de300000| PB 0x00000000de300000| Untracked 
| 484|0x00000000de400000, 0x00000000de400000, 0x00000000de500000|  0%| F|  |TAMS 0x00000000de400000| PB 0x00000000de400000| Untracked 
| 485|0x00000000de500000, 0x00000000de500000, 0x00000000de600000|  0%| F|  |TAMS 0x00000000de500000| PB 0x00000000de500000| Untracked 
| 486|0x00000000de600000, 0x00000000de600000, 0x00000000de700000|  0%| F|  |TAMS 0x00000000de600000| PB 0x00000000de600000| Untracked 
| 487|0x00000000de700000, 0x00000000de700000, 0x00000000de800000|  0%| F|  |TAMS 0x00000000de700000| PB 0x00000000de700000| Untracked 
| 488|0x00000000de800000, 0x00000000de800000, 0x00000000de900000|  0%| F|  |TAMS 0x00000000de800000| PB 0x00000000de800000| Untracked 
| 489|0x00000000de900000, 0x00000000de900000, 0x00000000dea00000|  0%| F|  |TAMS 0x00000000de900000| PB 0x00000000de900000| Untracked 
| 490|0x00000000dea00000, 0x00000000dea00000, 0x00000000deb00000|  0%| F|  |TAMS 0x00000000dea00000| PB 0x00000000dea00000| Untracked 
| 491|0x00000000deb00000, 0x00000000deb00000, 0x00000000dec00000|  0%| F|  |TAMS 0x00000000deb00000| PB 0x00000000deb00000| Untracked 
| 492|0x00000000dec00000, 0x00000000ded00000, 0x00000000ded00000|100%| O|  |TAMS 0x00000000ded00000| PB 0x00000000dec00000| Untracked 
| 493|0x00000000ded00000, 0x00000000dee00000, 0x00000000dee00000|100%| O|  |TAMS 0x00000000dee00000| PB 0x00000000ded00000| Untracked 
| 494|0x00000000dee00000, 0x00000000dee00000, 0x00000000def00000|  0%| F|  |TAMS 0x00000000dee00000| PB 0x00000000dee00000| Untracked 
| 495|0x00000000def00000, 0x00000000def00000, 0x00000000df000000|  0%| F|  |TAMS 0x00000000def00000| PB 0x00000000def00000| Untracked 
| 496|0x00000000df000000, 0x00000000df000000, 0x00000000df100000|  0%| F|  |TAMS 0x00000000df000000| PB 0x00000000df000000| Untracked 
| 497|0x00000000df100000, 0x00000000df100000, 0x00000000df200000|  0%| F|  |TAMS 0x00000000df100000| PB 0x00000000df100000| Untracked 
| 498|0x00000000df200000, 0x00000000df200000, 0x00000000df300000|  0%| F|  |TAMS 0x00000000df200000| PB 0x00000000df200000| Untracked 
| 499|0x00000000df300000, 0x00000000df300000, 0x00000000df400000|  0%| F|  |TAMS 0x00000000df300000| PB 0x00000000df300000| Untracked 
| 500|0x00000000df400000, 0x00000000df400000, 0x00000000df500000|  0%| F|  |TAMS 0x00000000df400000| PB 0x00000000df400000| Untracked 
| 501|0x00000000df500000, 0x00000000df500000, 0x00000000df600000|  0%| F|  |TAMS 0x00000000df500000| PB 0x00000000df500000| Untracked 
| 502|0x00000000df600000, 0x00000000df600000, 0x00000000df700000|  0%| F|  |TAMS 0x00000000df600000| PB 0x00000000df600000| Untracked 
| 503|0x00000000df700000, 0x00000000df700000, 0x00000000df800000|  0%| F|  |TAMS 0x00000000df700000| PB 0x00000000df700000| Untracked 
| 504|0x00000000df800000, 0x00000000df800000, 0x00000000df900000|  0%| F|  |TAMS 0x00000000df800000| PB 0x00000000df800000| Untracked 
| 505|0x00000000df900000, 0x00000000df900000, 0x00000000dfa00000|  0%| F|  |TAMS 0x00000000df900000| PB 0x00000000df900000| Untracked 
| 506|0x00000000dfa00000, 0x00000000dfa00000, 0x00000000dfb00000|  0%| F|  |TAMS 0x00000000dfa00000| PB 0x00000000dfa00000| Untracked 
| 507|0x00000000dfb00000, 0x00000000dfb00000, 0x00000000dfc00000|  0%| F|  |TAMS 0x00000000dfb00000| PB 0x00000000dfb00000| Untracked 
| 508|0x00000000dfc00000, 0x00000000dfc00000, 0x00000000dfd00000|  0%| F|  |TAMS 0x00000000dfc00000| PB 0x00000000dfc00000| Untracked 
| 509|0x00000000dfd00000, 0x00000000dfd00000, 0x00000000dfe00000|  0%| F|  |TAMS 0x00000000dfd00000| PB 0x00000000dfd00000| Untracked 
| 510|0x00000000dfe00000, 0x00000000dfe00000, 0x00000000dff00000|  0%| F|  |TAMS 0x00000000dfe00000| PB 0x00000000dfe00000| Untracked 
| 511|0x00000000dff00000, 0x00000000dff00000, 0x00000000e0000000|  0%| F|  |TAMS 0x00000000dff00000| PB 0x00000000dff00000| Untracked 
| 512|0x00000000e0000000, 0x00000000e0000000, 0x00000000e0100000|  0%| F|  |TAMS 0x00000000e0000000| PB 0x00000000e0000000| Untracked 
| 513|0x00000000e0100000, 0x00000000e0100000, 0x00000000e0200000|  0%| F|  |TAMS 0x00000000e0100000| PB 0x00000000e0100000| Untracked 
| 514|0x00000000e0200000, 0x00000000e0200000, 0x00000000e0300000|  0%| F|  |TAMS 0x00000000e0200000| PB 0x00000000e0200000| Untracked 
| 515|0x00000000e0300000, 0x00000000e0300000, 0x00000000e0400000|  0%| F|  |TAMS 0x00000000e0300000| PB 0x00000000e0300000| Untracked 
| 516|0x00000000e0400000, 0x00000000e0400000, 0x00000000e0500000|  0%| F|  |TAMS 0x00000000e0400000| PB 0x00000000e0400000| Untracked 
| 517|0x00000000e0500000, 0x00000000e0500000, 0x00000000e0600000|  0%| F|  |TAMS 0x00000000e0500000| PB 0x00000000e0500000| Untracked 
| 518|0x00000000e0600000, 0x00000000e0600000, 0x00000000e0700000|  0%| F|  |TAMS 0x00000000e0600000| PB 0x00000000e0600000| Untracked 
| 519|0x00000000e0700000, 0x00000000e0700000, 0x00000000e0800000|  0%| F|  |TAMS 0x00000000e0700000| PB 0x00000000e0700000| Untracked 
| 520|0x00000000e0800000, 0x00000000e0800000, 0x00000000e0900000|  0%| F|  |TAMS 0x00000000e0800000| PB 0x00000000e0800000| Untracked 
| 521|0x00000000e0900000, 0x00000000e0900000, 0x00000000e0a00000|  0%| F|  |TAMS 0x00000000e0900000| PB 0x00000000e0900000| Untracked 
| 522|0x00000000e0a00000, 0x00000000e0a00000, 0x00000000e0b00000|  0%| F|  |TAMS 0x00000000e0a00000| PB 0x00000000e0a00000| Untracked 
| 523|0x00000000e0b00000, 0x00000000e0b00000, 0x00000000e0c00000|  0%| F|  |TAMS 0x00000000e0b00000| PB 0x00000000e0b00000| Untracked 
| 524|0x00000000e0c00000, 0x00000000e0c00000, 0x00000000e0d00000|  0%| F|  |TAMS 0x00000000e0c00000| PB 0x00000000e0c00000| Untracked 
| 525|0x00000000e0d00000, 0x00000000e0d00000, 0x00000000e0e00000|  0%| F|  |TAMS 0x00000000e0d00000| PB 0x00000000e0d00000| Untracked 
| 526|0x00000000e0e00000, 0x00000000e0e00000, 0x00000000e0f00000|  0%| F|  |TAMS 0x00000000e0e00000| PB 0x00000000e0e00000| Untracked 
| 527|0x00000000e0f00000, 0x00000000e0f00000, 0x00000000e1000000|  0%| F|  |TAMS 0x00000000e0f00000| PB 0x00000000e0f00000| Untracked 
| 528|0x00000000e1000000, 0x00000000e1100000, 0x00000000e1100000|100%| O|  |TAMS 0x00000000e1100000| PB 0x00000000e1000000| Untracked 
| 529|0x00000000e1100000, 0x00000000e1100000, 0x00000000e1200000|  0%| F|  |TAMS 0x00000000e1100000| PB 0x00000000e1100000| Untracked 
| 530|0x00000000e1200000, 0x00000000e1200000, 0x00000000e1300000|  0%| F|  |TAMS 0x00000000e1200000| PB 0x00000000e1200000| Untracked 
| 531|0x00000000e1300000, 0x00000000e1300000, 0x00000000e1400000|  0%| F|  |TAMS 0x00000000e1300000| PB 0x00000000e1300000| Untracked 
| 532|0x00000000e1400000, 0x00000000e1400000, 0x00000000e1500000|  0%| F|  |TAMS 0x00000000e1400000| PB 0x00000000e1400000| Untracked 
| 533|0x00000000e1500000, 0x00000000e1500000, 0x00000000e1600000|  0%| F|  |TAMS 0x00000000e1500000| PB 0x00000000e1500000| Untracked 
| 534|0x00000000e1600000, 0x00000000e1600000, 0x00000000e1700000|  0%| F|  |TAMS 0x00000000e1600000| PB 0x00000000e1600000| Untracked 
| 535|0x00000000e1700000, 0x00000000e1700000, 0x00000000e1800000|  0%| F|  |TAMS 0x00000000e1700000| PB 0x00000000e1700000| Untracked 
| 536|0x00000000e1800000, 0x00000000e1800000, 0x00000000e1900000|  0%| F|  |TAMS 0x00000000e1800000| PB 0x00000000e1800000| Untracked 
| 537|0x00000000e1900000, 0x00000000e1900000, 0x00000000e1a00000|  0%| F|  |TAMS 0x00000000e1900000| PB 0x00000000e1900000| Untracked 
| 538|0x00000000e1a00000, 0x00000000e1a00000, 0x00000000e1b00000|  0%| F|  |TAMS 0x00000000e1a00000| PB 0x00000000e1a00000| Untracked 
| 539|0x00000000e1b00000, 0x00000000e1b00000, 0x00000000e1c00000|  0%| F|  |TAMS 0x00000000e1b00000| PB 0x00000000e1b00000| Untracked 
| 540|0x00000000e1c00000, 0x00000000e1c00000, 0x00000000e1d00000|  0%| F|  |TAMS 0x00000000e1c00000| PB 0x00000000e1c00000| Untracked 
| 541|0x00000000e1d00000, 0x00000000e1e00000, 0x00000000e1e00000|100%| O|  |TAMS 0x00000000e1e00000| PB 0x00000000e1d00000| Untracked 
| 542|0x00000000e1e00000, 0x00000000e1f00000, 0x00000000e1f00000|100%| O|  |TAMS 0x00000000e1f00000| PB 0x00000000e1e00000| Untracked 
| 543|0x00000000e1f00000, 0x00000000e1f00000, 0x00000000e2000000|  0%| F|  |TAMS 0x00000000e1f00000| PB 0x00000000e1f00000| Untracked 
| 544|0x00000000e2000000, 0x00000000e2000000, 0x00000000e2100000|  0%| F|  |TAMS 0x00000000e2000000| PB 0x00000000e2000000| Untracked 
| 545|0x00000000e2100000, 0x00000000e2100000, 0x00000000e2200000|  0%| F|  |TAMS 0x00000000e2100000| PB 0x00000000e2100000| Untracked 
| 546|0x00000000e2200000, 0x00000000e2200000, 0x00000000e2300000|  0%| F|  |TAMS 0x00000000e2200000| PB 0x00000000e2200000| Untracked 
| 547|0x00000000e2300000, 0x00000000e2300000, 0x00000000e2400000|  0%| F|  |TAMS 0x00000000e2300000| PB 0x00000000e2300000| Untracked 
| 548|0x00000000e2400000, 0x00000000e2400000, 0x00000000e2500000|  0%| F|  |TAMS 0x00000000e2400000| PB 0x00000000e2400000| Untracked 
| 549|0x00000000e2500000, 0x00000000e2500000, 0x00000000e2600000|  0%| F|  |TAMS 0x00000000e2500000| PB 0x00000000e2500000| Untracked 
| 550|0x00000000e2600000, 0x00000000e2600000, 0x00000000e2700000|  0%| F|  |TAMS 0x00000000e2600000| PB 0x00000000e2600000| Untracked 
| 551|0x00000000e2700000, 0x00000000e2700000, 0x00000000e2800000|  0%| F|  |TAMS 0x00000000e2700000| PB 0x00000000e2700000| Untracked 
| 552|0x00000000e2800000, 0x00000000e2900000, 0x00000000e2900000|100%| O|  |TAMS 0x00000000e2900000| PB 0x00000000e2800000| Untracked 
| 553|0x00000000e2900000, 0x00000000e2a00000, 0x00000000e2a00000|100%| O|  |TAMS 0x00000000e2a00000| PB 0x00000000e2900000| Untracked 
| 554|0x00000000e2a00000, 0x00000000e2a00000, 0x00000000e2b00000|  0%| F|  |TAMS 0x00000000e2a00000| PB 0x00000000e2a00000| Untracked 
| 555|0x00000000e2b00000, 0x00000000e2b00000, 0x00000000e2c00000|  0%| F|  |TAMS 0x00000000e2b00000| PB 0x00000000e2b00000| Untracked 
| 556|0x00000000e2c00000, 0x00000000e2c00000, 0x00000000e2d00000|  0%| F|  |TAMS 0x00000000e2c00000| PB 0x00000000e2c00000| Untracked 
| 557|0x00000000e2d00000, 0x00000000e2e00000, 0x00000000e2e00000|100%| O|  |TAMS 0x00000000e2e00000| PB 0x00000000e2d00000| Untracked 
| 558|0x00000000e2e00000, 0x00000000e2e00000, 0x00000000e2f00000|  0%| F|  |TAMS 0x00000000e2e00000| PB 0x00000000e2e00000| Untracked 
| 559|0x00000000e2f00000, 0x00000000e2f00000, 0x00000000e3000000|  0%| F|  |TAMS 0x00000000e2f00000| PB 0x00000000e2f00000| Untracked 
| 560|0x00000000e3000000, 0x00000000e3000000, 0x00000000e3100000|  0%| F|  |TAMS 0x00000000e3000000| PB 0x00000000e3000000| Untracked 
| 561|0x00000000e3100000, 0x00000000e3100000, 0x00000000e3200000|  0%| F|  |TAMS 0x00000000e3100000| PB 0x00000000e3100000| Untracked 
| 562|0x00000000e3200000, 0x00000000e3200000, 0x00000000e3300000|  0%| F|  |TAMS 0x00000000e3200000| PB 0x00000000e3200000| Untracked 
| 563|0x00000000e3300000, 0x00000000e3300000, 0x00000000e3400000|  0%| F|  |TAMS 0x00000000e3300000| PB 0x00000000e3300000| Untracked 
| 564|0x00000000e3400000, 0x00000000e3400000, 0x00000000e3500000|  0%| F|  |TAMS 0x00000000e3400000| PB 0x00000000e3400000| Untracked 
| 565|0x00000000e3500000, 0x00000000e3600000, 0x00000000e3600000|100%| O|  |TAMS 0x00000000e3600000| PB 0x00000000e3500000| Untracked 
| 566|0x00000000e3600000, 0x00000000e3700000, 0x00000000e3700000|100%| O|  |TAMS 0x00000000e3700000| PB 0x00000000e3600000| Untracked 
| 567|0x00000000e3700000, 0x00000000e3700000, 0x00000000e3800000|  0%| F|  |TAMS 0x00000000e3700000| PB 0x00000000e3700000| Untracked 
| 568|0x00000000e3800000, 0x00000000e3900000, 0x00000000e3900000|100%| O|  |TAMS 0x00000000e3900000| PB 0x00000000e3800000| Untracked 
| 569|0x00000000e3900000, 0x00000000e3a00000, 0x00000000e3a00000|100%| O|  |TAMS 0x00000000e3a00000| PB 0x00000000e3900000| Untracked 
| 570|0x00000000e3a00000, 0x00000000e3a00000, 0x00000000e3b00000|  0%| F|  |TAMS 0x00000000e3a00000| PB 0x00000000e3a00000| Untracked 
| 571|0x00000000e3b00000, 0x00000000e3b00000, 0x00000000e3c00000|  0%| F|  |TAMS 0x00000000e3b00000| PB 0x00000000e3b00000| Untracked 
| 572|0x00000000e3c00000, 0x00000000e3d00000, 0x00000000e3d00000|100%| O|  |TAMS 0x00000000e3d00000| PB 0x00000000e3c00000| Untracked 
| 573|0x00000000e3d00000, 0x00000000e3e00000, 0x00000000e3e00000|100%| O|  |TAMS 0x00000000e3e00000| PB 0x00000000e3d00000| Untracked 
| 574|0x00000000e3e00000, 0x00000000e3e00000, 0x00000000e3f00000|  0%| F|  |TAMS 0x00000000e3e00000| PB 0x00000000e3e00000| Untracked 
| 575|0x00000000e3f00000, 0x00000000e4000000, 0x00000000e4000000|100%| O|  |TAMS 0x00000000e4000000| PB 0x00000000e3f00000| Untracked 
| 576|0x00000000e4000000, 0x00000000e4100000, 0x00000000e4100000|100%| O|  |TAMS 0x00000000e4100000| PB 0x00000000e4000000| Untracked 
| 577|0x00000000e4100000, 0x00000000e4200000, 0x00000000e4200000|100%| O|  |TAMS 0x00000000e4200000| PB 0x00000000e4100000| Untracked 
| 578|0x00000000e4200000, 0x00000000e4300000, 0x00000000e4300000|100%| O|  |TAMS 0x00000000e4300000| PB 0x00000000e4200000| Untracked 
| 579|0x00000000e4300000, 0x00000000e4400000, 0x00000000e4400000|100%| O|  |TAMS 0x00000000e4400000| PB 0x00000000e4300000| Untracked 
| 580|0x00000000e4400000, 0x00000000e4500000, 0x00000000e4500000|100%| O|  |TAMS 0x00000000e4500000| PB 0x00000000e4400000| Untracked 
| 581|0x00000000e4500000, 0x00000000e4600000, 0x00000000e4600000|100%| O|  |TAMS 0x00000000e4600000| PB 0x00000000e4500000| Untracked 
| 582|0x00000000e4600000, 0x00000000e4700000, 0x00000000e4700000|100%| O|  |TAMS 0x00000000e4700000| PB 0x00000000e4600000| Untracked 
| 583|0x00000000e4700000, 0x00000000e4800000, 0x00000000e4800000|100%| O|  |TAMS 0x00000000e4800000| PB 0x00000000e4700000| Untracked 
| 584|0x00000000e4800000, 0x00000000e4900000, 0x00000000e4900000|100%| O|  |TAMS 0x00000000e4900000| PB 0x00000000e4800000| Untracked 
| 585|0x00000000e4900000, 0x00000000e4a00000, 0x00000000e4a00000|100%| O|  |TAMS 0x00000000e4a00000| PB 0x00000000e4900000| Untracked 
| 586|0x00000000e4a00000, 0x00000000e4b00000, 0x00000000e4b00000|100%| O|  |TAMS 0x00000000e4b00000| PB 0x00000000e4a00000| Untracked 
| 587|0x00000000e4b00000, 0x00000000e4c00000, 0x00000000e4c00000|100%| O|  |TAMS 0x00000000e4c00000| PB 0x00000000e4b00000| Untracked 
| 588|0x00000000e4c00000, 0x00000000e4d00000, 0x00000000e4d00000|100%| O|  |TAMS 0x00000000e4d00000| PB 0x00000000e4c00000| Untracked 
| 589|0x00000000e4d00000, 0x00000000e4d00000, 0x00000000e4e00000|  0%| F|  |TAMS 0x00000000e4d00000| PB 0x00000000e4d00000| Untracked 
| 590|0x00000000e4e00000, 0x00000000e4e00000, 0x00000000e4f00000|  0%| F|  |TAMS 0x00000000e4e00000| PB 0x00000000e4e00000| Untracked 
| 591|0x00000000e4f00000, 0x00000000e4f00000, 0x00000000e5000000|  0%| F|  |TAMS 0x00000000e4f00000| PB 0x00000000e4f00000| Untracked 
| 592|0x00000000e5000000, 0x00000000e5100000, 0x00000000e5100000|100%| O|  |TAMS 0x00000000e5100000| PB 0x00000000e5000000| Untracked 
| 593|0x00000000e5100000, 0x00000000e5200000, 0x00000000e5200000|100%| O|  |TAMS 0x00000000e5200000| PB 0x00000000e5100000| Untracked 
| 594|0x00000000e5200000, 0x00000000e5300000, 0x00000000e5300000|100%| O|  |TAMS 0x00000000e5300000| PB 0x00000000e5200000| Untracked 
| 595|0x00000000e5300000, 0x00000000e5400000, 0x00000000e5400000|100%| O|  |TAMS 0x00000000e5400000| PB 0x00000000e5300000| Untracked 
| 596|0x00000000e5400000, 0x00000000e5500000, 0x00000000e5500000|100%| O|  |TAMS 0x00000000e5500000| PB 0x00000000e5400000| Untracked 
| 597|0x00000000e5500000, 0x00000000e5600000, 0x00000000e5600000|100%| O|  |TAMS 0x00000000e5600000| PB 0x00000000e5500000| Untracked 
| 598|0x00000000e5600000, 0x00000000e5700000, 0x00000000e5700000|100%| O|  |TAMS 0x00000000e5700000| PB 0x00000000e5600000| Untracked 
| 599|0x00000000e5700000, 0x00000000e5800000, 0x00000000e5800000|100%| O|  |TAMS 0x00000000e5800000| PB 0x00000000e5700000| Untracked 
| 600|0x00000000e5800000, 0x00000000e5900000, 0x00000000e5900000|100%| O|  |TAMS 0x00000000e5900000| PB 0x00000000e5800000| Untracked 
| 601|0x00000000e5900000, 0x00000000e5a00000, 0x00000000e5a00000|100%| O|  |TAMS 0x00000000e5a00000| PB 0x00000000e5900000| Untracked 
| 602|0x00000000e5a00000, 0x00000000e5b00000, 0x00000000e5b00000|100%| O|  |TAMS 0x00000000e5b00000| PB 0x00000000e5a00000| Untracked 
| 603|0x00000000e5b00000, 0x00000000e5c00000, 0x00000000e5c00000|100%| O|  |TAMS 0x00000000e5c00000| PB 0x00000000e5b00000| Untracked 
| 604|0x00000000e5c00000, 0x00000000e5d00000, 0x00000000e5d00000|100%| O|  |TAMS 0x00000000e5d00000| PB 0x00000000e5c00000| Untracked 
| 605|0x00000000e5d00000, 0x00000000e5d00000, 0x00000000e5e00000|  0%| F|  |TAMS 0x00000000e5d00000| PB 0x00000000e5d00000| Untracked 
| 606|0x00000000e5e00000, 0x00000000e5f00000, 0x00000000e5f00000|100%| O|  |TAMS 0x00000000e5f00000| PB 0x00000000e5e00000| Untracked 
| 607|0x00000000e5f00000, 0x00000000e5f00000, 0x00000000e6000000|  0%| F|  |TAMS 0x00000000e5f00000| PB 0x00000000e5f00000| Untracked 
| 608|0x00000000e6000000, 0x00000000e6100000, 0x00000000e6100000|100%| O|  |TAMS 0x00000000e6100000| PB 0x00000000e6000000| Untracked 
| 609|0x00000000e6100000, 0x00000000e6200000, 0x00000000e6200000|100%| O|  |TAMS 0x00000000e6200000| PB 0x00000000e6100000| Untracked 
| 610|0x00000000e6200000, 0x00000000e6300000, 0x00000000e6300000|100%| O|  |TAMS 0x00000000e6300000| PB 0x00000000e6200000| Untracked 
| 611|0x00000000e6300000, 0x00000000e6400000, 0x00000000e6400000|100%| O|  |TAMS 0x00000000e6400000| PB 0x00000000e6300000| Untracked 
| 612|0x00000000e6400000, 0x00000000e6500000, 0x00000000e6500000|100%| O|  |TAMS 0x00000000e6500000| PB 0x00000000e6400000| Untracked 
| 613|0x00000000e6500000, 0x00000000e6600000, 0x00000000e6600000|100%| O|  |TAMS 0x00000000e6600000| PB 0x00000000e6500000| Untracked 
| 614|0x00000000e6600000, 0x00000000e6700000, 0x00000000e6700000|100%| O|  |TAMS 0x00000000e6700000| PB 0x00000000e6600000| Untracked 
| 615|0x00000000e6700000, 0x00000000e6800000, 0x00000000e6800000|100%| O|  |TAMS 0x00000000e6800000| PB 0x00000000e6700000| Untracked 
| 616|0x00000000e6800000, 0x00000000e6900000, 0x00000000e6900000|100%| O|  |TAMS 0x00000000e6900000| PB 0x00000000e6800000| Untracked 
| 617|0x00000000e6900000, 0x00000000e6a00000, 0x00000000e6a00000|100%| O|  |TAMS 0x00000000e6a00000| PB 0x00000000e6900000| Untracked 
| 618|0x00000000e6a00000, 0x00000000e6b00000, 0x00000000e6b00000|100%| O|  |TAMS 0x00000000e6b00000| PB 0x00000000e6a00000| Untracked 
| 619|0x00000000e6b00000, 0x00000000e6c00000, 0x00000000e6c00000|100%| O|  |TAMS 0x00000000e6c00000| PB 0x00000000e6b00000| Untracked 
| 620|0x00000000e6c00000, 0x00000000e6d00000, 0x00000000e6d00000|100%| O|  |TAMS 0x00000000e6d00000| PB 0x00000000e6c00000| Untracked 
| 621|0x00000000e6d00000, 0x00000000e6e00000, 0x00000000e6e00000|100%| O|  |TAMS 0x00000000e6e00000| PB 0x00000000e6d00000| Untracked 
| 622|0x00000000e6e00000, 0x00000000e6f00000, 0x00000000e6f00000|100%| O|  |TAMS 0x00000000e6f00000| PB 0x00000000e6e00000| Untracked 
| 623|0x00000000e6f00000, 0x00000000e7000000, 0x00000000e7000000|100%| O|  |TAMS 0x00000000e7000000| PB 0x00000000e6f00000| Untracked 
| 624|0x00000000e7000000, 0x00000000e7100000, 0x00000000e7100000|100%| O|  |TAMS 0x00000000e7100000| PB 0x00000000e7000000| Untracked 
| 625|0x00000000e7100000, 0x00000000e7200000, 0x00000000e7200000|100%| O|  |TAMS 0x00000000e7200000| PB 0x00000000e7100000| Untracked 
| 626|0x00000000e7200000, 0x00000000e7200000, 0x00000000e7300000|  0%| F|  |TAMS 0x00000000e7200000| PB 0x00000000e7200000| Untracked 
| 627|0x00000000e7300000, 0x00000000e7400000, 0x00000000e7400000|100%| O|  |TAMS 0x00000000e7400000| PB 0x00000000e7300000| Untracked 
| 628|0x00000000e7400000, 0x00000000e7500000, 0x00000000e7500000|100%| O|  |TAMS 0x00000000e7500000| PB 0x00000000e7400000| Untracked 
| 629|0x00000000e7500000, 0x00000000e7600000, 0x00000000e7600000|100%| O|  |TAMS 0x00000000e7600000| PB 0x00000000e7500000| Untracked 
| 630|0x00000000e7600000, 0x00000000e7700000, 0x00000000e7700000|100%| O|  |TAMS 0x00000000e7700000| PB 0x00000000e7600000| Untracked 
| 631|0x00000000e7700000, 0x00000000e7800000, 0x00000000e7800000|100%| O|  |TAMS 0x00000000e7800000| PB 0x00000000e7700000| Untracked 
| 632|0x00000000e7800000, 0x00000000e7900000, 0x00000000e7900000|100%| O|  |TAMS 0x00000000e7900000| PB 0x00000000e7800000| Untracked 
| 633|0x00000000e7900000, 0x00000000e7a00000, 0x00000000e7a00000|100%| O|  |TAMS 0x00000000e7a00000| PB 0x00000000e7900000| Untracked 
| 634|0x00000000e7a00000, 0x00000000e7b00000, 0x00000000e7b00000|100%| O|  |TAMS 0x00000000e7b00000| PB 0x00000000e7a00000| Untracked 
| 635|0x00000000e7b00000, 0x00000000e7c00000, 0x00000000e7c00000|100%| O|  |TAMS 0x00000000e7c00000| PB 0x00000000e7b00000| Untracked 
| 636|0x00000000e7c00000, 0x00000000e7d00000, 0x00000000e7d00000|100%| O|  |TAMS 0x00000000e7d00000| PB 0x00000000e7c00000| Untracked 
| 637|0x00000000e7d00000, 0x00000000e7e00000, 0x00000000e7e00000|100%| O|  |TAMS 0x00000000e7e00000| PB 0x00000000e7d00000| Untracked 
| 638|0x00000000e7e00000, 0x00000000e7f00000, 0x00000000e7f00000|100%| O|  |TAMS 0x00000000e7f00000| PB 0x00000000e7e00000| Untracked 
| 639|0x00000000e7f00000, 0x00000000e8000000, 0x00000000e8000000|100%| O|  |TAMS 0x00000000e8000000| PB 0x00000000e7f00000| Untracked 
| 640|0x00000000e8000000, 0x00000000e8000000, 0x00000000e8100000|  0%| F|  |TAMS 0x00000000e8000000| PB 0x00000000e8000000| Untracked 
| 641|0x00000000e8100000, 0x00000000e8200000, 0x00000000e8200000|100%| O|  |TAMS 0x00000000e8200000| PB 0x00000000e8100000| Untracked 
| 642|0x00000000e8200000, 0x00000000e8300000, 0x00000000e8300000|100%| O|  |TAMS 0x00000000e8300000| PB 0x00000000e8200000| Untracked 
| 643|0x00000000e8300000, 0x00000000e8400000, 0x00000000e8400000|100%| O|  |TAMS 0x00000000e8400000| PB 0x00000000e8300000| Untracked 
| 644|0x00000000e8400000, 0x00000000e8500000, 0x00000000e8500000|100%| O|  |TAMS 0x00000000e8500000| PB 0x00000000e8400000| Untracked 
| 645|0x00000000e8500000, 0x00000000e8600000, 0x00000000e8600000|100%| O|  |TAMS 0x00000000e8600000| PB 0x00000000e8500000| Untracked 
| 646|0x00000000e8600000, 0x00000000e8700000, 0x00000000e8700000|100%| O|  |TAMS 0x00000000e8700000| PB 0x00000000e8600000| Untracked 
| 647|0x00000000e8700000, 0x00000000e8800000, 0x00000000e8800000|100%| O|  |TAMS 0x00000000e8800000| PB 0x00000000e8700000| Untracked 
| 648|0x00000000e8800000, 0x00000000e8900000, 0x00000000e8900000|100%| O|  |TAMS 0x00000000e8900000| PB 0x00000000e8800000| Untracked 
| 649|0x00000000e8900000, 0x00000000e8a00000, 0x00000000e8a00000|100%| O|  |TAMS 0x00000000e8a00000| PB 0x00000000e8900000| Untracked 
| 650|0x00000000e8a00000, 0x00000000e8a00000, 0x00000000e8b00000|  0%| F|  |TAMS 0x00000000e8a00000| PB 0x00000000e8a00000| Untracked 
| 651|0x00000000e8b00000, 0x00000000e8c00000, 0x00000000e8c00000|100%| O|  |TAMS 0x00000000e8c00000| PB 0x00000000e8b00000| Untracked 
| 652|0x00000000e8c00000, 0x00000000e8d00000, 0x00000000e8d00000|100%| O|  |TAMS 0x00000000e8d00000| PB 0x00000000e8c00000| Untracked 
| 653|0x00000000e8d00000, 0x00000000e8e00000, 0x00000000e8e00000|100%| O|  |TAMS 0x00000000e8e00000| PB 0x00000000e8d00000| Untracked 
| 654|0x00000000e8e00000, 0x00000000e8f00000, 0x00000000e8f00000|100%| O|  |TAMS 0x00000000e8f00000| PB 0x00000000e8e00000| Untracked 
| 655|0x00000000e8f00000, 0x00000000e9000000, 0x00000000e9000000|100%| O|  |TAMS 0x00000000e9000000| PB 0x00000000e8f00000| Untracked 
| 656|0x00000000e9000000, 0x00000000e9100000, 0x00000000e9100000|100%| O|  |TAMS 0x00000000e9100000| PB 0x00000000e9000000| Untracked 
| 657|0x00000000e9100000, 0x00000000e9200000, 0x00000000e9200000|100%| O|  |TAMS 0x00000000e9200000| PB 0x00000000e9100000| Untracked 
| 658|0x00000000e9200000, 0x00000000e9300000, 0x00000000e9300000|100%| O|  |TAMS 0x00000000e9300000| PB 0x00000000e9200000| Untracked 
| 659|0x00000000e9300000, 0x00000000e9400000, 0x00000000e9400000|100%| O|  |TAMS 0x00000000e9400000| PB 0x00000000e9300000| Untracked 
| 660|0x00000000e9400000, 0x00000000e9500000, 0x00000000e9500000|100%| O|  |TAMS 0x00000000e9500000| PB 0x00000000e9400000| Untracked 
| 661|0x00000000e9500000, 0x00000000e9600000, 0x00000000e9600000|100%| O|  |TAMS 0x00000000e9600000| PB 0x00000000e9500000| Untracked 
| 662|0x00000000e9600000, 0x00000000e9600000, 0x00000000e9700000|  0%| F|  |TAMS 0x00000000e9600000| PB 0x00000000e9600000| Untracked 
| 663|0x00000000e9700000, 0x00000000e9800000, 0x00000000e9800000|100%| O|  |TAMS 0x00000000e9800000| PB 0x00000000e9700000| Untracked 
| 664|0x00000000e9800000, 0x00000000e9900000, 0x00000000e9900000|100%| O|  |TAMS 0x00000000e9900000| PB 0x00000000e9800000| Untracked 
| 665|0x00000000e9900000, 0x00000000e9a00000, 0x00000000e9a00000|100%| O|  |TAMS 0x00000000e9a00000| PB 0x00000000e9900000| Untracked 
| 666|0x00000000e9a00000, 0x00000000e9b00000, 0x00000000e9b00000|100%| O|  |TAMS 0x00000000e9b00000| PB 0x00000000e9a00000| Untracked 
| 667|0x00000000e9b00000, 0x00000000e9c00000, 0x00000000e9c00000|100%| O|  |TAMS 0x00000000e9c00000| PB 0x00000000e9b00000| Untracked 
| 668|0x00000000e9c00000, 0x00000000e9d00000, 0x00000000e9d00000|100%| O|  |TAMS 0x00000000e9d00000| PB 0x00000000e9c00000| Untracked 
| 669|0x00000000e9d00000, 0x00000000e9e00000, 0x00000000e9e00000|100%| O|  |TAMS 0x00000000e9e00000| PB 0x00000000e9d00000| Untracked 
| 670|0x00000000e9e00000, 0x00000000e9f00000, 0x00000000e9f00000|100%| O|  |TAMS 0x00000000e9f00000| PB 0x00000000e9e00000| Untracked 
| 671|0x00000000e9f00000, 0x00000000ea000000, 0x00000000ea000000|100%| O|  |TAMS 0x00000000ea000000| PB 0x00000000e9f00000| Untracked 
| 672|0x00000000ea000000, 0x00000000ea100000, 0x00000000ea100000|100%| O|  |TAMS 0x00000000ea100000| PB 0x00000000ea000000| Untracked 
| 673|0x00000000ea100000, 0x00000000ea200000, 0x00000000ea200000|100%| O|  |TAMS 0x00000000ea200000| PB 0x00000000ea100000| Untracked 
| 674|0x00000000ea200000, 0x00000000ea200000, 0x00000000ea300000|  0%| F|  |TAMS 0x00000000ea200000| PB 0x00000000ea200000| Untracked 
| 675|0x00000000ea300000, 0x00000000ea400000, 0x00000000ea400000|100%| O|  |TAMS 0x00000000ea400000| PB 0x00000000ea300000| Untracked 
| 676|0x00000000ea400000, 0x00000000ea500000, 0x00000000ea500000|100%| O|  |TAMS 0x00000000ea500000| PB 0x00000000ea400000| Untracked 
| 677|0x00000000ea500000, 0x00000000ea600000, 0x00000000ea600000|100%| O|  |TAMS 0x00000000ea600000| PB 0x00000000ea500000| Untracked 
| 678|0x00000000ea600000, 0x00000000ea700000, 0x00000000ea700000|100%| O|  |TAMS 0x00000000ea700000| PB 0x00000000ea600000| Untracked 
| 679|0x00000000ea700000, 0x00000000ea800000, 0x00000000ea800000|100%| O|  |TAMS 0x00000000ea800000| PB 0x00000000ea700000| Untracked 
| 680|0x00000000ea800000, 0x00000000ea900000, 0x00000000ea900000|100%| O|  |TAMS 0x00000000ea900000| PB 0x00000000ea800000| Untracked 
| 681|0x00000000ea900000, 0x00000000eaa00000, 0x00000000eaa00000|100%| O|  |TAMS 0x00000000eaa00000| PB 0x00000000ea900000| Untracked 
| 682|0x00000000eaa00000, 0x00000000eab00000, 0x00000000eab00000|100%| O|  |TAMS 0x00000000eab00000| PB 0x00000000eaa00000| Untracked 
| 683|0x00000000eab00000, 0x00000000eac00000, 0x00000000eac00000|100%| O|  |TAMS 0x00000000eac00000| PB 0x00000000eab00000| Untracked 
| 684|0x00000000eac00000, 0x00000000ead00000, 0x00000000ead00000|100%| O|  |TAMS 0x00000000ead00000| PB 0x00000000eac00000| Untracked 
| 685|0x00000000ead00000, 0x00000000eae00000, 0x00000000eae00000|100%| O|  |TAMS 0x00000000eae00000| PB 0x00000000ead00000| Untracked 
| 686|0x00000000eae00000, 0x00000000eaf00000, 0x00000000eaf00000|100%| O|  |TAMS 0x00000000eaf00000| PB 0x00000000eae00000| Untracked 
| 687|0x00000000eaf00000, 0x00000000eb000000, 0x00000000eb000000|100%| O|  |TAMS 0x00000000eb000000| PB 0x00000000eaf00000| Untracked 
| 688|0x00000000eb000000, 0x00000000eb100000, 0x00000000eb100000|100%| O|  |TAMS 0x00000000eb100000| PB 0x00000000eb000000| Untracked 
| 689|0x00000000eb100000, 0x00000000eb200000, 0x00000000eb200000|100%| O|  |TAMS 0x00000000eb200000| PB 0x00000000eb100000| Untracked 
| 690|0x00000000eb200000, 0x00000000eb300000, 0x00000000eb300000|100%| O|  |TAMS 0x00000000eb300000| PB 0x00000000eb200000| Untracked 
| 691|0x00000000eb300000, 0x00000000eb400000, 0x00000000eb400000|100%| O|  |TAMS 0x00000000eb400000| PB 0x00000000eb300000| Untracked 
| 692|0x00000000eb400000, 0x00000000eb500000, 0x00000000eb500000|100%| O|  |TAMS 0x00000000eb500000| PB 0x00000000eb400000| Untracked 
| 693|0x00000000eb500000, 0x00000000eb600000, 0x00000000eb600000|100%| O|  |TAMS 0x00000000eb600000| PB 0x00000000eb500000| Untracked 
| 694|0x00000000eb600000, 0x00000000eb700000, 0x00000000eb700000|100%| O|  |TAMS 0x00000000eb700000| PB 0x00000000eb600000| Untracked 
| 695|0x00000000eb700000, 0x00000000eb800000, 0x00000000eb800000|100%| O|  |TAMS 0x00000000eb800000| PB 0x00000000eb700000| Untracked 
| 696|0x00000000eb800000, 0x00000000eb800000, 0x00000000eb900000|  0%| F|  |TAMS 0x00000000eb800000| PB 0x00000000eb800000| Untracked 
| 697|0x00000000eb900000, 0x00000000eba00000, 0x00000000eba00000|100%| O|  |TAMS 0x00000000eba00000| PB 0x00000000eb900000| Untracked 
| 698|0x00000000eba00000, 0x00000000ebb00000, 0x00000000ebb00000|100%| O|  |TAMS 0x00000000ebb00000| PB 0x00000000eba00000| Untracked 
| 699|0x00000000ebb00000, 0x00000000ebc00000, 0x00000000ebc00000|100%| O|  |TAMS 0x00000000ebc00000| PB 0x00000000ebb00000| Untracked 
| 700|0x00000000ebc00000, 0x00000000ebd00000, 0x00000000ebd00000|100%| O|  |TAMS 0x00000000ebd00000| PB 0x00000000ebc00000| Untracked 
| 701|0x00000000ebd00000, 0x00000000ebe00000, 0x00000000ebe00000|100%| O|  |TAMS 0x00000000ebe00000| PB 0x00000000ebd00000| Untracked 
| 702|0x00000000ebe00000, 0x00000000ebf00000, 0x00000000ebf00000|100%| O|  |TAMS 0x00000000ebf00000| PB 0x00000000ebe00000| Untracked 
| 703|0x00000000ebf00000, 0x00000000ec000000, 0x00000000ec000000|100%| O|  |TAMS 0x00000000ec000000| PB 0x00000000ebf00000| Untracked 
| 704|0x00000000ec000000, 0x00000000ec100000, 0x00000000ec100000|100%| O|  |TAMS 0x00000000ec100000| PB 0x00000000ec000000| Untracked 
| 705|0x00000000ec100000, 0x00000000ec200000, 0x00000000ec200000|100%| O|  |TAMS 0x00000000ec200000| PB 0x00000000ec100000| Untracked 
| 706|0x00000000ec200000, 0x00000000ec300000, 0x00000000ec300000|100%| O|  |TAMS 0x00000000ec300000| PB 0x00000000ec200000| Untracked 
| 707|0x00000000ec300000, 0x00000000ec400000, 0x00000000ec400000|100%| O|  |TAMS 0x00000000ec400000| PB 0x00000000ec300000| Untracked 
| 708|0x00000000ec400000, 0x00000000ec500000, 0x00000000ec500000|100%| O|  |TAMS 0x00000000ec500000| PB 0x00000000ec400000| Untracked 
| 709|0x00000000ec500000, 0x00000000ec600000, 0x00000000ec600000|100%| O|  |TAMS 0x00000000ec600000| PB 0x00000000ec500000| Untracked 
| 710|0x00000000ec600000, 0x00000000ec600000, 0x00000000ec700000|  0%| F|  |TAMS 0x00000000ec600000| PB 0x00000000ec600000| Untracked 
| 711|0x00000000ec700000, 0x00000000ec800000, 0x00000000ec800000|100%| O|  |TAMS 0x00000000ec800000| PB 0x00000000ec700000| Untracked 
| 712|0x00000000ec800000, 0x00000000ec900000, 0x00000000ec900000|100%| O|  |TAMS 0x00000000ec900000| PB 0x00000000ec800000| Untracked 
| 713|0x00000000ec900000, 0x00000000eca00000, 0x00000000eca00000|100%| O|  |TAMS 0x00000000eca00000| PB 0x00000000ec900000| Untracked 
| 714|0x00000000eca00000, 0x00000000ecb00000, 0x00000000ecb00000|100%| O|  |TAMS 0x00000000ecb00000| PB 0x00000000eca00000| Untracked 
| 715|0x00000000ecb00000, 0x00000000ecc00000, 0x00000000ecc00000|100%| O|  |TAMS 0x00000000ecc00000| PB 0x00000000ecb00000| Untracked 
| 716|0x00000000ecc00000, 0x00000000ecd00000, 0x00000000ecd00000|100%| O|  |TAMS 0x00000000ecd00000| PB 0x00000000ecc00000| Untracked 
| 717|0x00000000ecd00000, 0x00000000ece00000, 0x00000000ece00000|100%| O|  |TAMS 0x00000000ece00000| PB 0x00000000ecd00000| Untracked 
| 718|0x00000000ece00000, 0x00000000ecf00000, 0x00000000ecf00000|100%| O|  |TAMS 0x00000000ecf00000| PB 0x00000000ece00000| Untracked 
| 719|0x00000000ecf00000, 0x00000000ecf00000, 0x00000000ed000000|  0%| F|  |TAMS 0x00000000ecf00000| PB 0x00000000ecf00000| Untracked 
| 720|0x00000000ed000000, 0x00000000ed000000, 0x00000000ed100000|  0%| F|  |TAMS 0x00000000ed000000| PB 0x00000000ed000000| Untracked 
| 721|0x00000000ed100000, 0x00000000ed100000, 0x00000000ed200000|  0%| F|  |TAMS 0x00000000ed100000| PB 0x00000000ed100000| Untracked 
| 722|0x00000000ed200000, 0x00000000ed200000, 0x00000000ed300000|  0%| F|  |TAMS 0x00000000ed200000| PB 0x00000000ed200000| Untracked 
| 723|0x00000000ed300000, 0x00000000ed300000, 0x00000000ed400000|  0%| F|  |TAMS 0x00000000ed300000| PB 0x00000000ed300000| Untracked 
| 724|0x00000000ed400000, 0x00000000ed500000, 0x00000000ed500000|100%| O|  |TAMS 0x00000000ed500000| PB 0x00000000ed400000| Untracked 
| 725|0x00000000ed500000, 0x00000000ed500000, 0x00000000ed600000|  0%| F|  |TAMS 0x00000000ed500000| PB 0x00000000ed500000| Untracked 
| 726|0x00000000ed600000, 0x00000000ed600000, 0x00000000ed700000|  0%| F|  |TAMS 0x00000000ed600000| PB 0x00000000ed600000| Untracked 
| 727|0x00000000ed700000, 0x00000000ed700000, 0x00000000ed800000|  0%| F|  |TAMS 0x00000000ed700000| PB 0x00000000ed700000| Untracked 
| 728|0x00000000ed800000, 0x00000000ed800000, 0x00000000ed900000|  0%| F|  |TAMS 0x00000000ed800000| PB 0x00000000ed800000| Untracked 
| 729|0x00000000ed900000, 0x00000000ed900000, 0x00000000eda00000|  0%| F|  |TAMS 0x00000000ed900000| PB 0x00000000ed900000| Untracked 
| 730|0x00000000eda00000, 0x00000000eda00000, 0x00000000edb00000|  0%| F|  |TAMS 0x00000000eda00000| PB 0x00000000eda00000| Untracked 
| 731|0x00000000edb00000, 0x00000000edb00000, 0x00000000edc00000|  0%| F|  |TAMS 0x00000000edb00000| PB 0x00000000edb00000| Untracked 
| 732|0x00000000edc00000, 0x00000000edc00000, 0x00000000edd00000|  0%| F|  |TAMS 0x00000000edc00000| PB 0x00000000edc00000| Untracked 
| 733|0x00000000edd00000, 0x00000000edd00000, 0x00000000ede00000|  0%| F|  |TAMS 0x00000000edd00000| PB 0x00000000edd00000| Untracked 
| 734|0x00000000ede00000, 0x00000000ede00000, 0x00000000edf00000|  0%| F|  |TAMS 0x00000000ede00000| PB 0x00000000ede00000| Untracked 
| 735|0x00000000edf00000, 0x00000000edf00000, 0x00000000ee000000|  0%| F|  |TAMS 0x00000000edf00000| PB 0x00000000edf00000| Untracked 
| 736|0x00000000ee000000, 0x00000000ee100000, 0x00000000ee100000|100%| O|  |TAMS 0x00000000ee100000| PB 0x00000000ee000000| Untracked 
| 737|0x00000000ee100000, 0x00000000ee200000, 0x00000000ee200000|100%| O|  |TAMS 0x00000000ee200000| PB 0x00000000ee100000| Untracked 
| 738|0x00000000ee200000, 0x00000000ee200000, 0x00000000ee300000|  0%| F|  |TAMS 0x00000000ee200000| PB 0x00000000ee200000| Untracked 
| 739|0x00000000ee300000, 0x00000000ee400000, 0x00000000ee400000|100%| O|  |TAMS 0x00000000ee400000| PB 0x00000000ee300000| Untracked 
| 740|0x00000000ee400000, 0x00000000ee400000, 0x00000000ee500000|  0%| F|  |TAMS 0x00000000ee400000| PB 0x00000000ee400000| Untracked 
| 741|0x00000000ee500000, 0x00000000ee500000, 0x00000000ee600000|  0%| F|  |TAMS 0x00000000ee500000| PB 0x00000000ee500000| Untracked 
| 742|0x00000000ee600000, 0x00000000ee600000, 0x00000000ee700000|  0%| F|  |TAMS 0x00000000ee600000| PB 0x00000000ee600000| Untracked 
| 743|0x00000000ee700000, 0x00000000ee800000, 0x00000000ee800000|100%| O|  |TAMS 0x00000000ee800000| PB 0x00000000ee700000| Untracked 
| 744|0x00000000ee800000, 0x00000000ee800000, 0x00000000ee900000|  0%| F|  |TAMS 0x00000000ee800000| PB 0x00000000ee800000| Untracked 
| 745|0x00000000ee900000, 0x00000000eea00000, 0x00000000eea00000|100%| O|  |TAMS 0x00000000eea00000| PB 0x00000000ee900000| Untracked 
| 746|0x00000000eea00000, 0x00000000eeb00000, 0x00000000eeb00000|100%| O|  |TAMS 0x00000000eeb00000| PB 0x00000000eea00000| Untracked 
| 747|0x00000000eeb00000, 0x00000000eeb00000, 0x00000000eec00000|  0%| F|  |TAMS 0x00000000eeb00000| PB 0x00000000eeb00000| Untracked 
| 748|0x00000000eec00000, 0x00000000eec00000, 0x00000000eed00000|  0%| F|  |TAMS 0x00000000eec00000| PB 0x00000000eec00000| Untracked 
| 749|0x00000000eed00000, 0x00000000eed00000, 0x00000000eee00000|  0%| F|  |TAMS 0x00000000eed00000| PB 0x00000000eed00000| Untracked 
| 750|0x00000000eee00000, 0x00000000eee00000, 0x00000000eef00000|  0%| F|  |TAMS 0x00000000eee00000| PB 0x00000000eee00000| Untracked 
| 751|0x00000000eef00000, 0x00000000eef00000, 0x00000000ef000000|  0%| F|  |TAMS 0x00000000eef00000| PB 0x00000000eef00000| Untracked 
| 752|0x00000000ef000000, 0x00000000ef000000, 0x00000000ef100000|  0%| F|  |TAMS 0x00000000ef000000| PB 0x00000000ef000000| Untracked 
| 753|0x00000000ef100000, 0x00000000ef100000, 0x00000000ef200000|  0%| F|  |TAMS 0x00000000ef100000| PB 0x00000000ef100000| Untracked 
| 754|0x00000000ef200000, 0x00000000ef200000, 0x00000000ef300000|  0%| F|  |TAMS 0x00000000ef200000| PB 0x00000000ef200000| Untracked 
| 755|0x00000000ef300000, 0x00000000ef300000, 0x00000000ef400000|  0%| F|  |TAMS 0x00000000ef300000| PB 0x00000000ef300000| Untracked 
| 756|0x00000000ef400000, 0x00000000ef400000, 0x00000000ef500000|  0%| F|  |TAMS 0x00000000ef400000| PB 0x00000000ef400000| Untracked 
| 757|0x00000000ef500000, 0x00000000ef500000, 0x00000000ef600000|  0%| F|  |TAMS 0x00000000ef500000| PB 0x00000000ef500000| Untracked 
| 758|0x00000000ef600000, 0x00000000ef600000, 0x00000000ef700000|  0%| F|  |TAMS 0x00000000ef600000| PB 0x00000000ef600000| Untracked 
| 759|0x00000000ef700000, 0x00000000ef700000, 0x00000000ef800000|  0%| F|  |TAMS 0x00000000ef700000| PB 0x00000000ef700000| Untracked 
| 760|0x00000000ef800000, 0x00000000ef800000, 0x00000000ef900000|  0%| F|  |TAMS 0x00000000ef800000| PB 0x00000000ef800000| Untracked 
| 761|0x00000000ef900000, 0x00000000ef900000, 0x00000000efa00000|  0%| F|  |TAMS 0x00000000ef900000| PB 0x00000000ef900000| Untracked 
| 762|0x00000000efa00000, 0x00000000efa00000, 0x00000000efb00000|  0%| F|  |TAMS 0x00000000efa00000| PB 0x00000000efa00000| Untracked 
| 763|0x00000000efb00000, 0x00000000efb00000, 0x00000000efc00000|  0%| F|  |TAMS 0x00000000efb00000| PB 0x00000000efb00000| Untracked 
| 764|0x00000000efc00000, 0x00000000efc00000, 0x00000000efd00000|  0%| F|  |TAMS 0x00000000efc00000| PB 0x00000000efc00000| Untracked 
| 765|0x00000000efd00000, 0x00000000efd00000, 0x00000000efe00000|  0%| F|  |TAMS 0x00000000efd00000| PB 0x00000000efd00000| Untracked 
| 766|0x00000000efe00000, 0x00000000efe00000, 0x00000000eff00000|  0%| F|  |TAMS 0x00000000efe00000| PB 0x00000000efe00000| Untracked 
| 767|0x00000000eff00000, 0x00000000eff00000, 0x00000000f0000000|  0%| F|  |TAMS 0x00000000eff00000| PB 0x00000000eff00000| Untracked 
| 768|0x00000000f0000000, 0x00000000f0000000, 0x00000000f0100000|  0%| F|  |TAMS 0x00000000f0000000| PB 0x00000000f0000000| Untracked 
| 769|0x00000000f0100000, 0x00000000f0100000, 0x00000000f0200000|  0%| F|  |TAMS 0x00000000f0100000| PB 0x00000000f0100000| Untracked 
| 770|0x00000000f0200000, 0x00000000f0200000, 0x00000000f0300000|  0%| F|  |TAMS 0x00000000f0200000| PB 0x00000000f0200000| Untracked 
| 771|0x00000000f0300000, 0x00000000f0300000, 0x00000000f0400000|  0%| F|  |TAMS 0x00000000f0300000| PB 0x00000000f0300000| Untracked 
| 772|0x00000000f0400000, 0x00000000f0400000, 0x00000000f0500000|  0%| F|  |TAMS 0x00000000f0400000| PB 0x00000000f0400000| Untracked 
| 773|0x00000000f0500000, 0x00000000f0500000, 0x00000000f0600000|  0%| F|  |TAMS 0x00000000f0500000| PB 0x00000000f0500000| Untracked 
| 774|0x00000000f0600000, 0x00000000f0600000, 0x00000000f0700000|  0%| F|  |TAMS 0x00000000f0600000| PB 0x00000000f0600000| Untracked 
| 775|0x00000000f0700000, 0x00000000f0700000, 0x00000000f0800000|  0%| F|  |TAMS 0x00000000f0700000| PB 0x00000000f0700000| Untracked 
| 776|0x00000000f0800000, 0x00000000f0800000, 0x00000000f0900000|  0%| F|  |TAMS 0x00000000f0800000| PB 0x00000000f0800000| Untracked 
| 777|0x00000000f0900000, 0x00000000f0900000, 0x00000000f0a00000|  0%| F|  |TAMS 0x00000000f0900000| PB 0x00000000f0900000| Untracked 
| 778|0x00000000f0a00000, 0x00000000f0a00000, 0x00000000f0b00000|  0%| F|  |TAMS 0x00000000f0a00000| PB 0x00000000f0a00000| Untracked 
| 779|0x00000000f0b00000, 0x00000000f0b00000, 0x00000000f0c00000|  0%| F|  |TAMS 0x00000000f0b00000| PB 0x00000000f0b00000| Untracked 
| 780|0x00000000f0c00000, 0x00000000f0c00000, 0x00000000f0d00000|  0%| F|  |TAMS 0x00000000f0c00000| PB 0x00000000f0c00000| Untracked 
| 781|0x00000000f0d00000, 0x00000000f0d00000, 0x00000000f0e00000|  0%| F|  |TAMS 0x00000000f0d00000| PB 0x00000000f0d00000| Untracked 
| 782|0x00000000f0e00000, 0x00000000f0e00000, 0x00000000f0f00000|  0%| F|  |TAMS 0x00000000f0e00000| PB 0x00000000f0e00000| Untracked 
| 783|0x00000000f0f00000, 0x00000000f0f00000, 0x00000000f1000000|  0%| F|  |TAMS 0x00000000f0f00000| PB 0x00000000f0f00000| Untracked 
| 784|0x00000000f1000000, 0x00000000f1000000, 0x00000000f1100000|  0%| F|  |TAMS 0x00000000f1000000| PB 0x00000000f1000000| Untracked 
| 785|0x00000000f1100000, 0x00000000f1100000, 0x00000000f1200000|  0%| F|  |TAMS 0x00000000f1100000| PB 0x00000000f1100000| Untracked 
| 786|0x00000000f1200000, 0x00000000f1200000, 0x00000000f1300000|  0%| F|  |TAMS 0x00000000f1200000| PB 0x00000000f1200000| Untracked 
| 787|0x00000000f1300000, 0x00000000f1300000, 0x00000000f1400000|  0%| F|  |TAMS 0x00000000f1300000| PB 0x00000000f1300000| Untracked 
| 788|0x00000000f1400000, 0x00000000f1400000, 0x00000000f1500000|  0%| F|  |TAMS 0x00000000f1400000| PB 0x00000000f1400000| Untracked 
| 789|0x00000000f1500000, 0x00000000f1500000, 0x00000000f1600000|  0%| F|  |TAMS 0x00000000f1500000| PB 0x00000000f1500000| Untracked 
| 790|0x00000000f1600000, 0x00000000f1600000, 0x00000000f1700000|  0%| F|  |TAMS 0x00000000f1600000| PB 0x00000000f1600000| Untracked 
| 791|0x00000000f1700000, 0x00000000f1700000, 0x00000000f1800000|  0%| F|  |TAMS 0x00000000f1700000| PB 0x00000000f1700000| Untracked 
| 792|0x00000000f1800000, 0x00000000f1800000, 0x00000000f1900000|  0%| F|  |TAMS 0x00000000f1800000| PB 0x00000000f1800000| Untracked 
| 793|0x00000000f1900000, 0x00000000f1900000, 0x00000000f1a00000|  0%| F|  |TAMS 0x00000000f1900000| PB 0x00000000f1900000| Untracked 
| 794|0x00000000f1a00000, 0x00000000f1a00000, 0x00000000f1b00000|  0%| F|  |TAMS 0x00000000f1a00000| PB 0x00000000f1a00000| Untracked 
| 795|0x00000000f1b00000, 0x00000000f1b00000, 0x00000000f1c00000|  0%| F|  |TAMS 0x00000000f1b00000| PB 0x00000000f1b00000| Untracked 
| 796|0x00000000f1c00000, 0x00000000f1c00000, 0x00000000f1d00000|  0%| F|  |TAMS 0x00000000f1c00000| PB 0x00000000f1c00000| Untracked 
| 797|0x00000000f1d00000, 0x00000000f1d00000, 0x00000000f1e00000|  0%| F|  |TAMS 0x00000000f1d00000| PB 0x00000000f1d00000| Untracked 
| 798|0x00000000f1e00000, 0x00000000f1e00000, 0x00000000f1f00000|  0%| F|  |TAMS 0x00000000f1e00000| PB 0x00000000f1e00000| Untracked 
| 799|0x00000000f1f00000, 0x00000000f1f00000, 0x00000000f2000000|  0%| F|  |TAMS 0x00000000f1f00000| PB 0x00000000f1f00000| Untracked 
| 800|0x00000000f2000000, 0x00000000f2000000, 0x00000000f2100000|  0%| F|  |TAMS 0x00000000f2000000| PB 0x00000000f2000000| Untracked 
| 801|0x00000000f2100000, 0x00000000f2100000, 0x00000000f2200000|  0%| F|  |TAMS 0x00000000f2100000| PB 0x00000000f2100000| Untracked 
| 802|0x00000000f2200000, 0x00000000f2200000, 0x00000000f2300000|  0%| F|  |TAMS 0x00000000f2200000| PB 0x00000000f2200000| Untracked 
| 803|0x00000000f2300000, 0x00000000f2300000, 0x00000000f2400000|  0%| F|  |TAMS 0x00000000f2300000| PB 0x00000000f2300000| Untracked 
| 804|0x00000000f2400000, 0x00000000f2400000, 0x00000000f2500000|  0%| F|  |TAMS 0x00000000f2400000| PB 0x00000000f2400000| Untracked 
| 805|0x00000000f2500000, 0x00000000f2500000, 0x00000000f2600000|  0%| F|  |TAMS 0x00000000f2500000| PB 0x00000000f2500000| Untracked 
| 806|0x00000000f2600000, 0x00000000f2600000, 0x00000000f2700000|  0%| F|  |TAMS 0x00000000f2600000| PB 0x00000000f2600000| Untracked 
| 807|0x00000000f2700000, 0x00000000f2700000, 0x00000000f2800000|  0%| F|  |TAMS 0x00000000f2700000| PB 0x00000000f2700000| Untracked 
| 808|0x00000000f2800000, 0x00000000f2800000, 0x00000000f2900000|  0%| F|  |TAMS 0x00000000f2800000| PB 0x00000000f2800000| Untracked 
| 809|0x00000000f2900000, 0x00000000f2a00000, 0x00000000f2a00000|100%| O|  |TAMS 0x00000000f2a00000| PB 0x00000000f2900000| Untracked 
| 810|0x00000000f2a00000, 0x00000000f2a00000, 0x00000000f2b00000|  0%| F|  |TAMS 0x00000000f2a00000| PB 0x00000000f2a00000| Untracked 
| 811|0x00000000f2b00000, 0x00000000f2b00000, 0x00000000f2c00000|  0%| F|  |TAMS 0x00000000f2b00000| PB 0x00000000f2b00000| Untracked 
| 812|0x00000000f2c00000, 0x00000000f2c00000, 0x00000000f2d00000|  0%| F|  |TAMS 0x00000000f2c00000| PB 0x00000000f2c00000| Untracked 
| 813|0x00000000f2d00000, 0x00000000f2d00000, 0x00000000f2e00000|  0%| F|  |TAMS 0x00000000f2d00000| PB 0x00000000f2d00000| Untracked 
| 814|0x00000000f2e00000, 0x00000000f2e00000, 0x00000000f2f00000|  0%| F|  |TAMS 0x00000000f2e00000| PB 0x00000000f2e00000| Untracked 
| 815|0x00000000f2f00000, 0x00000000f2f00000, 0x00000000f3000000|  0%| F|  |TAMS 0x00000000f2f00000| PB 0x00000000f2f00000| Untracked 
| 816|0x00000000f3000000, 0x00000000f3000000, 0x00000000f3100000|  0%| F|  |TAMS 0x00000000f3000000| PB 0x00000000f3000000| Untracked 
| 817|0x00000000f3100000, 0x00000000f3100000, 0x00000000f3200000|  0%| F|  |TAMS 0x00000000f3100000| PB 0x00000000f3100000| Untracked 
| 818|0x00000000f3200000, 0x00000000f3200000, 0x00000000f3300000|  0%| F|  |TAMS 0x00000000f3200000| PB 0x00000000f3200000| Untracked 
| 819|0x00000000f3300000, 0x00000000f3300000, 0x00000000f3400000|  0%| F|  |TAMS 0x00000000f3300000| PB 0x00000000f3300000| Untracked 
| 820|0x00000000f3400000, 0x00000000f3400000, 0x00000000f3500000|  0%| F|  |TAMS 0x00000000f3400000| PB 0x00000000f3400000| Untracked 
| 821|0x00000000f3500000, 0x00000000f3500000, 0x00000000f3600000|  0%| F|  |TAMS 0x00000000f3500000| PB 0x00000000f3500000| Untracked 
| 822|0x00000000f3600000, 0x00000000f3600000, 0x00000000f3700000|  0%| F|  |TAMS 0x00000000f3600000| PB 0x00000000f3600000| Untracked 
| 823|0x00000000f3700000, 0x00000000f3700000, 0x00000000f3800000|  0%| F|  |TAMS 0x00000000f3700000| PB 0x00000000f3700000| Untracked 
| 824|0x00000000f3800000, 0x00000000f3800000, 0x00000000f3900000|  0%| F|  |TAMS 0x00000000f3800000| PB 0x00000000f3800000| Untracked 
| 825|0x00000000f3900000, 0x00000000f3900000, 0x00000000f3a00000|  0%| F|  |TAMS 0x00000000f3900000| PB 0x00000000f3900000| Untracked 
| 826|0x00000000f3a00000, 0x00000000f3a00000, 0x00000000f3b00000|  0%| F|  |TAMS 0x00000000f3a00000| PB 0x00000000f3a00000| Untracked 
| 827|0x00000000f3b00000, 0x00000000f3b00000, 0x00000000f3c00000|  0%| F|  |TAMS 0x00000000f3b00000| PB 0x00000000f3b00000| Untracked 
| 828|0x00000000f3c00000, 0x00000000f3c00000, 0x00000000f3d00000|  0%| F|  |TAMS 0x00000000f3c00000| PB 0x00000000f3c00000| Untracked 
| 829|0x00000000f3d00000, 0x00000000f3e00000, 0x00000000f3e00000|100%| O|  |TAMS 0x00000000f3e00000| PB 0x00000000f3d00000| Untracked 
| 830|0x00000000f3e00000, 0x00000000f3e00000, 0x00000000f3f00000|  0%| F|  |TAMS 0x00000000f3e00000| PB 0x00000000f3e00000| Untracked 
| 831|0x00000000f3f00000, 0x00000000f3f00000, 0x00000000f4000000|  0%| F|  |TAMS 0x00000000f3f00000| PB 0x00000000f3f00000| Untracked 
| 832|0x00000000f4000000, 0x00000000f4100000, 0x00000000f4100000|100%| O|  |TAMS 0x00000000f4100000| PB 0x00000000f4000000| Untracked 
| 833|0x00000000f4100000, 0x00000000f4100000, 0x00000000f4200000|  0%| F|  |TAMS 0x00000000f4100000| PB 0x00000000f4100000| Untracked 
| 834|0x00000000f4200000, 0x00000000f4300000, 0x00000000f4300000|100%| O|  |TAMS 0x00000000f4300000| PB 0x00000000f4200000| Untracked 
| 835|0x00000000f4300000, 0x00000000f4300000, 0x00000000f4400000|  0%| F|  |TAMS 0x00000000f4300000| PB 0x00000000f4300000| Untracked 
| 836|0x00000000f4400000, 0x00000000f4400000, 0x00000000f4500000|  0%| F|  |TAMS 0x00000000f4400000| PB 0x00000000f4400000| Untracked 
| 837|0x00000000f4500000, 0x00000000f4500000, 0x00000000f4600000|  0%| F|  |TAMS 0x00000000f4500000| PB 0x00000000f4500000| Untracked 
| 838|0x00000000f4600000, 0x00000000f4600000, 0x00000000f4700000|  0%| F|  |TAMS 0x00000000f4600000| PB 0x00000000f4600000| Untracked 
| 839|0x00000000f4700000, 0x00000000f4700000, 0x00000000f4800000|  0%| F|  |TAMS 0x00000000f4700000| PB 0x00000000f4700000| Untracked 
| 840|0x00000000f4800000, 0x00000000f4800000, 0x00000000f4900000|  0%| F|  |TAMS 0x00000000f4800000| PB 0x00000000f4800000| Untracked 
| 841|0x00000000f4900000, 0x00000000f4900000, 0x00000000f4a00000|  0%| F|  |TAMS 0x00000000f4900000| PB 0x00000000f4900000| Untracked 
| 842|0x00000000f4a00000, 0x00000000f4a00000, 0x00000000f4b00000|  0%| F|  |TAMS 0x00000000f4a00000| PB 0x00000000f4a00000| Untracked 
| 843|0x00000000f4b00000, 0x00000000f4b00000, 0x00000000f4c00000|  0%| F|  |TAMS 0x00000000f4b00000| PB 0x00000000f4b00000| Untracked 
| 844|0x00000000f4c00000, 0x00000000f4c00000, 0x00000000f4d00000|  0%| F|  |TAMS 0x00000000f4c00000| PB 0x00000000f4c00000| Untracked 
| 845|0x00000000f4d00000, 0x00000000f4d00000, 0x00000000f4e00000|  0%| F|  |TAMS 0x00000000f4d00000| PB 0x00000000f4d00000| Untracked 
| 846|0x00000000f4e00000, 0x00000000f4e80000, 0x00000000f4f00000| 50%| O|  |TAMS 0x00000000f4e80000| PB 0x00000000f4e00000| Untracked 
| 847|0x00000000f4f00000, 0x00000000f5000000, 0x00000000f5000000|100%| O|  |TAMS 0x00000000f5000000| PB 0x00000000f4f00000| Untracked 
| 848|0x00000000f5000000, 0x00000000f5100000, 0x00000000f5100000|100%| O|  |TAMS 0x00000000f5100000| PB 0x00000000f5000000| Untracked 
| 849|0x00000000f5100000, 0x00000000f5200000, 0x00000000f5200000|100%| O|  |TAMS 0x00000000f5200000| PB 0x00000000f5100000| Untracked 
| 850|0x00000000f5200000, 0x00000000f5300000, 0x00000000f5300000|100%| O|  |TAMS 0x00000000f5300000| PB 0x00000000f5200000| Untracked 
| 851|0x00000000f5300000, 0x00000000f5300000, 0x00000000f5400000|  0%| F|  |TAMS 0x00000000f5300000| PB 0x00000000f5300000| Untracked 
| 852|0x00000000f5400000, 0x00000000f5500000, 0x00000000f5500000|100%| O|  |TAMS 0x00000000f5500000| PB 0x00000000f5400000| Untracked 
| 853|0x00000000f5500000, 0x00000000f5600000, 0x00000000f5600000|100%| O|  |TAMS 0x00000000f5600000| PB 0x00000000f5500000| Untracked 
| 854|0x00000000f5600000, 0x00000000f5700000, 0x00000000f5700000|100%| O|  |TAMS 0x00000000f5700000| PB 0x00000000f5600000| Untracked 
| 855|0x00000000f5700000, 0x00000000f5800000, 0x00000000f5800000|100%| O|  |TAMS 0x00000000f5800000| PB 0x00000000f5700000| Untracked 
| 856|0x00000000f5800000, 0x00000000f5900000, 0x00000000f5900000|100%| O|  |TAMS 0x00000000f5900000| PB 0x00000000f5800000| Untracked 
| 857|0x00000000f5900000, 0x00000000f5a00000, 0x00000000f5a00000|100%| O|  |TAMS 0x00000000f5a00000| PB 0x00000000f5900000| Untracked 
| 858|0x00000000f5a00000, 0x00000000f5b00000, 0x00000000f5b00000|100%| O|  |TAMS 0x00000000f5b00000| PB 0x00000000f5a00000| Untracked 
| 859|0x00000000f5b00000, 0x00000000f5c00000, 0x00000000f5c00000|100%| O|  |TAMS 0x00000000f5c00000| PB 0x00000000f5b00000| Untracked 
| 860|0x00000000f5c00000, 0x00000000f5d00000, 0x00000000f5d00000|100%| O|  |TAMS 0x00000000f5d00000| PB 0x00000000f5c00000| Untracked 
| 861|0x00000000f5d00000, 0x00000000f5e00000, 0x00000000f5e00000|100%| O|  |TAMS 0x00000000f5e00000| PB 0x00000000f5d00000| Untracked 
| 862|0x00000000f5e00000, 0x00000000f5f00000, 0x00000000f5f00000|100%| O|  |TAMS 0x00000000f5f00000| PB 0x00000000f5e00000| Untracked 
| 863|0x00000000f5f00000, 0x00000000f6000000, 0x00000000f6000000|100%| O|  |TAMS 0x00000000f6000000| PB 0x00000000f5f00000| Untracked 
| 864|0x00000000f6000000, 0x00000000f6100000, 0x00000000f6100000|100%| O|  |TAMS 0x00000000f6100000| PB 0x00000000f6000000| Untracked 
| 865|0x00000000f6100000, 0x00000000f6200000, 0x00000000f6200000|100%| O|  |TAMS 0x00000000f6200000| PB 0x00000000f6100000| Untracked 
| 866|0x00000000f6200000, 0x00000000f6300000, 0x00000000f6300000|100%| O|  |TAMS 0x00000000f6300000| PB 0x00000000f6200000| Untracked 
| 867|0x00000000f6300000, 0x00000000f6400000, 0x00000000f6400000|100%| O|  |TAMS 0x00000000f6400000| PB 0x00000000f6300000| Untracked 
| 868|0x00000000f6400000, 0x00000000f6500000, 0x00000000f6500000|100%| O|  |TAMS 0x00000000f6500000| PB 0x00000000f6400000| Untracked 
| 869|0x00000000f6500000, 0x00000000f6600000, 0x00000000f6600000|100%| O|  |TAMS 0x00000000f6600000| PB 0x00000000f6500000| Untracked 
| 870|0x00000000f6600000, 0x00000000f6700000, 0x00000000f6700000|100%| O|  |TAMS 0x00000000f6700000| PB 0x00000000f6600000| Untracked 
| 871|0x00000000f6700000, 0x00000000f6700000, 0x00000000f6800000|  0%| F|  |TAMS 0x00000000f6700000| PB 0x00000000f6700000| Untracked 
| 872|0x00000000f6800000, 0x00000000f6900000, 0x00000000f6900000|100%| O|  |TAMS 0x00000000f6900000| PB 0x00000000f6800000| Untracked 
| 873|0x00000000f6900000, 0x00000000f6a00000, 0x00000000f6a00000|100%| O|  |TAMS 0x00000000f6a00000| PB 0x00000000f6900000| Untracked 
| 874|0x00000000f6a00000, 0x00000000f6b00000, 0x00000000f6b00000|100%| O|  |TAMS 0x00000000f6b00000| PB 0x00000000f6a00000| Untracked 
| 875|0x00000000f6b00000, 0x00000000f6c00000, 0x00000000f6c00000|100%| O|  |TAMS 0x00000000f6c00000| PB 0x00000000f6b00000| Untracked 
| 876|0x00000000f6c00000, 0x00000000f6d00000, 0x00000000f6d00000|100%| O|  |TAMS 0x00000000f6d00000| PB 0x00000000f6c00000| Untracked 
| 877|0x00000000f6d00000, 0x00000000f6d00000, 0x00000000f6e00000|  0%| F|  |TAMS 0x00000000f6d00000| PB 0x00000000f6d00000| Untracked 
| 878|0x00000000f6e00000, 0x00000000f6e00000, 0x00000000f6f00000|  0%| F|  |TAMS 0x00000000f6e00000| PB 0x00000000f6e00000| Untracked 
| 879|0x00000000f6f00000, 0x00000000f7000000, 0x00000000f7000000|100%| O|  |TAMS 0x00000000f7000000| PB 0x00000000f6f00000| Untracked 
| 880|0x00000000f7000000, 0x00000000f7000000, 0x00000000f7100000|  0%| F|  |TAMS 0x00000000f7000000| PB 0x00000000f7000000| Untracked 
| 881|0x00000000f7100000, 0x00000000f7200000, 0x00000000f7200000|100%| O|  |TAMS 0x00000000f7200000| PB 0x00000000f7100000| Untracked 
| 882|0x00000000f7200000, 0x00000000f7300000, 0x00000000f7300000|100%| O|  |TAMS 0x00000000f7300000| PB 0x00000000f7200000| Untracked 
| 883|0x00000000f7300000, 0x00000000f7300000, 0x00000000f7400000|  0%| F|  |TAMS 0x00000000f7300000| PB 0x00000000f7300000| Untracked 
| 884|0x00000000f7400000, 0x00000000f7400000, 0x00000000f7500000|  0%| F|  |TAMS 0x00000000f7400000| PB 0x00000000f7400000| Untracked 
| 885|0x00000000f7500000, 0x00000000f7500000, 0x00000000f7600000|  0%| F|  |TAMS 0x00000000f7500000| PB 0x00000000f7500000| Untracked 
| 886|0x00000000f7600000, 0x00000000f7600000, 0x00000000f7700000|  0%| F|  |TAMS 0x00000000f7600000| PB 0x00000000f7600000| Untracked 
| 887|0x00000000f7700000, 0x00000000f7700000, 0x00000000f7800000|  0%| F|  |TAMS 0x00000000f7700000| PB 0x00000000f7700000| Untracked 
| 888|0x00000000f7800000, 0x00000000f7800000, 0x00000000f7900000|  0%| F|  |TAMS 0x00000000f7800000| PB 0x00000000f7800000| Untracked 
| 889|0x00000000f7900000, 0x00000000f7900000, 0x00000000f7a00000|  0%| F|  |TAMS 0x00000000f7900000| PB 0x00000000f7900000| Untracked 
| 890|0x00000000f7a00000, 0x00000000f7a00000, 0x00000000f7b00000|  0%| F|  |TAMS 0x00000000f7a00000| PB 0x00000000f7a00000| Untracked 
| 891|0x00000000f7b00000, 0x00000000f7b00000, 0x00000000f7c00000|  0%| F|  |TAMS 0x00000000f7b00000| PB 0x00000000f7b00000| Untracked 
| 892|0x00000000f7c00000, 0x00000000f7c00000, 0x00000000f7d00000|  0%| F|  |TAMS 0x00000000f7c00000| PB 0x00000000f7c00000| Untracked 
| 893|0x00000000f7d00000, 0x00000000f7d00000, 0x00000000f7e00000|  0%| F|  |TAMS 0x00000000f7d00000| PB 0x00000000f7d00000| Untracked 
| 894|0x00000000f7e00000, 0x00000000f7e00000, 0x00000000f7f00000|  0%| F|  |TAMS 0x00000000f7e00000| PB 0x00000000f7e00000| Untracked 
| 895|0x00000000f7f00000, 0x00000000f7f00000, 0x00000000f8000000|  0%| F|  |TAMS 0x00000000f7f00000| PB 0x00000000f7f00000| Untracked 
| 896|0x00000000f8000000, 0x00000000f8000000, 0x00000000f8100000|  0%| F|  |TAMS 0x00000000f8000000| PB 0x00000000f8000000| Untracked 
| 897|0x00000000f8100000, 0x00000000f8100000, 0x00000000f8200000|  0%| F|  |TAMS 0x00000000f8100000| PB 0x00000000f8100000| Untracked 
| 898|0x00000000f8200000, 0x00000000f8200000, 0x00000000f8300000|  0%| F|  |TAMS 0x00000000f8200000| PB 0x00000000f8200000| Untracked 
| 899|0x00000000f8300000, 0x00000000f8300000, 0x00000000f8400000|  0%| F|  |TAMS 0x00000000f8300000| PB 0x00000000f8300000| Untracked 
| 900|0x00000000f8400000, 0x00000000f8400000, 0x00000000f8500000|  0%| F|  |TAMS 0x00000000f8400000| PB 0x00000000f8400000| Untracked 
| 901|0x00000000f8500000, 0x00000000f8500000, 0x00000000f8600000|  0%| F|  |TAMS 0x00000000f8500000| PB 0x00000000f8500000| Untracked 
| 902|0x00000000f8600000, 0x00000000f8600000, 0x00000000f8700000|  0%| F|  |TAMS 0x00000000f8600000| PB 0x00000000f8600000| Untracked 
| 903|0x00000000f8700000, 0x00000000f8700000, 0x00000000f8800000|  0%| F|  |TAMS 0x00000000f8700000| PB 0x00000000f8700000| Untracked 
| 904|0x00000000f8800000, 0x00000000f8800000, 0x00000000f8900000|  0%| F|  |TAMS 0x00000000f8800000| PB 0x00000000f8800000| Untracked 
| 905|0x00000000f8900000, 0x00000000f8900000, 0x00000000f8a00000|  0%| F|  |TAMS 0x00000000f8900000| PB 0x00000000f8900000| Untracked 
| 906|0x00000000f8a00000, 0x00000000f8a00000, 0x00000000f8b00000|  0%| F|  |TAMS 0x00000000f8a00000| PB 0x00000000f8a00000| Untracked 
| 907|0x00000000f8b00000, 0x00000000f8b00000, 0x00000000f8c00000|  0%| F|  |TAMS 0x00000000f8b00000| PB 0x00000000f8b00000| Untracked 
| 908|0x00000000f8c00000, 0x00000000f8c00000, 0x00000000f8d00000|  0%| F|  |TAMS 0x00000000f8c00000| PB 0x00000000f8c00000| Untracked 
| 909|0x00000000f8d00000, 0x00000000f8d00000, 0x00000000f8e00000|  0%| F|  |TAMS 0x00000000f8d00000| PB 0x00000000f8d00000| Untracked 
| 910|0x00000000f8e00000, 0x00000000f8e00000, 0x00000000f8f00000|  0%| F|  |TAMS 0x00000000f8e00000| PB 0x00000000f8e00000| Untracked 
| 911|0x00000000f8f00000, 0x00000000f8f00000, 0x00000000f9000000|  0%| F|  |TAMS 0x00000000f8f00000| PB 0x00000000f8f00000| Untracked 
| 912|0x00000000f9000000, 0x00000000f9000000, 0x00000000f9100000|  0%| F|  |TAMS 0x00000000f9000000| PB 0x00000000f9000000| Untracked 
| 913|0x00000000f9100000, 0x00000000f9100000, 0x00000000f9200000|  0%| F|  |TAMS 0x00000000f9100000| PB 0x00000000f9100000| Untracked 
| 914|0x00000000f9200000, 0x00000000f9200000, 0x00000000f9300000|  0%| F|  |TAMS 0x00000000f9200000| PB 0x00000000f9200000| Untracked 
| 915|0x00000000f9300000, 0x00000000f9300000, 0x00000000f9400000|  0%| F|  |TAMS 0x00000000f9300000| PB 0x00000000f9300000| Untracked 
| 916|0x00000000f9400000, 0x00000000f9400000, 0x00000000f9500000|  0%| F|  |TAMS 0x00000000f9400000| PB 0x00000000f9400000| Untracked 
| 917|0x00000000f9500000, 0x00000000f9500000, 0x00000000f9600000|  0%| F|  |TAMS 0x00000000f9500000| PB 0x00000000f9500000| Untracked 
| 918|0x00000000f9600000, 0x00000000f9600000, 0x00000000f9700000|  0%| F|  |TAMS 0x00000000f9600000| PB 0x00000000f9600000| Untracked 
| 919|0x00000000f9700000, 0x00000000f9700000, 0x00000000f9800000|  0%| F|  |TAMS 0x00000000f9700000| PB 0x00000000f9700000| Untracked 
| 920|0x00000000f9800000, 0x00000000f9800000, 0x00000000f9900000|  0%| F|  |TAMS 0x00000000f9800000| PB 0x00000000f9800000| Untracked 
| 921|0x00000000f9900000, 0x00000000f9900000, 0x00000000f9a00000|  0%| F|  |TAMS 0x00000000f9900000| PB 0x00000000f9900000| Untracked 
| 922|0x00000000f9a00000, 0x00000000f9a00000, 0x00000000f9b00000|  0%| F|  |TAMS 0x00000000f9a00000| PB 0x00000000f9a00000| Untracked 
| 923|0x00000000f9b00000, 0x00000000f9b00000, 0x00000000f9c00000|  0%| F|  |TAMS 0x00000000f9b00000| PB 0x00000000f9b00000| Untracked 
| 924|0x00000000f9c00000, 0x00000000f9c00000, 0x00000000f9d00000|  0%| F|  |TAMS 0x00000000f9c00000| PB 0x00000000f9c00000| Untracked 
| 925|0x00000000f9d00000, 0x00000000f9d00000, 0x00000000f9e00000|  0%| F|  |TAMS 0x00000000f9d00000| PB 0x00000000f9d00000| Untracked 
| 926|0x00000000f9e00000, 0x00000000f9e00000, 0x00000000f9f00000|  0%| F|  |TAMS 0x00000000f9e00000| PB 0x00000000f9e00000| Untracked 
| 927|0x00000000f9f00000, 0x00000000f9f00000, 0x00000000fa000000|  0%| F|  |TAMS 0x00000000f9f00000| PB 0x00000000f9f00000| Untracked 
| 928|0x00000000fa000000, 0x00000000fa000000, 0x00000000fa100000|  0%| F|  |TAMS 0x00000000fa000000| PB 0x00000000fa000000| Untracked 
| 929|0x00000000fa100000, 0x00000000fa200000, 0x00000000fa200000|100%| S|CS|TAMS 0x00000000fa100000| PB 0x00000000fa100000| Complete 
| 930|0x00000000fa200000, 0x00000000fa300000, 0x00000000fa300000|100%| S|CS|TAMS 0x00000000fa200000| PB 0x00000000fa200000| Complete 
| 931|0x00000000fa300000, 0x00000000fa400000, 0x00000000fa400000|100%| S|CS|TAMS 0x00000000fa300000| PB 0x00000000fa300000| Complete 
| 932|0x00000000fa400000, 0x00000000fa500000, 0x00000000fa500000|100%| S|CS|TAMS 0x00000000fa400000| PB 0x00000000fa400000| Complete 
| 933|0x00000000fa500000, 0x00000000fa600000, 0x00000000fa600000|100%| S|CS|TAMS 0x00000000fa500000| PB 0x00000000fa500000| Complete 
| 934|0x00000000fa600000, 0x00000000fa700000, 0x00000000fa700000|100%| S|CS|TAMS 0x00000000fa600000| PB 0x00000000fa600000| Complete 
| 935|0x00000000fa700000, 0x00000000fa800000, 0x00000000fa800000|100%| S|CS|TAMS 0x00000000fa700000| PB 0x00000000fa700000| Complete 
| 936|0x00000000fa800000, 0x00000000fa900000, 0x00000000fa900000|100%| O|  |TAMS 0x00000000fa900000| PB 0x00000000fa800000| Untracked 
| 937|0x00000000fa900000, 0x00000000faa00000, 0x00000000faa00000|100%| S|CS|TAMS 0x00000000fa900000| PB 0x00000000fa900000| Complete 
| 938|0x00000000faa00000, 0x00000000fab00000, 0x00000000fab00000|100%| O|  |TAMS 0x00000000fab00000| PB 0x00000000faa00000| Untracked 
| 939|0x00000000fab00000, 0x00000000fac00000, 0x00000000fac00000|100%| S|CS|TAMS 0x00000000fab00000| PB 0x00000000fab00000| Complete 
| 940|0x00000000fac00000, 0x00000000fad00000, 0x00000000fad00000|100%| O|  |TAMS 0x00000000fad00000| PB 0x00000000fac00000| Untracked 
| 941|0x00000000fad00000, 0x00000000fae00000, 0x00000000fae00000|100%| O|  |TAMS 0x00000000fae00000| PB 0x00000000fad00000| Untracked 
| 942|0x00000000fae00000, 0x00000000faf00000, 0x00000000faf00000|100%| S|CS|TAMS 0x00000000fae00000| PB 0x00000000fae00000| Complete 
| 943|0x00000000faf00000, 0x00000000fb000000, 0x00000000fb000000|100%| S|CS|TAMS 0x00000000faf00000| PB 0x00000000faf00000| Complete 
| 944|0x00000000fb000000, 0x00000000fb100000, 0x00000000fb100000|100%| S|CS|TAMS 0x00000000fb000000| PB 0x00000000fb000000| Complete 
| 945|0x00000000fb100000, 0x00000000fb200000, 0x00000000fb200000|100%| S|CS|TAMS 0x00000000fb100000| PB 0x00000000fb100000| Complete 
| 946|0x00000000fb200000, 0x00000000fb300000, 0x00000000fb300000|100%| S|CS|TAMS 0x00000000fb200000| PB 0x00000000fb200000| Complete 
| 947|0x00000000fb300000, 0x00000000fb400000, 0x00000000fb400000|100%| S|CS|TAMS 0x00000000fb300000| PB 0x00000000fb300000| Complete 
| 948|0x00000000fb400000, 0x00000000fb500000, 0x00000000fb500000|100%| S|CS|TAMS 0x00000000fb400000| PB 0x00000000fb400000| Complete 
| 949|0x00000000fb500000, 0x00000000fb600000, 0x00000000fb600000|100%| S|CS|TAMS 0x00000000fb500000| PB 0x00000000fb500000| Complete 
| 950|0x00000000fb600000, 0x00000000fb700000, 0x00000000fb700000|100%| S|CS|TAMS 0x00000000fb600000| PB 0x00000000fb600000| Complete 
| 951|0x00000000fb700000, 0x00000000fb800000, 0x00000000fb800000|100%| S|CS|TAMS 0x00000000fb700000| PB 0x00000000fb700000| Complete 
| 952|0x00000000fb800000, 0x00000000fb900000, 0x00000000fb900000|100%| O|  |TAMS 0x00000000fb900000| PB 0x00000000fb800000| Untracked 
| 953|0x00000000fb900000, 0x00000000fba00000, 0x00000000fba00000|100%| S|CS|TAMS 0x00000000fb900000| PB 0x00000000fb900000| Complete 
| 954|0x00000000fba00000, 0x00000000fbb00000, 0x00000000fbb00000|100%| S|CS|TAMS 0x00000000fba00000| PB 0x00000000fba00000| Complete 
| 955|0x00000000fbb00000, 0x00000000fbc00000, 0x00000000fbc00000|100%| S|CS|TAMS 0x00000000fbb00000| PB 0x00000000fbb00000| Complete 
| 956|0x00000000fbc00000, 0x00000000fbd00000, 0x00000000fbd00000|100%| S|CS|TAMS 0x00000000fbc00000| PB 0x00000000fbc00000| Complete 
| 957|0x00000000fbd00000, 0x00000000fbe00000, 0x00000000fbe00000|100%| S|CS|TAMS 0x00000000fbd00000| PB 0x00000000fbd00000| Complete 
| 958|0x00000000fbe00000, 0x00000000fbf00000, 0x00000000fbf00000|100%| S|CS|TAMS 0x00000000fbe00000| PB 0x00000000fbe00000| Complete 
| 959|0x00000000fbf00000, 0x00000000fc000000, 0x00000000fc000000|100%| S|CS|TAMS 0x00000000fbf00000| PB 0x00000000fbf00000| Complete 
| 960|0x00000000fc000000, 0x00000000fc100000, 0x00000000fc100000|100%| S|CS|TAMS 0x00000000fc000000| PB 0x00000000fc000000| Complete 
| 961|0x00000000fc100000, 0x00000000fc200000, 0x00000000fc200000|100%| S|CS|TAMS 0x00000000fc100000| PB 0x00000000fc100000| Complete 
| 962|0x00000000fc200000, 0x00000000fc300000, 0x00000000fc300000|100%| S|CS|TAMS 0x00000000fc200000| PB 0x00000000fc200000| Complete 
| 963|0x00000000fc300000, 0x00000000fc400000, 0x00000000fc400000|100%| S|CS|TAMS 0x00000000fc300000| PB 0x00000000fc300000| Complete 
| 964|0x00000000fc400000, 0x00000000fc500000, 0x00000000fc500000|100%| O|  |TAMS 0x00000000fc500000| PB 0x00000000fc400000| Untracked 
| 965|0x00000000fc500000, 0x00000000fc500000, 0x00000000fc600000|  0%| F|  |TAMS 0x00000000fc500000| PB 0x00000000fc500000| Untracked 
| 966|0x00000000fc600000, 0x00000000fc600000, 0x00000000fc700000|  0%| F|  |TAMS 0x00000000fc600000| PB 0x00000000fc600000| Untracked 
| 967|0x00000000fc700000, 0x00000000fc700000, 0x00000000fc800000|  0%| F|  |TAMS 0x00000000fc700000| PB 0x00000000fc700000| Untracked 
| 968|0x00000000fc800000, 0x00000000fc800000, 0x00000000fc900000|  0%| F|  |TAMS 0x00000000fc800000| PB 0x00000000fc800000| Untracked 
| 969|0x00000000fc900000, 0x00000000fc900000, 0x00000000fca00000|  0%| F|  |TAMS 0x00000000fc900000| PB 0x00000000fc900000| Untracked 
| 970|0x00000000fca00000, 0x00000000fca00000, 0x00000000fcb00000|  0%| F|  |TAMS 0x00000000fca00000| PB 0x00000000fca00000| Untracked 
| 971|0x00000000fcb00000, 0x00000000fcb00000, 0x00000000fcc00000|  0%| F|  |TAMS 0x00000000fcb00000| PB 0x00000000fcb00000| Untracked 
| 972|0x00000000fcc00000, 0x00000000fcc00000, 0x00000000fcd00000|  0%| F|  |TAMS 0x00000000fcc00000| PB 0x00000000fcc00000| Untracked 
| 973|0x00000000fcd00000, 0x00000000fcd00000, 0x00000000fce00000|  0%| F|  |TAMS 0x00000000fcd00000| PB 0x00000000fcd00000| Untracked 
| 974|0x00000000fce00000, 0x00000000fce00000, 0x00000000fcf00000|  0%| F|  |TAMS 0x00000000fce00000| PB 0x00000000fce00000| Untracked 
| 975|0x00000000fcf00000, 0x00000000fcf00000, 0x00000000fd000000|  0%| F|  |TAMS 0x00000000fcf00000| PB 0x00000000fcf00000| Untracked 
| 976|0x00000000fd000000, 0x00000000fd000000, 0x00000000fd100000|  0%| F|  |TAMS 0x00000000fd000000| PB 0x00000000fd000000| Untracked 
| 977|0x00000000fd100000, 0x00000000fd100000, 0x00000000fd200000|  0%| F|  |TAMS 0x00000000fd100000| PB 0x00000000fd100000| Untracked 
| 978|0x00000000fd200000, 0x00000000fd200000, 0x00000000fd300000|  0%| F|  |TAMS 0x00000000fd200000| PB 0x00000000fd200000| Untracked 
| 979|0x00000000fd300000, 0x00000000fd300000, 0x00000000fd400000|  0%| F|  |TAMS 0x00000000fd300000| PB 0x00000000fd300000| Untracked 
| 980|0x00000000fd400000, 0x00000000fd400000, 0x00000000fd500000|  0%| F|  |TAMS 0x00000000fd400000| PB 0x00000000fd400000| Untracked 
| 981|0x00000000fd500000, 0x00000000fd500000, 0x00000000fd600000|  0%| F|  |TAMS 0x00000000fd500000| PB 0x00000000fd500000| Untracked 
| 982|0x00000000fd600000, 0x00000000fd700000, 0x00000000fd700000|100%| O|  |TAMS 0x00000000fd700000| PB 0x00000000fd600000| Untracked 
| 983|0x00000000fd700000, 0x00000000fd700000, 0x00000000fd800000|  0%| F|  |TAMS 0x00000000fd700000| PB 0x00000000fd700000| Untracked 
| 984|0x00000000fd800000, 0x00000000fd800000, 0x00000000fd900000|  0%| F|  |TAMS 0x00000000fd800000| PB 0x00000000fd800000| Untracked 
| 985|0x00000000fd900000, 0x00000000fd900000, 0x00000000fda00000|  0%| F|  |TAMS 0x00000000fd900000| PB 0x00000000fd900000| Untracked 
| 986|0x00000000fda00000, 0x00000000fda00000, 0x00000000fdb00000|  0%| F|  |TAMS 0x00000000fda00000| PB 0x00000000fda00000| Untracked 
| 987|0x00000000fdb00000, 0x00000000fdb00000, 0x00000000fdc00000|  0%| F|  |TAMS 0x00000000fdb00000| PB 0x00000000fdb00000| Untracked 
| 988|0x00000000fdc00000, 0x00000000fdc00000, 0x00000000fdd00000|  0%| F|  |TAMS 0x00000000fdc00000| PB 0x00000000fdc00000| Untracked 
| 989|0x00000000fdd00000, 0x00000000fdd00000, 0x00000000fde00000|  0%| F|  |TAMS 0x00000000fdd00000| PB 0x00000000fdd00000| Untracked 
| 990|0x00000000fde00000, 0x00000000fde00000, 0x00000000fdf00000|  0%| F|  |TAMS 0x00000000fde00000| PB 0x00000000fde00000| Untracked 
| 991|0x00000000fdf00000, 0x00000000fe000000, 0x00000000fe000000|100%| O|  |TAMS 0x00000000fe000000| PB 0x00000000fdf00000| Untracked 
| 992|0x00000000fe000000, 0x00000000fe000000, 0x00000000fe100000|  0%| F|  |TAMS 0x00000000fe000000| PB 0x00000000fe000000| Untracked 
| 993|0x00000000fe100000, 0x00000000fe100000, 0x00000000fe200000|  0%| F|  |TAMS 0x00000000fe100000| PB 0x00000000fe100000| Untracked 
| 994|0x00000000fe200000, 0x00000000fe200000, 0x00000000fe300000|  0%| F|  |TAMS 0x00000000fe200000| PB 0x00000000fe200000| Untracked 
| 995|0x00000000fe300000, 0x00000000fe300000, 0x00000000fe400000|  0%| F|  |TAMS 0x00000000fe300000| PB 0x00000000fe300000| Untracked 
| 996|0x00000000fe400000, 0x00000000fe400000, 0x00000000fe500000|  0%| F|  |TAMS 0x00000000fe400000| PB 0x00000000fe400000| Untracked 
| 997|0x00000000fe500000, 0x00000000fe500000, 0x00000000fe600000|  0%| F|  |TAMS 0x00000000fe500000| PB 0x00000000fe500000| Untracked 
| 998|0x00000000fe600000, 0x00000000fe600000, 0x00000000fe700000|  0%| F|  |TAMS 0x00000000fe600000| PB 0x00000000fe600000| Untracked 
| 999|0x00000000fe700000, 0x00000000fe700000, 0x00000000fe800000|  0%| F|  |TAMS 0x00000000fe700000| PB 0x00000000fe700000| Untracked 
|1000|0x00000000fe800000, 0x00000000fe800000, 0x00000000fe900000|  0%| F|  |TAMS 0x00000000fe800000| PB 0x00000000fe800000| Untracked 
|1001|0x00000000fe900000, 0x00000000fe900000, 0x00000000fea00000|  0%| F|  |TAMS 0x00000000fe900000| PB 0x00000000fe900000| Untracked 
|1002|0x00000000fea00000, 0x00000000fea00000, 0x00000000feb00000|  0%| F|  |TAMS 0x00000000fea00000| PB 0x00000000fea00000| Untracked 
|1003|0x00000000feb00000, 0x00000000feb00000, 0x00000000fec00000|  0%| F|  |TAMS 0x00000000feb00000| PB 0x00000000feb00000| Untracked 
|1004|0x00000000fec00000, 0x00000000fec00000, 0x00000000fed00000|  0%| F|  |TAMS 0x00000000fec00000| PB 0x00000000fec00000| Untracked 
|1005|0x00000000fed00000, 0x00000000fed00000, 0x00000000fee00000|  0%| F|  |TAMS 0x00000000fed00000| PB 0x00000000fed00000| Untracked 
|1006|0x00000000fee00000, 0x00000000fee00000, 0x00000000fef00000|  0%| F|  |TAMS 0x00000000fee00000| PB 0x00000000fee00000| Untracked 
|1007|0x00000000fef00000, 0x00000000fef00000, 0x00000000ff000000|  0%| F|  |TAMS 0x00000000fef00000| PB 0x00000000fef00000| Untracked 
|1008|0x00000000ff000000, 0x00000000ff000000, 0x00000000ff100000|  0%| F|  |TAMS 0x00000000ff000000| PB 0x00000000ff000000| Untracked 
|1009|0x00000000ff100000, 0x00000000ff100000, 0x00000000ff200000|  0%| F|  |TAMS 0x00000000ff100000| PB 0x00000000ff100000| Untracked 
|1010|0x00000000ff200000, 0x00000000ff200000, 0x00000000ff300000|  0%| F|  |TAMS 0x00000000ff200000| PB 0x00000000ff200000| Untracked 
|1011|0x00000000ff300000, 0x00000000ff300000, 0x00000000ff400000|  0%| F|  |TAMS 0x00000000ff300000| PB 0x00000000ff300000| Untracked 
|1012|0x00000000ff400000, 0x00000000ff480000, 0x00000000ff500000| 50%| E|  |TAMS 0x00000000ff400000| PB 0x00000000ff400000| Complete 
|1013|0x00000000ff500000, 0x00000000ff600000, 0x00000000ff600000|100%| O|  |TAMS 0x00000000ff600000| PB 0x00000000ff500000| Untracked 
|1014|0x00000000ff600000, 0x00000000ff700000, 0x00000000ff700000|100%| O|  |TAMS 0x00000000ff700000| PB 0x00000000ff600000| Untracked 
|1015|0x00000000ff700000, 0x00000000ff800000, 0x00000000ff800000|100%| E|CS|TAMS 0x00000000ff700000| PB 0x00000000ff700000| Complete 
|1016|0x00000000ff800000, 0x00000000ff900000, 0x00000000ff900000|100%| E|CS|TAMS 0x00000000ff800000| PB 0x00000000ff800000| Complete 
|1017|0x00000000ff900000, 0x00000000ffa00000, 0x00000000ffa00000|100%| E|CS|TAMS 0x00000000ff900000| PB 0x00000000ff900000| Complete 
|1018|0x00000000ffa00000, 0x00000000ffb00000, 0x00000000ffb00000|100%| E|CS|TAMS 0x00000000ffa00000| PB 0x00000000ffa00000| Complete 
|1019|0x00000000ffb00000, 0x00000000ffc00000, 0x00000000ffc00000|100%| O|  |TAMS 0x00000000ffc00000| PB 0x00000000ffb00000| Untracked 
|1020|0x00000000ffc00000, 0x00000000ffd00000, 0x00000000ffd00000|100%| E|CS|TAMS 0x00000000ffc00000| PB 0x00000000ffc00000| Complete 
|1021|0x00000000ffd00000, 0x00000000ffe00000, 0x00000000ffe00000|100%| E|CS|TAMS 0x00000000ffd00000| PB 0x00000000ffd00000| Complete 
|1022|0x00000000ffe00000, 0x00000000fff00000, 0x00000000fff00000|100%| O|  |TAMS 0x00000000fff00000| PB 0x00000000ffe00000| Untracked 
|1023|0x00000000fff00000, 0x0000000100000000, 0x0000000100000000|100%| E|CS|TAMS 0x00000000fff00000| PB 0x00000000fff00000| Complete 

Card table byte_map: [0x0000019c6fe90000,0x0000019c70090000] _byte_map_base: 0x0000019c6f890000

Marking Bits: (CMBitMap*) 0x0000019c58264330
 Bits: [0x0000019c70090000, 0x0000019c71090000)

Polling page: 0x0000019c56310000

Metaspace:

Usage:
  Non-class:    242.22 MB used.
      Class:     34.39 MB used.
       Both:    276.61 MB used.

Virtual space:
  Non-class space:      256.00 MB reserved,     243.38 MB ( 95%) committed,  4 nodes.
      Class space:      416.00 MB reserved,      35.50 MB (  9%) committed,  1 nodes.
             Both:      672.00 MB reserved,     278.88 MB ( 41%) committed. 

Chunk freelists:
   Non-Class:  11.88 MB
       Class:  12.52 MB
        Both:  24.39 MB

MaxMetaspaceSize: 512.00 MB
CompressedClassSpaceSize: 416.00 MB
Initial GC threshold: 21.00 MB
Current GC threshold: 412.19 MB
CDS: on
 - commit_granule_bytes: 65536.
 - commit_granule_words: 8192.
 - virtual_space_node_default_size: 8388608.
 - enlarge_chunks_in_place: 1.
 - use_allocation_guard: 0.


Internal statistics:

num_allocs_failed_limit: 3.
num_arena_births: 10316.
num_arena_deaths: 6436.
num_vsnodes_births: 5.
num_vsnodes_deaths: 0.
num_space_committed: 4468.
num_space_uncommitted: 8.
num_chunks_returned_to_freelist: 8231.
num_chunks_taken_from_freelist: 25324.
num_chunk_merges: 2770.
num_chunk_splits: 14896.
num_chunks_enlarged: 9640.
num_inconsistent_stats: 0.

CodeHeap 'non-profiled nmethods': size=120000Kb used=33397Kb max_used=36172Kb free=86602Kb
 bounds [0x0000019c68430000, 0x0000019c6a7d0000, 0x0000019c6f960000]
CodeHeap 'profiled nmethods': size=120000Kb used=42313Kb max_used=61312Kb free=77686Kb
 bounds [0x0000019c60960000, 0x0000019c64550000, 0x0000019c67e90000]
CodeHeap 'non-nmethods': size=5760Kb used=3250Kb max_used=3406Kb free=2509Kb
 bounds [0x0000019c67e90000, 0x0000019c681f0000, 0x0000019c68430000]
CodeCache: size=245760Kb, used=78960Kb, max_used=100890Kb, free=166797Kb
 total_blobs=25496, nmethods=24071, adapters=1323, full_count=0
Compilation: enabled, stopped_count=0, restarted_count=0

Compilation events (20 events):
Event: 3666.984 Thread 0x0000019c73bb6740 nmethod 91638 0x0000019c6a4d5010 code [0x0000019c6a4d51a0, 0x0000019c6a4d5248]
Event: 3666.984 Thread 0x0000019c73bb6740 91631       4       com.sun.org.apache.xerces.internal.impl.XMLEntityScanner::getPublicId (34 bytes)
Event: 3666.985 Thread 0x0000019c73bb6740 nmethod 91631 0x0000019c6a4d4c90 code [0x0000019c6a4d4e20, 0x0000019c6a4d4f08]
Event: 3666.985 Thread 0x0000019c73bb6740 91596       4       com.sun.org.apache.xerces.internal.utils.XMLSecurityPropertyManager$Property::values (10 bytes)
Event: 3666.986 Thread 0x0000019c73bb6740 nmethod 91596 0x0000019c6a4d4910 code [0x0000019c6a4d4aa0, 0x0000019c6a4d4ba8]
Event: 3666.986 Thread 0x0000019c73bb6740 91617       4       com.sun.org.apache.xerces.internal.utils.XMLSecurityPropertyManager$Property::equalsName (17 bytes)
Event: 3666.987 Thread 0x0000019c73bb6740 nmethod 91617 0x0000019c6a4d4490 code [0x0000019c6a4d4620, 0x0000019c6a4d4800]
Event: 3666.987 Thread 0x0000019c73bb6740 91751       4       org.gradle.tooling.internal.adapter.ProtocolToModelAdapter::access$1400 (4 bytes)
Event: 3666.988 Thread 0x0000019c73bb6740 nmethod 91751 0x0000019c6a4d4190 code [0x0000019c6a4d4320, 0x0000019c6a4d4390]
Event: 3666.988 Thread 0x0000019c73bb6740 91752       4       org.gradle.tooling.internal.adapter.ProtocolToModelAdapter::access$1500 (4 bytes)
Event: 3666.988 Thread 0x0000019c73bb6740 nmethod 91752 0x0000019c6a4d3e90 code [0x0000019c6a4d4020, 0x0000019c6a4d4090]
Event: 3666.988 Thread 0x0000019c73bb6740 91669       4       com.sun.xml.internal.stream.events.CharacterEvent::init (6 bytes)
Event: 3666.988 Thread 0x0000019c73bb6740 nmethod 91669 0x0000019c6a4d3b90 code [0x0000019c6a4d3d20, 0x0000019c6a4d3db0]
Event: 3666.988 Thread 0x0000019c73bb6740 91600       4       com.sun.xml.internal.stream.events.EndElementEvent::init (17 bytes)
Event: 3666.990 Thread 0x0000019c1b24fe60 nmethod 91685 0x0000019c6a4d2790 code [0x0000019c6a4d29e0, 0x0000019c6a4d34b0]
Event: 3666.990 Thread 0x0000019c1b24fe60 91629       4       com.sun.xml.internal.stream.events.StartElementEvent::init (28 bytes)
Event: 3666.991 Thread 0x0000019c73bb6740 nmethod 91600 0x0000019c6a4d2390 code [0x0000019c6a4d2520, 0x0000019c6a4d26f8]
Event: 3666.991 Thread 0x0000019c73bb6740 91648       4       com.sun.org.apache.xerces.internal.impl.XMLDocumentFragmentScannerImpl$ElementStack::getLastPoppedElement (10 bytes)
Event: 3666.991 Thread 0x0000019c73bb6740 nmethod 91648 0x0000019c6a4d2090 code [0x0000019c6a4d2220, 0x0000019c6a4d22f0]
Event: 3666.993 Thread 0x0000019c1b24fe60 nmethod 91629 0x0000019c6a4d1a90 code [0x0000019c6a4d1c40, 0x0000019c6a4d1f90]

GC Heap History (20 events):
Event: 1483.304 GC heap before
{Heap before GC invocations=163 (full 1):
 garbage-first heap   total 1048576K, used 922262K [0x00000000c0000000, 0x0000000100000000)
  region size 1024K, 421 young (431104K), 7 survivors (7168K)
 Metaspace       used 251326K, committed 252928K, reserved 688128K
  class space    used 30748K, committed 31552K, reserved 425984K
}
Event: 1483.314 GC heap after
{Heap after GC invocations=164 (full 1):
 garbage-first heap   total 1048576K, used 500520K [0x00000000c0000000, 0x0000000100000000)
  region size 1024K, 9 young (9216K), 9 survivors (9216K)
 Metaspace       used 251326K, committed 252928K, reserved 688128K
  class space    used 30748K, committed 31552K, reserved 425984K
}
Event: 1485.002 GC heap before
{Heap before GC invocations=165 (full 1):
 garbage-first heap   total 1048576K, used 829539K [0x00000000c0000000, 0x0000000100000000)
  region size 1024K, 440 young (450560K), 9 survivors (9216K)
 Metaspace       used 251341K, committed 252928K, reserved 688128K
  class space    used 30748K, committed 31552K, reserved 425984K
}
Event: 1485.019 GC heap after
{Heap after GC invocations=166 (full 1):
 garbage-first heap   total 1048576K, used 391855K [0x00000000c0000000, 0x0000000100000000)
  region size 1024K, 13 young (13312K), 13 survivors (13312K)
 Metaspace       used 251341K, committed 252928K, reserved 688128K
  class space    used 30748K, committed 31552K, reserved 425984K
}
Event: 1486.210 GC heap before
{Heap before GC invocations=166 (full 1):
 garbage-first heap   total 1048576K, used 937647K [0x00000000c0000000, 0x0000000100000000)
  region size 1024K, 546 young (559104K), 13 survivors (13312K)
 Metaspace       used 251351K, committed 252928K, reserved 688128K
  class space    used 30748K, committed 31552K, reserved 425984K
}
Event: 1486.232 GC heap after
{Heap after GC invocations=167 (full 1):
 garbage-first heap   total 1048576K, used 354422K [0x00000000c0000000, 0x0000000100000000)
  region size 1024K, 15 young (15360K), 15 survivors (15360K)
 Metaspace       used 251351K, committed 252928K, reserved 688128K
  class space    used 30748K, committed 31552K, reserved 425984K
}
Event: 1487.527 GC heap before
{Heap before GC invocations=167 (full 1):
 garbage-first heap   total 1048576K, used 966774K [0x00000000c0000000, 0x0000000100000000)
  region size 1024K, 614 young (628736K), 15 survivors (15360K)
 Metaspace       used 251406K, committed 252992K, reserved 688128K
  class space    used 30748K, committed 31552K, reserved 425984K
}
Event: 1487.545 GC heap after
{Heap after GC invocations=168 (full 1):
 garbage-first heap   total 1048576K, used 355208K [0x00000000c0000000, 0x0000000100000000)
  region size 1024K, 16 young (16384K), 16 survivors (16384K)
 Metaspace       used 251406K, committed 252992K, reserved 688128K
  class space    used 30748K, committed 31552K, reserved 425984K
}
Event: 1489.421 GC heap before
{Heap before GC invocations=169 (full 1):
 garbage-first heap   total 1048576K, used 966536K [0x00000000c0000000, 0x0000000100000000)
  region size 1024K, 614 young (628736K), 16 survivors (16384K)
 Metaspace       used 251428K, committed 253056K, reserved 688128K
  class space    used 30748K, committed 31552K, reserved 425984K
}
Event: 1489.443 GC heap after
{Heap after GC invocations=170 (full 1):
 garbage-first heap   total 1048576K, used 355918K [0x00000000c0000000, 0x0000000100000000)
  region size 1024K, 17 young (17408K), 17 survivors (17408K)
 Metaspace       used 251428K, committed 253056K, reserved 688128K
  class space    used 30748K, committed 31552K, reserved 425984K
}
Event: 1491.758 GC heap before
{Heap before GC invocations=170 (full 1):
 garbage-first heap   total 1048576K, used 966222K [0x00000000c0000000, 0x0000000100000000)
  region size 1024K, 614 young (628736K), 17 survivors (17408K)
 Metaspace       used 251467K, committed 253056K, reserved 688128K
  class space    used 30748K, committed 31552K, reserved 425984K
}
Event: 1491.774 GC heap after
{Heap after GC invocations=171 (full 1):
 garbage-first heap   total 1048576K, used 339541K [0x00000000c0000000, 0x0000000100000000)
  region size 1024K, 15 young (15360K), 15 survivors (15360K)
 Metaspace       used 251467K, committed 253056K, reserved 688128K
  class space    used 30748K, committed 31552K, reserved 425984K
}
Event: 1492.476 GC heap before
{Heap before GC invocations=171 (full 1):
 garbage-first heap   total 1048576K, used 480853K [0x00000000c0000000, 0x0000000100000000)
  region size 1024K, 155 young (158720K), 15 survivors (15360K)
 Metaspace       used 251657K, committed 253248K, reserved 688128K
  class space    used 30782K, committed 31552K, reserved 425984K
}
Event: 1492.501 GC heap after
{Heap after GC invocations=172 (full 1):
 garbage-first heap   total 1048576K, used 361796K [0x00000000c0000000, 0x0000000100000000)
  region size 1024K, 37 young (37888K), 37 survivors (37888K)
 Metaspace       used 251657K, committed 253248K, reserved 688128K
  class space    used 30782K, committed 31552K, reserved 425984K
}
Event: 3523.936 GC heap before
{Heap before GC invocations=173 (full 1):
 garbage-first heap   total 1048576K, used 1044804K [0x00000000c0000000, 0x0000000100000000)
  region size 1024K, 533 young (545792K), 37 survivors (37888K)
 Metaspace       used 252126K, committed 253760K, reserved 688128K
  class space    used 30840K, committed 31616K, reserved 425984K
}
Event: 3523.957 GC heap after
{Heap after GC invocations=174 (full 1):
 garbage-first heap   total 1048576K, used 535546K [0x00000000c0000000, 0x0000000100000000)
  region size 1024K, 0 young (0K), 0 survivors (0K)
 Metaspace       used 252126K, committed 253760K, reserved 688128K
  class space    used 30840K, committed 31616K, reserved 425984K
}
Event: 3665.992 GC heap before
{Heap before GC invocations=174 (full 1):
 garbage-first heap   total 1048576K, used 999418K [0x00000000c0000000, 0x0000000100000000)
  region size 1024K, 447 young (457728K), 0 survivors (0K)
 Metaspace       used 278633K, committed 280960K, reserved 688128K
  class space    used 34665K, committed 35776K, reserved 425984K
}
Event: 3666.016 GC heap after
{Heap after GC invocations=175 (full 1):
 garbage-first heap   total 1048576K, used 549519K [0x00000000c0000000, 0x0000000100000000)
  region size 1024K, 26 young (26624K), 26 survivors (26624K)
 Metaspace       used 278633K, committed 280960K, reserved 688128K
  class space    used 34665K, committed 35776K, reserved 425984K
}
Event: 3666.893 GC heap before
{Heap before GC invocations=175 (full 1):
 garbage-first heap   total 1048576K, used 601743K [0x00000000c0000000, 0x0000000100000000)
  region size 1024K, 79 young (80896K), 26 survivors (26624K)
 Metaspace       used 282309K, committed 284736K, reserved 688128K
  class space    used 35178K, committed 36352K, reserved 425984K
}
Event: 3666.911 GC heap after
{Heap after GC invocations=176 (full 1):
 garbage-first heap   total 1048576K, used 553615K [0x00000000c0000000, 0x0000000100000000)
  region size 1024K, 30 young (30720K), 30 survivors (30720K)
 Metaspace       used 282309K, committed 284736K, reserved 688128K
  class space    used 35178K, committed 36352K, reserved 425984K
}

Dll operation events (20 events):
Event: 0.298 Attempting to load shared library C:\Users\Admin\.jdks\ms-21.0.12\bin\jimage.dll
Event: 0.298 Loaded shared library C:\Users\Admin\.jdks\ms-21.0.12\bin\jimage.dll
Event: 0.357 Attempting to load shared library C:\Users\Admin\.jdks\ms-21.0.12\bin\verify.dll
Event: 0.358 Loaded shared library C:\Users\Admin\.jdks\ms-21.0.12\bin\verify.dll
Event: 0.484 Attempting to load shared library C:\Users\Admin\.gradle\native\c067742578af261105cb4f569cf0c3c89f3d7b1fecec35dd04571415982c5e48\windows-amd64\native-platform.dll
Event: 0.485 Loaded shared library C:\Users\Admin\.gradle\native\c067742578af261105cb4f569cf0c3c89f3d7b1fecec35dd04571415982c5e48\windows-amd64\native-platform.dll
Event: 0.489 Attempting to load shared library C:\Users\Admin\.gradle\native\38dada09dfb8b06ba9b0570ebf7e218e3eb74d4ef43ca46872605cf95ebc2f47\windows-amd64\native-platform-file-events.dll
Event: 0.490 Loaded shared library C:\Users\Admin\.gradle\native\38dada09dfb8b06ba9b0570ebf7e218e3eb74d4ef43ca46872605cf95ebc2f47\windows-amd64\native-platform-file-events.dll
Event: 1.284 Attempting to load shared library C:\Users\Admin\.jdks\ms-21.0.12\bin\management.dll
Event: 1.285 Loaded shared library C:\Users\Admin\.jdks\ms-21.0.12\bin\management.dll
Event: 1.287 Attempting to load shared library C:\Users\Admin\.jdks\ms-21.0.12\bin\management_ext.dll
Event: 1.288 Loaded shared library C:\Users\Admin\.jdks\ms-21.0.12\bin\management_ext.dll
Event: 1.429 Attempting to load shared library C:\Users\Admin\.jdks\ms-21.0.12\bin\extnet.dll
Event: 1.430 Loaded shared library C:\Users\Admin\.jdks\ms-21.0.12\bin\extnet.dll
Event: 1.542 Attempting to load shared library C:\Users\Admin\.jdks\ms-21.0.12\bin\sunmscapi.dll
Event: 1.544 Loaded shared library C:\Users\Admin\.jdks\ms-21.0.12\bin\sunmscapi.dll
Event: 459.651 Attempting to load shared library C:\Users\Admin\AppData\Local\Temp\native-platform9607811863303621062dir\native-platform.dll
Event: 459.867 Loaded shared library C:\Users\Admin\AppData\Local\Temp\native-platform9607811863303621062dir\native-platform.dll
Event: 461.218 Attempting to load shared library C:\Users\Admin\.jdks\ms-21.0.12\bin\rmi.dll
Event: 461.218 Loaded shared library C:\Users\Admin\.jdks\ms-21.0.12\bin\rmi.dll

Deoptimization events (20 events):
Event: 3666.659 Thread 0x0000019c31225290 Uncommon trap: trap_request=0xffffffd6 fr.pc=0x0000019c699dc250 relative=0x0000000000001990
Event: 3666.659 Thread 0x0000019c31225290 Uncommon trap: reason=array_check action=maybe_recompile pc=0x0000019c699dc250 method=java.util.TimSort.mergeLo(IIII)V @ 212 c2
Event: 3666.659 Thread 0x0000019c31225290 DEOPT PACKING pc=0x0000019c699dc250 sp=0x00000039850f7b70
Event: 3666.659 Thread 0x0000019c31225290 DEOPT UNPACKING pc=0x0000019c67ee4422 sp=0x00000039850f7b50 mode 2
Event: 3666.823 Thread 0x0000019c31225290 Uncommon trap: trap_request=0xffffffbe fr.pc=0x0000019c6a562b60 relative=0x0000000000002800
Event: 3666.823 Thread 0x0000019c31225290 Uncommon trap: reason=profile_predicate action=maybe_recompile pc=0x0000019c6a562b60 method=org.gradle.tooling.internal.adapter.ProtocolToModelAdapter.convertCollectionInternal(Ljava/util/Collection;Ljava/lang/reflect/Type;Ljava/lang/Iterable;Lorg/gradle/
Event: 3666.823 Thread 0x0000019c31225290 DEOPT PACKING pc=0x0000019c6a562b60 sp=0x00000039850fa220
Event: 3666.823 Thread 0x0000019c31225290 DEOPT UNPACKING pc=0x0000019c67ee4422 sp=0x00000039850fa240 mode 2
Event: 3666.823 Thread 0x0000019c31225290 Uncommon trap: trap_request=0xffffffbe fr.pc=0x0000019c6a562b60 relative=0x0000000000002800
Event: 3666.823 Thread 0x0000019c31225290 Uncommon trap: reason=profile_predicate action=maybe_recompile pc=0x0000019c6a562b60 method=org.gradle.tooling.internal.adapter.ProtocolToModelAdapter.convertCollectionInternal(Ljava/util/Collection;Ljava/lang/reflect/Type;Ljava/lang/Iterable;Lorg/gradle/
Event: 3666.823 Thread 0x0000019c31225290 DEOPT PACKING pc=0x0000019c6a562b60 sp=0x00000039850fa210
Event: 3666.823 Thread 0x0000019c31225290 DEOPT UNPACKING pc=0x0000019c67ee4422 sp=0x00000039850fa230 mode 2
Event: 3666.831 Thread 0x0000019c31225290 Uncommon trap: trap_request=0xffffffbe fr.pc=0x0000019c6a562b60 relative=0x0000000000002800
Event: 3666.831 Thread 0x0000019c31225290 Uncommon trap: reason=profile_predicate action=maybe_recompile pc=0x0000019c6a562b60 method=org.gradle.tooling.internal.adapter.ProtocolToModelAdapter.convertCollectionInternal(Ljava/util/Collection;Ljava/lang/reflect/Type;Ljava/lang/Iterable;Lorg/gradle/
Event: 3666.832 Thread 0x0000019c31225290 DEOPT PACKING pc=0x0000019c6a562b60 sp=0x00000039850f9be0
Event: 3666.832 Thread 0x0000019c31225290 DEOPT UNPACKING pc=0x0000019c67ee4422 sp=0x00000039850f9c00 mode 2
Event: 3666.832 Thread 0x0000019c31225290 Uncommon trap: trap_request=0xffffffbe fr.pc=0x0000019c6a562b60 relative=0x0000000000002800
Event: 3666.832 Thread 0x0000019c31225290 Uncommon trap: reason=profile_predicate action=maybe_recompile pc=0x0000019c6a562b60 method=org.gradle.tooling.internal.adapter.ProtocolToModelAdapter.convertCollectionInternal(Ljava/util/Collection;Ljava/lang/reflect/Type;Ljava/lang/Iterable;Lorg/gradle/
Event: 3666.832 Thread 0x0000019c31225290 DEOPT PACKING pc=0x0000019c6a562b60 sp=0x00000039850f9bd0
Event: 3666.832 Thread 0x0000019c31225290 DEOPT UNPACKING pc=0x0000019c67ee4422 sp=0x00000039850f9bf0 mode 2

Classes loaded (20 events):
Event: 1465.100 Loading class java/util/ResourceBundle$3
Event: 1465.101 Loading class java/util/ResourceBundle$3 done
Event: 1465.110 Loading class java/util/ResourceBundle$BundleReference
Event: 1465.110 Loading class java/util/ResourceBundle$BundleReference done
Event: 1465.269 Loading class java/util/ServiceLoader$ProviderSpliterator
Event: 1465.269 Loading class java/util/ServiceLoader$ProviderSpliterator done
Event: 1465.649 Loading class java/text/MessageFormat
Event: 1465.649 Loading class java/text/MessageFormat done
Event: 1465.649 Loading class java/text/MessageFormat$Field
Event: 1465.650 Loading class java/text/MessageFormat$Field done
Event: 1468.435 Loading class java/text/BreakIterator
Event: 1468.435 Loading class java/text/BreakIterator done
Event: 1472.349 Loading class java/util/EnumMap$Values
Event: 1472.349 Loading class java/util/EnumMap$Values done
Event: 1472.349 Loading class java/util/EnumMap$ValueIterator
Event: 1472.349 Loading class java/util/EnumMap$ValueIterator done
Event: 1494.181 Loading class sun/nio/cs/US_ASCII$Encoder
Event: 1494.181 Loading class sun/nio/cs/US_ASCII$Encoder done
Event: 1494.198 Loading class java/util/TreeMap$NavigableSubMap$SubMapKeyIterator
Event: 1494.198 Loading class java/util/TreeMap$NavigableSubMap$SubMapKeyIterator done

Classes unloaded (20 events):
Event: 1346.860 Thread 0x0000019c73af7180 Unloading class 0x0000019c02a2c400 'java/lang/invoke/LambdaForm$MH+0x0000019c02a2c400'
Event: 1346.860 Thread 0x0000019c73af7180 Unloading class 0x0000019c02a2c000 'java/lang/invoke/LambdaForm$MH+0x0000019c02a2c000'
Event: 1346.860 Thread 0x0000019c73af7180 Unloading class 0x0000019c02178000 'jdk/internal/reflect/GeneratedSerializationConstructorAccessor242'
Event: 1346.860 Thread 0x0000019c73af7180 Unloading class 0x0000019c021fe000 'jdk/internal/reflect/GeneratedSerializationConstructorAccessor239'
Event: 1346.860 Thread 0x0000019c73af7180 Unloading class 0x0000019c01930c00 'jdk/internal/reflect/GeneratedSerializationConstructorAccessor71'
Event: 1346.860 Thread 0x0000019c73af7180 Unloading class 0x0000019c01930800 'jdk/internal/reflect/GeneratedSerializationConstructorAccessor70'
Event: 1346.860 Thread 0x0000019c73af7180 Unloading class 0x0000019c01930400 'jdk/internal/reflect/GeneratedSerializationConstructorAccessor69'
Event: 1346.860 Thread 0x0000019c73af7180 Unloading class 0x0000019c01930000 'jdk/internal/reflect/GeneratedSerializationConstructorAccessor68'
Event: 1346.860 Thread 0x0000019c73af7180 Unloading class 0x0000019c01853800 'jdk/internal/reflect/GeneratedSerializationConstructorAccessor59'
Event: 1346.860 Thread 0x0000019c73af7180 Unloading class 0x0000019c01258400 'java/lang/invoke/LambdaForm$MH+0x0000019c01258400'
Event: 1346.860 Thread 0x0000019c73af7180 Unloading class 0x0000019c01258000 'java/lang/invoke/LambdaForm$MH+0x0000019c01258000'
Event: 1346.860 Thread 0x0000019c73af7180 Unloading class 0x0000019c011ac000 'java/lang/invoke/LambdaForm$MH+0x0000019c011ac000'
Event: 1346.860 Thread 0x0000019c73af7180 Unloading class 0x0000019c0114ec00 'java/lang/invoke/LambdaForm$MH+0x0000019c0114ec00'
Event: 1346.860 Thread 0x0000019c73af7180 Unloading class 0x0000019c0114e800 'java/lang/invoke/LambdaForm$MH+0x0000019c0114e800'
Event: 1346.860 Thread 0x0000019c73af7180 Unloading class 0x0000019c0114c000 'java/lang/invoke/LambdaForm$MH+0x0000019c0114c000'
Event: 1346.860 Thread 0x0000019c73af7180 Unloading class 0x0000019c010edc00 'java/lang/invoke/LambdaForm$MH+0x0000019c010edc00'
Event: 1346.860 Thread 0x0000019c73af7180 Unloading class 0x0000019c010ed000 'java/lang/invoke/LambdaForm$MH+0x0000019c010ed000'
Event: 1346.860 Thread 0x0000019c73af7180 Unloading class 0x0000019c010d0c00 'java/lang/invoke/LambdaForm$MH+0x0000019c010d0c00'
Event: 1346.860 Thread 0x0000019c73af7180 Unloading class 0x0000019c01018400 'java/lang/invoke/LambdaForm$MH+0x0000019c01018400'
Event: 1346.860 Thread 0x0000019c73af7180 Unloading class 0x0000019c01000400 'java/lang/invoke/LambdaForm$MH+0x0000019c01000400'

Classes redefined (0 events):
No events

Internal exceptions (20 events):
Event: 3665.301 Thread 0x0000019c31225920 Exception <a 'java/lang/NoSuchMethodError'{0x00000000ff04a3e0}: static Lorg/gradle/tooling/internal/provider/serialization/SerializedPayload;.<clinit>()V> (0x00000000ff04a3e0) 
thrown [s\src\hotspot\share\prims\jni.cpp, line 1111]
Event: 3665.373 Thread 0x0000019c3265eba0 Exception <a 'java/lang/NoSuchMethodError'{0x00000000d9aacd70}: 'void java.lang.invoke.DirectMethodHandle$Holder.invokeStatic(java.lang.Object, int)'> (0x00000000d9aacd70) 
thrown [s\src\hotspot\share\interpreter\linkResolver.cpp, line 773]
Event: 3665.579 Thread 0x0000019c3265eba0 Exception <a 'java/lang/NoSuchMethodError'{0x00000000d77b5428}: static Lorg/jetbrains/plugins/gradle/tooling/serialization/internal/adapter/kotlin/dsl/InternalKotlinDslScriptsModel;.<clinit>()V> (0x00000000d77b5428) 
thrown [s\src\hotspot\share\prims\jni.cpp, line 1111]
Event: 3665.580 Thread 0x0000019c3265eba0 Exception <a 'java/lang/NoSuchMethodError'{0x00000000d77bfca0}: static Lorg/jetbrains/plugins/gradle/tooling/serialization/internal/adapter/kotlin/dsl/InternalKotlinDslScriptModel;.<clinit>()V> (0x00000000d77bfca0) 
thrown [s\src\hotspot\share\prims\jni.cpp, line 1111]
Event: 3665.691 Thread 0x0000019c3265eba0 Exception <a 'java/lang/NoSuchMethodError'{0x00000000d66d8650}: static Lcom/intellij/gradle/toolingExtension/impl/javaModel/manifestModel/DefaultJavaGradleManifestModel;.<clinit>()V> (0x00000000d66d8650) 
thrown [s\src\hotspot\share\prims\jni.cpp, line 1111]
Event: 3665.695 Thread 0x0000019c3265eba0 Exception <a 'java/lang/NoSuchMethodError'{0x00000000d66e8628}: static Lcom/intellij/gradle/toolingExtension/impl/model/repositoryModel/DefaultProjectRepositoriesModel;.<clinit>()V> (0x00000000d66e8628) 
thrown [s\src\hotspot\share\prims\jni.cpp, line 1111]
Event: 3665.843 Thread 0x0000019c31225290 Exception <a 'sun/nio/fs/WindowsException'{0x00000000d5838f28}> (0x00000000d5838f28) 
thrown [s\src\hotspot\share\prims\jni.cpp, line 520]
Event: 3665.843 Thread 0x0000019c31225290 Exception <a 'sun/nio/fs/WindowsException'{0x00000000d583a468}> (0x00000000d583a468) 
thrown [s\src\hotspot\share\prims\jni.cpp, line 520]
Event: 3665.843 Thread 0x0000019c31225290 Exception <a 'sun/nio/fs/WindowsException'{0x00000000d583b9f8}> (0x00000000d583b9f8) 
thrown [s\src\hotspot\share\prims\jni.cpp, line 520]
Event: 3665.844 Thread 0x0000019c31225290 Exception <a 'sun/nio/fs/WindowsException'{0x00000000d583cf88}> (0x00000000d583cf88) 
thrown [s\src\hotspot\share\prims\jni.cpp, line 520]
Event: 3666.029 Thread 0x0000019c31225290 Exception <a 'java/lang/NullPointerException'{0x00000000ffff1e88}> (0x00000000ffff1e88) 
thrown [s\src\hotspot\share\interpreter\linkResolver.cpp, line 1456]
Event: 3666.409 Thread 0x0000019c31225290 Implicit null exception at 0x0000019c6a41abec to 0x0000019c6a41b6e0
Event: 3666.414 Thread 0x0000019c31225290 Implicit null exception at 0x0000019c69e00c3b to 0x0000019c69e01fe0
Event: 3666.505 Thread 0x0000019c31225290 Implicit null exception at 0x0000019c6a516241 to 0x0000019c6a51650c
Event: 3666.505 Thread 0x0000019c31225290 Implicit null exception at 0x0000019c6a513e75 to 0x0000019c6a51456c
Event: 3666.505 Thread 0x0000019c31225290 Implicit null exception at 0x0000019c6a516a96 to 0x0000019c6a516c2c
Event: 3666.505 Thread 0x0000019c31225290 Implicit null exception at 0x0000019c6a51b34d to 0x0000019c6a51b502
Event: 3666.563 Thread 0x0000019c31225290 Implicit null exception at 0x0000019c6a50bfc1 to 0x0000019c6a50c28c
Event: 3666.564 Thread 0x0000019c31225290 Implicit null exception at 0x0000019c6a509f95 to 0x0000019c6a50a670
Event: 3666.575 Thread 0x0000019c31225290 Implicit null exception at 0x0000019c6a509368 to 0x0000019c6a509500

ZGC Phase Switch (0 events):
No events

VM Operations (20 events):
Event: 3658.173 Executing safepoint VM operation: Cleanup
Event: 3658.174 Executing safepoint VM operation: Cleanup done
Event: 3660.174 Executing safepoint VM operation: Cleanup
Event: 3660.174 Executing safepoint VM operation: Cleanup done
Event: 3661.175 Executing safepoint VM operation: Cleanup
Event: 3661.175 Executing safepoint VM operation: Cleanup done
Event: 3662.646 Executing safepoint VM operation: ICBufferFull
Event: 3662.646 Executing safepoint VM operation: ICBufferFull done
Event: 3663.647 Executing safepoint VM operation: Cleanup
Event: 3663.647 Executing safepoint VM operation: Cleanup done
Event: 3664.647 Executing safepoint VM operation: Cleanup
Event: 3664.648 Executing safepoint VM operation: Cleanup done
Event: 3665.455 Executing safepoint VM operation: ICBufferFull
Event: 3665.456 Executing safepoint VM operation: ICBufferFull done
Event: 3665.992 Executing safepoint VM operation: G1CollectForAllocation (G1 Evacuation Pause)
Event: 3666.016 Executing safepoint VM operation: G1CollectForAllocation (G1 Evacuation Pause) done
Event: 3666.345 Executing non-safepoint VM operation: HandshakeAllThreads (Deoptimize)
Event: 3666.345 Executing non-safepoint VM operation: HandshakeAllThreads (Deoptimize) done
Event: 3666.892 Executing safepoint VM operation: G1TryInitiateConcMark (G1 Humongous Allocation)
Event: 3666.911 Executing safepoint VM operation: G1TryInitiateConcMark (G1 Humongous Allocation) done

Memory protections (0 events):
No events

Nmethod flushes (20 events):
Event: 1493.029 Thread 0x0000019c73af7180 flushing  nmethod 0x0000019c60b3e990
Event: 1493.029 Thread 0x0000019c73af7180 flushing  nmethod 0x0000019c60ccc590
Event: 1493.029 Thread 0x0000019c73af7180 flushing  nmethod 0x0000019c60ebfa90
Event: 1493.029 Thread 0x0000019c73af7180 flushing  nmethod 0x0000019c6151f690
Event: 1493.029 Thread 0x0000019c73af7180 flushing  nmethod 0x0000019c6151ff90
Event: 1493.029 Thread 0x0000019c73af7180 flushing  nmethod 0x0000019c61520510
Event: 1493.029 Thread 0x0000019c73af7180 flushing  nmethod 0x0000019c61520910
Event: 1493.029 Thread 0x0000019c73af7180 flushing  nmethod 0x0000019c61520d10
Event: 1493.029 Thread 0x0000019c73af7180 flushing osr nmethod 0x0000019c618fb090
Event: 1493.029 Thread 0x0000019c73af7180 flushing  nmethod 0x0000019c61b39d10
Event: 1493.029 Thread 0x0000019c73af7180 flushing  nmethod 0x0000019c61b3a710
Event: 1493.029 Thread 0x0000019c73af7180 flushing  nmethod 0x0000019c61b3c310
Event: 1493.029 Thread 0x0000019c73af7180 flushing  nmethod 0x0000019c62026810
Event: 1493.029 Thread 0x0000019c73af7180 flushing  nmethod 0x0000019c6266c810
Event: 1493.029 Thread 0x0000019c73af7180 flushing  nmethod 0x0000019c6266cc10
Event: 1493.029 Thread 0x0000019c73af7180 flushing  nmethod 0x0000019c626dc610
Event: 1493.029 Thread 0x0000019c73af7180 flushing  nmethod 0x0000019c632a4310
Event: 1493.029 Thread 0x0000019c73af7180 flushing  nmethod 0x0000019c63328210
Event: 1493.029 Thread 0x0000019c73af7180 flushing  nmethod 0x0000019c638c7790
Event: 1493.029 Thread 0x0000019c73af7180 flushing  nmethod 0x0000019c63af5090

Events (20 events):
Event: 3665.311 Thread 0x0000019c326605e0 Thread added: 0x0000019c331926f0
Event: 3665.311 Thread 0x0000019c326605e0 Thread added: 0x0000019c33194130
Event: 3665.311 Thread 0x0000019c326605e0 Thread added: 0x0000019c33190cb0
Event: 3665.311 Thread 0x0000019c326605e0 Thread added: 0x0000019c331947c0
Event: 3665.311 Thread 0x0000019c326605e0 Thread added: 0x0000019c331954e0
Event: 3665.311 Thread 0x0000019c326605e0 Thread added: 0x0000019c33192060
Event: 3665.313 Thread 0x0000019c326605e0 Thread added: 0x0000019c33196f20
Event: 3665.322 Thread 0x0000019c31225290 Thread added: 0x0000019c3265eba0
Event: 3665.386 Thread 0x0000019c31225290 Thread added: 0x0000019c32660c70
Event: 3665.625 Thread 0x0000019c31225290 Thread added: 0x0000019c326626b0
Event: 3665.625 Thread 0x0000019c31225290 Thread added: 0x0000019c32662d40
Event: 3665.625 Thread 0x0000019c31225290 Thread added: 0x0000019c21c1b7f0
Event: 3665.625 Thread 0x0000019c31225290 Thread added: 0x0000019c21c19090
Event: 3665.625 Thread 0x0000019c31225290 Thread added: 0x0000019c21c18a00
Event: 3665.626 Thread 0x0000019c31225290 Thread added: 0x0000019c1b1902e0
Event: 3665.626 Thread 0x0000019c31225290 Thread added: 0x0000019c1b193760
Event: 3666.291 Thread 0x0000019c1b2519a0 Thread exited: 0x0000019c1b2519a0
Event: 3666.415 Thread 0x0000019c73bd1fa0 Thread added: 0x0000019c317922b0
Event: 3666.582 Thread 0x0000019c31225290 Thread added: 0x0000019c3265f8c0
Event: 3666.676 Thread 0x0000019c31225290 Thread added: 0x0000019c22d49060


Dynamic libraries:
0x00007ff6c00f0000 - 0x00007ff6c00fe000 	C:\Users\Admin\.jdks\ms-21.0.12\bin\java.exe
0x00007ffe36180000 - 0x00007ffe363e7000 	C:\WINDOWS\SYSTEM32\ntdll.dll
0x00007ffe35610000 - 0x00007ffe356db000 	C:\WINDOWS\System32\KERNEL32.DLL
0x00007ffe33650000 - 0x00007ffe33a52000 	C:\WINDOWS\System32\KERNELBASE.dll
0x00007ffe33cb0000 - 0x00007ffe33dfc000 	C:\WINDOWS\System32\ucrtbase.dll
0x00007ffe122e0000 - 0x00007ffe122fe000 	C:\Users\Admin\.jdks\ms-21.0.12\bin\VCRUNTIME140.dll
0x00007ffe12610000 - 0x00007ffe12628000 	C:\Users\Admin\.jdks\ms-21.0.12\bin\jli.dll
0x00007ffe35020000 - 0x00007ffe351ef000 	C:\WINDOWS\System32\USER32.dll
0x00007ffe334b0000 - 0x00007ffe334d7000 	C:\WINDOWS\System32\win32u.dll
0x00007ffe1b8c0000 - 0x00007ffe1bb50000 	C:\WINDOWS\WinSxS\amd64_microsoft.windows.common-controls_6595b64144ccf1df_6.0.26100.9278_none_3e0d1ba8e3303201\COMCTL32.dll
0x00007ffe35b80000 - 0x00007ffe35bab000 	C:\WINDOWS\System32\GDI32.dll
0x00007ffe35c30000 - 0x00007ffe35cd9000 	C:\WINDOWS\System32\msvcrt.dll
0x00007ffe33380000 - 0x00007ffe334a9000 	C:\WINDOWS\System32\gdi32full.dll
0x00007ffe335a0000 - 0x00007ffe33643000 	C:\WINDOWS\System32\msvcp_win.dll
0x00007ffe34fe0000 - 0x00007ffe35011000 	C:\WINDOWS\System32\IMM32.DLL
0x00007ffe205b0000 - 0x00007ffe205bc000 	C:\Users\Admin\.jdks\ms-21.0.12\bin\vcruntime140_1.dll
0x00007ffe091d0000 - 0x00007ffe09259000 	C:\Users\Admin\.jdks\ms-21.0.12\bin\msvcp140.dll
0x00007ffd71520000 - 0x00007ffd722cf000 	C:\Users\Admin\.jdks\ms-21.0.12\bin\server\jvm.dll
0x00007ffe35210000 - 0x00007ffe352cc000 	C:\WINDOWS\System32\ADVAPI32.dll
0x00007ffe35970000 - 0x00007ffe35a19000 	C:\WINDOWS\System32\sechost.dll
0x00007ffe35f20000 - 0x00007ffe36038000 	C:\WINDOWS\System32\RPCRT4.dll
0x00007ffe357e0000 - 0x00007ffe35860000 	C:\WINDOWS\System32\WS2_32.dll
0x00007ffe331e0000 - 0x00007ffe3323e000 	C:\WINDOWS\SYSTEM32\POWRPROF.dll
0x00007ffe28d90000 - 0x00007ffe28d9b000 	C:\WINDOWS\SYSTEM32\VERSION.dll
0x00007ffe1b880000 - 0x00007ffe1b8b6000 	C:\WINDOWS\SYSTEM32\WINMM.dll
0x00007ffe331c0000 - 0x00007ffe331d5000 	C:\WINDOWS\SYSTEM32\UMPDC.dll
0x00007ffe32050000 - 0x00007ffe3206b000 	C:\WINDOWS\SYSTEM32\kernel.appcore.dll
0x00007ffe20420000 - 0x00007ffe2042a000 	C:\Users\Admin\.jdks\ms-21.0.12\bin\jimage.dll
0x00007ffe2da80000 - 0x00007ffe2dccc000 	C:\WINDOWS\SYSTEM32\DBGHELP.DLL
0x00007ffe33f00000 - 0x00007ffe34285000 	C:\WINDOWS\System32\combase.dll
0x00007ffe356e0000 - 0x00007ffe357b9000 	C:\WINDOWS\System32\OLEAUT32.dll
0x00007ffe17ec0000 - 0x00007ffe17efb000 	C:\WINDOWS\SYSTEM32\dbgcore.DLL
0x00007ffe33bf0000 - 0x00007ffe33c9c000 	C:\WINDOWS\System32\bcryptPrimitives.dll
0x00007ffe1daa0000 - 0x00007ffe1dab0000 	C:\Users\Admin\.jdks\ms-21.0.12\bin\instrument.dll
0x00007ffe0c590000 - 0x00007ffe0c5b1000 	C:\Users\Admin\.jdks\ms-21.0.12\bin\java.dll
0x00007ffe34840000 - 0x00007ffe34fd8000 	C:\WINDOWS\System32\SHELL32.dll
0x00007ffe30e20000 - 0x00007ffe316ce000 	C:\WINDOWS\SYSTEM32\windows.storage.dll
0x00007ffe35870000 - 0x00007ffe3596b000 	C:\WINDOWS\System32\SHCORE.dll
0x00007ffe352e0000 - 0x00007ffe35346000 	C:\WINDOWS\System32\shlwapi.dll
0x00007ffe332a0000 - 0x00007ffe332c9000 	C:\WINDOWS\SYSTEM32\profapi.dll
0x00007ffe090f0000 - 0x00007ffe091c6000 	C:\Users\Admin\.jdks\ms-21.0.12\bin\jsvml.dll
0x00007ffe0fb40000 - 0x00007ffe0fb58000 	C:\Users\Admin\.jdks\ms-21.0.12\bin\zip.dll
0x00007ffe0c570000 - 0x00007ffe0c581000 	C:\Users\Admin\.jdks\ms-21.0.12\bin\net.dll
0x00007ffe28ed0000 - 0x00007ffe28ffa000 	C:\WINDOWS\SYSTEM32\WINHTTP.dll
0x00007ffe32610000 - 0x00007ffe3267c000 	C:\WINDOWS\system32\mswsock.dll
0x00007ffe0aec0000 - 0x00007ffe0aed6000 	C:\Users\Admin\.jdks\ms-21.0.12\bin\nio.dll
0x00007ffe17e10000 - 0x00007ffe17e20000 	C:\Users\Admin\.jdks\ms-21.0.12\bin\verify.dll
0x00007ffe12630000 - 0x00007ffe12657000 	C:\Users\Admin\.gradle\native\c067742578af261105cb4f569cf0c3c89f3d7b1fecec35dd04571415982c5e48\windows-amd64\native-platform.dll
0x00007ffe09260000 - 0x00007ffe093a4000 	C:\Users\Admin\.gradle\native\38dada09dfb8b06ba9b0570ebf7e218e3eb74d4ef43ca46872605cf95ebc2f47\windows-amd64\native-platform-file-events.dll
0x00007ffe12600000 - 0x00007ffe1260a000 	C:\Users\Admin\.jdks\ms-21.0.12\bin\management.dll
0x00007ffe12570000 - 0x00007ffe1257c000 	C:\Users\Admin\.jdks\ms-21.0.12\bin\management_ext.dll
0x00007ffe35200000 - 0x00007ffe35208000 	C:\WINDOWS\System32\PSAPI.DLL
0x00007ffe32900000 - 0x00007ffe3291b000 	C:\WINDOWS\SYSTEM32\CRYPTSP.dll
0x00007ffe31fb0000 - 0x00007ffe31fe9000 	C:\WINDOWS\system32\rsaenh.dll
0x00007ffe326c0000 - 0x00007ffe326f4000 	C:\WINDOWS\SYSTEM32\USERENV.dll
0x00007ffe33270000 - 0x00007ffe3329a000 	C:\WINDOWS\SYSTEM32\bcrypt.dll
0x00007ffe32920000 - 0x00007ffe3292c000 	C:\WINDOWS\SYSTEM32\CRYPTBASE.dll
0x00007ffe31a20000 - 0x00007ffe31a53000 	C:\WINDOWS\SYSTEM32\IPHLPAPI.DLL
0x00007ffe33ea0000 - 0x00007ffe33eaa000 	C:\WINDOWS\System32\NSI.dll
0x00007ffe12470000 - 0x00007ffe12479000 	C:\Users\Admin\.jdks\ms-21.0.12\bin\extnet.dll
0x00007ffe12290000 - 0x00007ffe1229e000 	C:\Users\Admin\.jdks\ms-21.0.12\bin\sunmscapi.dll
0x00007ffe33a60000 - 0x00007ffe33bde000 	C:\WINDOWS\System32\CRYPT32.dll
0x00007ffe32b40000 - 0x00007ffe32b70000 	C:\WINDOWS\SYSTEM32\ncrypt.dll
0x00007ffe32af0000 - 0x00007ffe32b2f000 	C:\WINDOWS\SYSTEM32\NTASN1.dll
0x00007ffe0c640000 - 0x00007ffe0c648000 	C:\WINDOWS\system32\wshunix.dll
0x00007ffe32180000 - 0x00007ffe321b6000 	C:\WINDOWS\SYSTEM32\ntmarta.dll
0x00007ffdff610000 - 0x00007ffdff628000 	C:\WINDOWS\system32\napinsp.dll
0x00007ffe31a60000 - 0x00007ffe31bb8000 	C:\WINDOWS\SYSTEM32\DNSAPI.dll
0x00007ffe32410000 - 0x00007ffe3241d000 	C:\WINDOWS\SYSTEM32\DSPARSE.dll
0x00007ffdff5f0000 - 0x00007ffdff603000 	C:\WINDOWS\System32\winrnr.dll
0x00007ffe2a740000 - 0x00007ffe2a767000 	C:\WINDOWS\system32\nlansp_c.dll
0x00007ffdf4dd0000 - 0x00007ffdf4de6000 	C:\WINDOWS\system32\wshbth.dll
0x00007ffe20f50000 - 0x00007ffe20f5b000 	C:\Windows\System32\rasadhlp.dll
0x00007ffe28050000 - 0x00007ffe280d6000 	C:\WINDOWS\System32\fwpuclnt.dll
0x00007ffe19160000 - 0x00007ffe1917e000 	C:\Users\Admin\AppData\Local\Temp\native-platform9607811863303621062dir\native-platform.dll
0x00007ffe205e0000 - 0x00007ffe205e7000 	C:\Users\Admin\.jdks\ms-21.0.12\bin\rmi.dll

JVMTI agents:
C:\Users\Admin\.gradle\wrapper\dists\gradle-8.7-bin\bhs2wmbdwecv87pi65oeuq5iu\gradle-8.7\lib\agents\gradle-instrumentation-agent-8.7.jar path:C:\Users\Admin\.jdks\ms-21.0.12\bin\instrument.dll, loaded, initialized, instrumentlib options:none

dbghelp: loaded successfully - version: 4.0.5 - missing functions: none
symbol engine: initialized successfully - sym options: 0x614 - pdb path: .;C:\Users\Admin\.jdks\ms-21.0.12\bin;C:\WINDOWS\SYSTEM32;C:\WINDOWS\WinSxS\amd64_microsoft.windows.common-controls_6595b64144ccf1df_6.0.26100.9278_none_3e0d1ba8e3303201;C:\Users\Admin\.jdks\ms-21.0.12\bin\server;C:\Users\Admin\.gradle\native\c067742578af261105cb4f569cf0c3c89f3d7b1fecec35dd04571415982c5e48\windows-amd64;C:\Users\Admin\.gradle\native\38dada09dfb8b06ba9b0570ebf7e218e3eb74d4ef43ca46872605cf95ebc2f47\windows-amd64;C:\Users\Admin\AppData\Local\Temp\native-platform9607811863303621062dir

VM Arguments:
jvm_args: -XX:MaxMetaspaceSize=512m --add-opens=java.base/java.util=ALL-UNNAMED --add-opens=java.base/java.lang=ALL-UNNAMED --add-opens=java.base/java.lang.invoke=ALL-UNNAMED --add-opens=java.prefs/java.util.prefs=ALL-UNNAMED --add-opens=java.base/java.nio.charset=ALL-UNNAMED --add-opens=java.base/java.net=ALL-UNNAMED --add-opens=java.base/java.util.concurrent.atomic=ALL-UNNAMED -Xmx1024m -Dfile.encoding=UTF-8 -Duser.country=IN -Duser.language=en -Duser.variant -javaagent:C:\Users\Admin\.gradle\wrapper\dists\gradle-8.7-bin\bhs2wmbdwecv87pi65oeuq5iu\gradle-8.7\lib\agents\gradle-instrumentation-agent-8.7.jar 
java_command: org.gradle.launcher.daemon.bootstrap.GradleDaemon 8.7
java_class_path (initial): C:\Users\Admin\.gradle\wrapper\dists\gradle-8.7-bin\bhs2wmbdwecv87pi65oeuq5iu\gradle-8.7\lib\gradle-launcher-8.7.jar
Launcher Type: SUN_STANDARD

[Global flags]
     intx CICompilerCount                          = 4                                         {product} {ergonomic}
   size_t CompressedClassSpaceSize                 = 436207616                                 {product} {ergonomic}
     uint ConcGCThreads                            = 2                                         {product} {ergonomic}
     uint G1ConcRefinementThreads                  = 8                                         {product} {ergonomic}
   size_t G1HeapRegionSize                         = 1048576                                   {product} {ergonomic}
    uintx GCDrainStackTargetSize                   = 64                                        {product} {ergonomic}
   size_t InitialHeapSize                          = 400556032                                 {product} {ergonomic}
   size_t MarkStackSize                            = 4194304                                   {product} {ergonomic}
   size_t MaxHeapSize                              = 1073741824                                {product} {command line}
   size_t MaxMetaspaceSize                         = 536870912                                 {product} {command line}
   size_t MaxNewSize                               = 643825664                                 {product} {ergonomic}
   size_t MinHeapDeltaBytes                        = 1048576                                   {product} {ergonomic}
   size_t MinHeapSize                              = 8388608                                   {product} {ergonomic}
    uintx NonNMethodCodeHeapSize                   = 5839372                                {pd product} {ergonomic}
    uintx NonProfiledCodeHeapSize                  = 122909434                              {pd product} {ergonomic}
    uintx ProfiledCodeHeapSize                     = 122909434                              {pd product} {ergonomic}
    uintx ReservedCodeCacheSize                    = 251658240                              {pd product} {ergonomic}
     bool SegmentedCodeCache                       = true                                      {product} {ergonomic}
   size_t SoftMaxHeapSize                          = 1073741824                             {manageable} {ergonomic}
     bool UseCompressedOops                        = true                           {product lp64_product} {ergonomic}
     bool UseG1GC                                  = true                                      {product} {ergonomic}
     bool UseLargePagesIndividualAllocation        = false                                  {pd product} {ergonomic}

Logging:
Log output configuration:
 #0: stdout all=warning uptime,level,tags foldmultilines=false
 #1: stderr all=off uptime,level,tags foldmultilines=false

Release file:
IMPLEMENTOR="Microsoft" 
IMPLEMENTOR_VERSION="Microsoft-14653896" 
JAVA_RUNTIME_VERSION="21.0.12+8-LTS" 
JAVA_VERSION="21.0.12" 
JAVA_VERSION_DATE="2026-07-21" 
LIBC="default" 
MODULES="java.base java.compiler java.datatransfer java.xml java.prefs java.desktop java.instrument java.logging java.management java.security.sasl java.naming java.rmi java.management.rmi java.net.http java.scripting java.security.jgss java.transaction.xa java.sql java.sql.rowset java.xml.crypto java.se java.smartcardio jdk.accessibility jdk.internal.jvmstat jdk.attach jdk.charsets jdk.internal.opt jdk.zipfs jdk.compiler jdk.crypto.ec jdk.crypto.cryptoki jdk.crypto.mscapi jdk.dynalink jdk.internal.ed jdk.editpad jdk.hotspot.agent jdk.httpserver jdk.incubator.vector jdk.internal.le jdk.internal.vm.ci jdk.internal.vm.compiler jdk.internal.vm.compiler.management jdk.jartool jdk.javadoc jdk.jcmd jdk.management jdk.management.agent jdk.jconsole jdk.jdeps jdk.jdwp.agent jdk.jdi jdk.jfr jdk.jlink jdk.jpackage jdk.jshell jdk.jsobject jdk.jstatd jdk.localedata jdk.management.jfr jdk.naming.dns jdk.naming.rmi jdk.net jdk.nio.mapmode jdk.random jdk.sctp jdk.security.auth jdk.security.jgss jdk.unsupported jdk.unsupported.desktop jdk.xml.dom" 
OS_ARCH="x86_64" 
OS_NAME="Windows" 
SOURCE=".:git:ffd52e07a1a6" 

Environment Variables:
JAVA_HOME=C:\Program Files\Eclipse Adoptium\jdk-17.0.20.101-hotspot\
PATH=C:\Program Files\Eclipse Adoptium\jdk-17.0.20.101-hotspot\bin;C:\WINDOWS\system32;C:\WINDOWS;C:\WINDOWS\System32\Wbem;C:\WINDOWS\System32\WindowsPowerShell\v1.0\;C:\WINDOWS\System32\OpenSSH\;C:\Program Files\Intel\WiFi\bin\;C:\Program Files\Common Files\Intel\WirelessCommon\;C:\Program Files\Git\cmd;C:\WINDOWS\system32;C:\WINDOWS;C:\WINDOWS\System32\Wbem;C:\WINDOWS\System32\WindowsPowerShell\v1.0\;C:\WINDOWS\System32\OpenSSH\;C:\Program Files\Intel\WiFi\bin\;C:\Program Files\Common Files\Intel\WirelessCommon\;C:\Program Files\Git\cmd;C:\Users\Admin\AppData\Local\Microsoft\WindowsApps;;C:\Bazel;C:\Users\Admin\AppData\Local\Python\bin
USERNAME=Admin
OS=Windows_NT
PROCESSOR_IDENTIFIER=Intel64 Family 6 Model 142 Stepping 12, GenuineIntel
TMP=C:\Users\Admin\AppData\Local\Temp
TEMP=C:\Users\Admin\AppData\Local\Temp




Periodic native trim disabled

---------------  S Y S T E M  ---------------

OS:
 Windows 11 , 64 bit Build 26100 (10.0.26100.9444)
OS uptime: 0 days 1:33 hours

CPU: total 8 (initial active 8) (4 cores per cpu, 2 threads per core) family 6 model 142 stepping 12 microcode 0xde, cx8, cmov, fxsr, ht, mmx, 3dnowpref, sse, sse2, sse3, ssse3, sse4.1, sse4.2, popcnt, lzcnt, tsc, tscinvbit, avx, avx2, aes, erms, clmul, bmi1, bmi2, adx, fma, vzeroupper, clflush, clflushopt, rdtscp, f16c
Processor Information for the first 8 processors :
  Max Mhz: 1992, Current Mhz: 1792, Mhz Limit: 1792

Memory: 4k page, system-wide physical 24427M (9595M free)
TotalPageFile size 25963M (AvailPageFile size 10764M)
current process WorkingSet (physical memory assigned to process): 1705M, peak: 1791M
current process commit charge ("private bytes"): 1767M, peak: 1830M

vm_info: OpenJDK 64-Bit Server VM (21.0.12+8-LTS) for windows-amd64 JRE (21.0.12+8-LTS), built on 2026-07-14T17:50:36Z by "MicrosoftCorporation" with MS VC++ 17.14 (VS2022)

END.
