#
# A fatal error has been detected by the Java Runtime Environment:
#
#  Internal Error (nativeInst_x86.hpp:172), pid=2808, tid=1716
#  guarantee(disp == (intptr_t)(jint)disp) failed: must be 32-bit offset
#
# JRE version: OpenJDK Runtime Environment Microsoft-14653896 (21.0.12+8) (build 21.0.12+8-LTS)
# Java VM: OpenJDK 64-Bit Server VM Microsoft-14653896 (21.0.12+8-LTS, mixed mode, sharing, tiered, compressed oops, compressed class ptrs, g1 gc, windows-amd64)
# No core dump will be written. Minidumps are not enabled by default on client versions of Windows
#
# If you would like to submit a bug report, please visit:
#   https://github.com/microsoft/openjdk/issues
#

---------------  S U M M A R Y ------------

Command Line: -XX:MaxMetaspaceSize=512m --add-opens=java.base/java.util=ALL-UNNAMED --add-opens=java.base/java.lang=ALL-UNNAMED --add-opens=java.base/java.lang.invoke=ALL-UNNAMED --add-opens=java.prefs/java.util.prefs=ALL-UNNAMED --add-opens=java.base/java.nio.charset=ALL-UNNAMED --add-opens=java.base/java.net=ALL-UNNAMED --add-opens=java.base/java.util.concurrent.atomic=ALL-UNNAMED -Xmx1024m -Dfile.encoding=UTF-8 -Duser.country=IN -Duser.language=en -Duser.variant -javaagent:C:\Users\Admin\.gradle\wrapper\dists\gradle-8.7-bin\bhs2wmbdwecv87pi65oeuq5iu\gradle-8.7\lib\agents\gradle-instrumentation-agent-8.7.jar org.gradle.launcher.daemon.bootstrap.GradleDaemon 8.7

Host: Intel(R) Core(TM) i7-8565U CPU @ 1.80GHz, 8 cores, 23G,  Windows 11 , 64 bit Build 26100 (10.0.26100.9444)
Time: Sat Oct  3 16:52:19 2026 India Standard Time elapsed time: 237.814462 seconds (0d 0h 3m 57s)

---------------  T H R E A D  ---------------

Current thread (0x00000153706b07e0):  JavaThread "Daemon worker Thread 2"        [_thread_in_Java, id=1716, stack(0x0000000d83d00000,0x0000000d83e00000) (1024K)]

Stack: [0x0000000d83d00000,0x0000000d83e00000]
Native frames: (J=compiled Java code, j=interpreted, Vv=VM code, C=native code)
V  [jvm.dll+0x6e0c09]  (no source info available)
V  [jvm.dll+0x8c0e1b]  (no source info available)
V  [jvm.dll+0x8c33ad]  (no source info available)
V  [jvm.dll+0x8c3a37]  (no source info available)
V  [jvm.dll+0x28abe7]  (no source info available)
V  [jvm.dll+0x6b33c7]  (no source info available)
V  [jvm.dll+0x74b8cf]  (no source info available)
C  0x000001535abf4204  (no source info available)

The last pc belongs to I2C/C2I adapters (printed below).
--------------------------------------------------------------------------------
Decoding CodeBlob, name: I2C/C2I adapters, at  [0x000001535abf3f80, 0x000001535abf4290]  784 bytes
[MachCode]
  0x000001535abf3f80: 4c8b dc58 | 4883 e4f0 | 5049 8bc3 | 4c8b 5b40 | 488b 5010 | 4c8b 4008 | 493b a740 | 0500 0076 
  0x000001535abf3fa0: 0749 89a7 | 4005 0000 | 4989 9ff0 | 0300 0048 | 8bc3 41ff | e38b 5a08 | 49ba 0000 | 0000 5301 
  0x000001535abf3fc0: 0000 4903 | da48 3b58 | 0848 8b18 | 0f84 0500 | 0000 e9a9 | a7ff ff48 | 837b 4800 | 0f84 8e02 
  0x000001535abf3fe0: 0000 e999 | a7ff ff44 | 8b53 2841 | f6c2 080f | 842c 0000 | 004c 8b53 | 084d 8b52 | 084d 8b52 
  0x000001535abf4000: 1841 80ba | 3101 0000 | 040f 8412 | 0000 004d | 3bba 3801 | 0000 0f84 | 0500 0000 | e95f 36fb 
  0x000001535abf4020: ff48 83fb | 000f 8443 | 0100 004c | 8b53 084d | 8b52 084d | 8b52 184d | 8b92 9800 | 0000 4183 
  0x000001535abf4040: 7a24 000f | 8f2a 0100 | 004d 8b12 | 4983 fa00 | 0f84 0e01 | 0000 4d8b | 1241 807f | 4000 0f84 
  0x000001535abf4060: 0001 0000 | 4983 fa00 | 0f84 f600 | 0000 4d8b | 5f28 4983 | fb00 0f84 | 1400 0000 | 4983 eb08 
  0x000001535abf4080: 4d89 5f28 | 4d03 5f38 | 4d89 13e9 | d400 0000 | 4883 ec70 | 4889 0424 | 4889 4c24 | 0848 8954 
  0x000001535abf40a0: 2410 4c89 | 4424 184c | 894c 2420 | 4c89 5424 | 284c 895c | 2430 c5fb | 1144 2440 | c5fb 114c 
  0x000001535abf40c0: 2448 c5fb | 1154 2450 | c5fb 115c | 2458 c5fb | 1164 2460 | c5fb 116c | 2468 498b | d749 8bca 
  0x000001535abf40e0: 4883 ec20 | 40f6 c40f | 0f84 1900 | 0000 4883 | ec08 48b8 | 3027 dccd | fa7f 0000 | ffd0 4883 
  0x000001535abf4100: c408 e90c | 0000 0048 | b830 27dc | cdfa 7f00 | 00ff d048 | 83c4 20c5 | fb10 6c24 | 68c5 fb10 
  0x000001535abf4120: 6424 60c5 | fb10 5c24 | 58c5 fb10 | 5424 50c5 | fb10 4c24 | 48c5 fb10 | 4424 404c | 8b5c 2430 
  0x000001535abf4140: 4c8b 5424 | 284c 8b4c | 2420 4c8b | 4424 1848 | 8b54 2410 | 488b 4c24 | 0848 8b04 | 2448 83c4 
  0x000001535abf4160: 70c5 f877 | 4983 fa00 | 0f85 0500 | 0000 e90d | 35fb ff48 | 837b 4800 | 0f84 f200 | 0000 4c8b 
  0x000001535abf4180: ec48 8b04 | 2448 83e4 | f09c 4883 | ec08 4881 | ec80 0000 | 0048 8944 | 2478 4889 | 4c24 7048 
  0x000001535abf41a0: 8954 2468 | 4889 5c24 | 6048 896c | 2450 4889 | 7424 4848 | 897c 2440 | 4c89 4424 | 384c 894c 
  0x000001535abf41c0: 2430 4c89 | 5424 284c | 895c 2420 | 4c89 6424 | 184c 896c | 2410 4c89 | 7424 084c | 893c 2448 
  0x000001535abf41e0: 81ec 800a | 0000 480f | ae04 24c5 | f877 4883 | ec20 488b | cb48 8bd0 | 48b8 10b7 | 1dce fa7f 
  0x000001535abf4200: 0000 ffd0 | 4883 c420 | c5f8 7748 | 0fae 0c24 | 4881 c480 | 0a00 004c | 8b3c 244c | 8b74 2408 
  0x000001535abf4220: 4c8b 6c24 | 104c 8b64 | 2418 4c8b | 5c24 204c | 8b54 2428 | 4c8b 4c24 | 304c 8b44 | 2438 488b 
  0x000001535abf4240: 7c24 4048 | 8b74 2448 | 488b 6c24 | 5048 8b5c | 2460 488b | 5424 6848 | 8b4c 2470 | 488b 4424 
  0x000001535abf4260: 7848 81c4 | 8000 0000 | 4883 c408 | 9d49 8be5 | 4c8d 6c24 | 0858 4883 | ec10 5048 | 8954 2410 
  0x000001535abf4280: 4c89 4424 | 0848 8b4b | 38ff e1f4 | f4f4 f4f4 
[/MachCode]
--------------------------------------------------------------------------------


---------------  P R O C E S S  ---------------

Threads class SMR info:
_java_thread_list=0x000001531b8f29b0, length=42, elements={
0x000001534af37df0, 0x00000153668a6d80, 0x00000153668ac050, 0x00000153668b1cf0,
0x00000153668b2750, 0x00000153668b4040, 0x00000153668b4aa0, 0x00000153668b7270,
0x00000153668bb760, 0x0000015366a906a0, 0x0000015366b96180, 0x000001536ca94920,
0x000001536c2f0e20, 0x000001536c12b6d0, 0x000001536c09c660, 0x000001536c09ccf0,
0x000001536c09da10, 0x000001536e8bb5c0, 0x000001536e8bf0d0, 0x000001536e8bea40,
0x000001536e8bc970, 0x000001536e8bd000, 0x000001536e8bd690, 0x000001536e8bdd20,
0x000001536e8bc2e0, 0x000001536e8be3b0, 0x000001536e8bbc50, 0x000001536e8c2be0,
0x000001536ef0a120, 0x00000153706abfb0, 0x00000153706ac640, 0x00000153706ae710,
0x00000153706b07e0, 0x00000153706aeda0, 0x00000153706b0150, 0x00000153706afac0,
0x00000153706af430, 0x000001531ce623d0, 0x000001531ce60990, 0x000001531ce62a60,
0x000001531dd5cbc0, 0x000001531dd5d960
}

Java Threads: ( => current thread )
  0x000001534af37df0 JavaThread "main"                              [_thread_blocked, id=5012, stack(0x0000000d82300000,0x0000000d82400000) (1024K)]
  0x00000153668a6d80 JavaThread "Reference Handler"          daemon [_thread_blocked, id=2432, stack(0x0000000d82b00000,0x0000000d82c00000) (1024K)]
  0x00000153668ac050 JavaThread "Finalizer"                  daemon [_thread_blocked, id=8552, stack(0x0000000d82c00000,0x0000000d82d00000) (1024K)]
  0x00000153668b1cf0 JavaThread "Signal Dispatcher"          daemon [_thread_blocked, id=14620, stack(0x0000000d82d00000,0x0000000d82e00000) (1024K)]
  0x00000153668b2750 JavaThread "Attach Listener"            daemon [_thread_blocked, id=9584, stack(0x0000000d82e00000,0x0000000d82f00000) (1024K)]
  0x00000153668b4040 JavaThread "Service Thread"             daemon [_thread_blocked, id=12440, stack(0x0000000d82f00000,0x0000000d83000000) (1024K)]
  0x00000153668b4aa0 JavaThread "Monitor Deflation Thread"   daemon [_thread_blocked, id=11856, stack(0x0000000d83000000,0x0000000d83100000) (1024K)]
  0x00000153668b7270 JavaThread "C2 CompilerThread0"         daemon [_thread_in_native, id=4684, stack(0x0000000d83100000,0x0000000d83200000) (1024K)]
  0x00000153668bb760 JavaThread "C1 CompilerThread0"         daemon [_thread_blocked, id=1188, stack(0x0000000d83200000,0x0000000d83300000) (1024K)]
  0x0000015366a906a0 JavaThread "Common-Cleaner"             daemon [_thread_blocked, id=1856, stack(0x0000000d83300000,0x0000000d83400000) (1024K)]
  0x0000015366b96180 JavaThread "Notification Thread"        daemon [_thread_blocked, id=14888, stack(0x0000000d83400000,0x0000000d83500000) (1024K)]
  0x000001536ca94920 JavaThread "Daemon health stats"               [_thread_blocked, id=5624, stack(0x0000000d83e00000,0x0000000d83f00000) (1024K)]
  0x000001536c2f0e20 JavaThread "Incoming local TCP Connector on port 60859"        [_thread_in_native, id=16024, stack(0x0000000d83f00000,0x0000000d84000000) (1024K)]
  0x000001536c12b6d0 JavaThread "Daemon periodic checks"            [_thread_blocked, id=12276, stack(0x0000000d84000000,0x0000000d84100000) (1024K)]
  0x000001536c09c660 JavaThread "Cache worker for journal cache (C:\Users\Admin\.gradle\caches\journal-1)"        [_thread_blocked, id=1772, stack(0x0000000d84800000,0x0000000d84900000) (1024K)]
  0x000001536c09ccf0 JavaThread "File lock request listener"        [_thread_in_native, id=13096, stack(0x0000000d84900000,0x0000000d84a00000) (1024K)]
  0x000001536c09da10 JavaThread "Cache worker for file hash cache (C:\Users\Admin\.gradle\caches\8.7\fileHashes)"        [_thread_blocked, id=15608, stack(0x0000000d84a00000,0x0000000d84b00000) (1024K)]
  0x000001536e8bb5c0 JavaThread "File watcher server"        daemon [_thread_in_native, id=1344, stack(0x0000000d84d00000,0x0000000d84e00000) (1024K)]
  0x000001536e8bf0d0 JavaThread "File watcher consumer"      daemon [_thread_blocked, id=2608, stack(0x0000000d84e00000,0x0000000d84f00000) (1024K)]
  0x000001536e8bea40 JavaThread "jar transforms"                    [_thread_blocked, id=6932, stack(0x0000000d84f00000,0x0000000d85000000) (1024K)]
  0x000001536e8bc970 JavaThread "jar transforms Thread 2"           [_thread_blocked, id=3680, stack(0x0000000d85000000,0x0000000d85100000) (1024K)]
  0x000001536e8bd000 JavaThread "jar transforms Thread 3"           [_thread_blocked, id=15648, stack(0x0000000d85100000,0x0000000d85200000) (1024K)]
  0x000001536e8bd690 JavaThread "jar transforms Thread 4"           [_thread_blocked, id=8724, stack(0x0000000d85200000,0x0000000d85300000) (1024K)]
  0x000001536e8bdd20 JavaThread "jar transforms Thread 5"           [_thread_blocked, id=656, stack(0x0000000d85300000,0x0000000d85400000) (1024K)]
  0x000001536e8bc2e0 JavaThread "jar transforms Thread 6"           [_thread_blocked, id=8904, stack(0x0000000d85400000,0x0000000d85500000) (1024K)]
  0x000001536e8be3b0 JavaThread "jar transforms Thread 7"           [_thread_blocked, id=10340, stack(0x0000000d85500000,0x0000000d85600000) (1024K)]
  0x000001536e8bbc50 JavaThread "jar transforms Thread 8"           [_thread_blocked, id=15832, stack(0x0000000d85600000,0x0000000d85700000) (1024K)]
  0x000001536e8c2be0 JavaThread "Cache worker for file content cache (C:\Users\Admin\.gradle\caches\8.7\fileContent)"        [_thread_blocked, id=16124, stack(0x0000000d85900000,0x0000000d85a00000) (1024K)]
  0x000001536ef0a120 JavaThread "Memory manager"                    [_thread_blocked, id=9836, stack(0x0000000d87400000,0x0000000d87500000) (1024K)]
  0x00000153706abfb0 JavaThread "Daemon Thread 2"                   [_thread_blocked, id=6964, stack(0x0000000d82100000,0x0000000d82200000) (1024K)]
  0x00000153706ac640 JavaThread "Handler for socket connection from /127.0.0.1:60859 to /127.0.0.1:50648"        [_thread_in_native, id=9924, stack(0x0000000d82200000,0x0000000d82300000) (1024K)]
  0x00000153706ae710 JavaThread "Cancel handler"                    [_thread_blocked, id=9596, stack(0x0000000d83500000,0x0000000d83600000) (1024K)]
=>0x00000153706b07e0 JavaThread "Daemon worker Thread 2"            [_thread_in_Java, id=1716, stack(0x0000000d83d00000,0x0000000d83e00000) (1024K)]
  0x00000153706aeda0 JavaThread "Asynchronous log dispatcher for DefaultDaemonConnection: socket connection from /127.0.0.1:60859 to /127.0.0.1:50648"        [_thread_blocked, id=4344, stack(0x0000000d84100000,0x0000000d84200000) (1024K)]
  0x00000153706b0150 JavaThread "Stdin handler"                     [_thread_blocked, id=4360, stack(0x0000000d84200000,0x0000000d84300000) (1024K)]
  0x00000153706afac0 JavaThread "Daemon client event forwarder"        [_thread_blocked, id=5036, stack(0x0000000d84300000,0x0000000d84400000) (1024K)]
  0x00000153706af430 JavaThread "Cache worker for file hash cache (E:\GIT\AopayProject\AOPAYCustomer-FinanceAndroidApplication\.gradle\8.7\fileHashes)"        [_thread_blocked, id=9636, stack(0x0000000d84400000,0x0000000d84500000) (1024K)]
  0x000001531ce623d0 JavaThread "Cache worker for checksums cache (E:\GIT\AopayProject\AOPAYCustomer-FinanceAndroidApplication\.gradle\8.7\checksums)"        [_thread_blocked, id=9580, stack(0x0000000d84700000,0x0000000d84800000) (1024K)]
  0x000001531ce60990 JavaThread "Cache worker for cache directory md-supplier (C:\Users\Admin\.gradle\caches\8.7\md-supplier)"        [_thread_blocked, id=2328, stack(0x0000000d84c00000,0x0000000d84d00000) (1024K)]
  0x000001531ce62a60 JavaThread "Cache worker for cache directory md-rule (C:\Users\Admin\.gradle\caches\8.7\md-rule)"        [_thread_blocked, id=10348, stack(0x0000000d85700000,0x0000000d85800000) (1024K)]
  0x000001531dd5cbc0 JavaThread "C2 CompilerThread1"         daemon [_thread_in_native, id=12820, stack(0x0000000d84500000,0x0000000d84600000) (1024K)]
  0x000001531dd5d960 JavaThread "C2 CompilerThread2"         daemon [_thread_in_native, id=1928, stack(0x0000000d84600000,0x0000000d84700000) (1024K)]
Total: 42

Other Threads:
  0x00000153667ff4a0 VMThread "VM Thread"                           [id=4536, stack(0x0000000d82a00000,0x0000000d82b00000) (1024K)]
  0x00000153668a19e0 WatcherThread "VM Periodic Task Thread"        [id=2060, stack(0x0000000d82900000,0x0000000d82a00000) (1024K)]
  0x000001534af733b0 WorkerThread "GC Thread#0"                     [id=1544, stack(0x0000000d82400000,0x0000000d82500000) (1024K)]
  0x000001536b39fe30 WorkerThread "GC Thread#1"                     [id=6412, stack(0x0000000d83600000,0x0000000d83700000) (1024K)]
  0x000001536b3a01e0 WorkerThread "GC Thread#2"                     [id=2320, stack(0x0000000d83700000,0x0000000d83800000) (1024K)]
  0x000001536b3a0590 WorkerThread "GC Thread#3"                     [id=14404, stack(0x0000000d83800000,0x0000000d83900000) (1024K)]
  0x000001536bc2e850 WorkerThread "GC Thread#4"                     [id=12076, stack(0x0000000d83900000,0x0000000d83a00000) (1024K)]
  0x000001536bc2f3a0 WorkerThread "GC Thread#5"                     [id=14436, stack(0x0000000d83a00000,0x0000000d83b00000) (1024K)]
  0x000001536bc2f750 WorkerThread "GC Thread#6"                     [id=3396, stack(0x0000000d83b00000,0x0000000d83c00000) (1024K)]
  0x000001536b97aea0 WorkerThread "GC Thread#7"                     [id=6036, stack(0x0000000d83c00000,0x0000000d83d00000) (1024K)]
  0x000001534af7c2b0 ConcurrentGCThread "G1 Main Marker"            [id=1540, stack(0x0000000d82500000,0x0000000d82600000) (1024K)]
  0x000001534af7ccd0 WorkerThread "G1 Conc#0"                       [id=14660, stack(0x0000000d82600000,0x0000000d82700000) (1024K)]
  0x000001536d79ced0 WorkerThread "G1 Conc#1"                       [id=13332, stack(0x0000000d84b00000,0x0000000d84c00000) (1024K)]
  0x0000015366740f20 ConcurrentGCThread "G1 Refine#0"               [id=3372, stack(0x0000000d82700000,0x0000000d82800000) (1024K)]
  0x0000015366742830 ConcurrentGCThread "G1 Service"                [id=15468, stack(0x0000000d82800000,0x0000000d82900000) (1024K)]
Total: 15

Threads with active compile tasks:
C2 CompilerThread0  237840 28729       4       org.objectweb.asm.ClassReader::readCode (5117 bytes)
C2 CompilerThread1  237840 28844       4       org.antlr.v4.runtime.Parser::consume (214 bytes)
C2 CompilerThread2  237840 28843       4       org.antlr.v4.runtime.Parser::match (90 bytes)
Total: 3

VM state: not at safepoint (normal execution)

VM Mutex/Monitor currently owned by a thread:  ([mutex/lock_event])
[0x00007fface75b330] CompiledIC_lock - owner thread: 0x00000153706b07e0

Heap address: 0x00000000c0000000, size: 1024 MB, Compressed Oops mode: 32-bit

CDS archive(s) mapped at: [0x0000015300000000-0x0000015300c80000-0x0000015300c80000), size 13107200, SharedBaseAddress: 0x0000015300000000, ArchiveRelocationMode: 1.
Compressed class space mapped at: 0x0000015301000000-0x000001531b000000, reserved size: 436207616
Narrow klass base: 0x0000015300000000, Narrow klass shift: 0, Narrow klass range: 0x100000000

GC Precious Log:
 CardTable entry size: 512
 Card Set container configuration: InlinePtr #cards 5 size 8 Array Of Cards #cards 12 size 40 Howl #buckets 4 coarsen threshold 1843 Howl Bitmap #cards 512 size 80 coarsen threshold 460 Card regions per heap region 1 cards per card region 2048
 CPUs: 8 total, 8 available
 Memory: 24427M
 Large Page Support: Disabled
 NUMA Support: Disabled
 Compressed Oops: Enabled (32-bit)
 Heap Region Size: 1M
 Heap Min Capacity: 8M
 Heap Initial Capacity: 382M
 Heap Max Capacity: 1G
 Pre-touch: Disabled
 Parallel Workers: 8
 Concurrent Workers: 2
 Concurrent Refinement Workers: 8
 Periodic GC: Disabled

Heap:
 garbage-first heap   total 393216K, used 326656K [0x00000000c0000000, 0x0000000100000000)
  region size 1024K, 106 young (108544K), 16 survivors (16384K)
 Metaspace       used 203564K, committed 206592K, reserved 622592K
  class space    used 26003K, committed 27520K, reserved 425984K

Heap Regions: E=young(eden), S=young(survivor), O=old, HS=humongous(starts), HC=humongous(continues), CS=collection set, F=free, TAMS=top-at-mark-start, PB=parsable bottom
|   0|0x00000000c0000000, 0x00000000c0100000, 0x00000000c0100000|100%|HS|  |TAMS 0x00000000c0000000| PB 0x00000000c0000000| Complete 
|   1|0x00000000c0100000, 0x00000000c0200000, 0x00000000c0200000|100%|HC|  |TAMS 0x00000000c0100000| PB 0x00000000c0100000| Complete 
|   2|0x00000000c0200000, 0x00000000c0300000, 0x00000000c0300000|100%|HC|  |TAMS 0x00000000c0200000| PB 0x00000000c0200000| Complete 
|   3|0x00000000c0300000, 0x00000000c0400000, 0x00000000c0400000|100%|HC|  |TAMS 0x00000000c0300000| PB 0x00000000c0300000| Complete 
|   4|0x00000000c0400000, 0x00000000c0500000, 0x00000000c0500000|100%| O|  |TAMS 0x00000000c0400000| PB 0x00000000c0400000| Untracked 
|   5|0x00000000c0500000, 0x00000000c0600000, 0x00000000c0600000|100%| O|  |TAMS 0x00000000c0500000| PB 0x00000000c0500000| Untracked 
|   6|0x00000000c0600000, 0x00000000c0700000, 0x00000000c0700000|100%| O|  |TAMS 0x00000000c0600000| PB 0x00000000c0600000| Untracked 
|   7|0x00000000c0700000, 0x00000000c0800000, 0x00000000c0800000|100%| O|  |TAMS 0x00000000c0700000| PB 0x00000000c0700000| Untracked 
|   8|0x00000000c0800000, 0x00000000c0900000, 0x00000000c0900000|100%| O|  |TAMS 0x00000000c0800000| PB 0x00000000c0800000| Untracked 
|   9|0x00000000c0900000, 0x00000000c0a00000, 0x00000000c0a00000|100%| O|  |TAMS 0x00000000c0900000| PB 0x00000000c0900000| Untracked 
|  10|0x00000000c0a00000, 0x00000000c0b00000, 0x00000000c0b00000|100%| O|  |TAMS 0x00000000c0a00000| PB 0x00000000c0a00000| Untracked 
|  11|0x00000000c0b00000, 0x00000000c0c00000, 0x00000000c0c00000|100%|HS|  |TAMS 0x00000000c0b00000| PB 0x00000000c0b00000| Complete 
|  12|0x00000000c0c00000, 0x00000000c0d00000, 0x00000000c0d00000|100%|HC|  |TAMS 0x00000000c0c00000| PB 0x00000000c0c00000| Complete 
|  13|0x00000000c0d00000, 0x00000000c0e00000, 0x00000000c0e00000|100%|HC|  |TAMS 0x00000000c0d00000| PB 0x00000000c0d00000| Complete 
|  14|0x00000000c0e00000, 0x00000000c0f00000, 0x00000000c0f00000|100%|HC|  |TAMS 0x00000000c0e00000| PB 0x00000000c0e00000| Complete 
|  15|0x00000000c0f00000, 0x00000000c1000000, 0x00000000c1000000|100%|HC|  |TAMS 0x00000000c0f00000| PB 0x00000000c0f00000| Complete 
|  16|0x00000000c1000000, 0x00000000c1100000, 0x00000000c1100000|100%|HC|  |TAMS 0x00000000c1000000| PB 0x00000000c1000000| Complete 
|  17|0x00000000c1100000, 0x00000000c1200000, 0x00000000c1200000|100%|HS|  |TAMS 0x00000000c1100000| PB 0x00000000c1100000| Complete 
|  18|0x00000000c1200000, 0x00000000c1300000, 0x00000000c1300000|100%|HS|  |TAMS 0x00000000c1200000| PB 0x00000000c1200000| Complete 
|  19|0x00000000c1300000, 0x00000000c1400000, 0x00000000c1400000|100%|HS|  |TAMS 0x00000000c1300000| PB 0x00000000c1300000| Complete 
|  20|0x00000000c1400000, 0x00000000c1500000, 0x00000000c1500000|100%|HS|  |TAMS 0x00000000c1400000| PB 0x00000000c1400000| Complete 
|  21|0x00000000c1500000, 0x00000000c1600000, 0x00000000c1600000|100%|HC|  |TAMS 0x00000000c1500000| PB 0x00000000c1500000| Complete 
|  22|0x00000000c1600000, 0x00000000c1700000, 0x00000000c1700000|100%|HC|  |TAMS 0x00000000c1600000| PB 0x00000000c1600000| Complete 
|  23|0x00000000c1700000, 0x00000000c1800000, 0x00000000c1800000|100%|HC|  |TAMS 0x00000000c1700000| PB 0x00000000c1700000| Complete 
|  24|0x00000000c1800000, 0x00000000c1900000, 0x00000000c1900000|100%|HC|  |TAMS 0x00000000c1800000| PB 0x00000000c1800000| Complete 
|  25|0x00000000c1900000, 0x00000000c1a00000, 0x00000000c1a00000|100%|HC|  |TAMS 0x00000000c1900000| PB 0x00000000c1900000| Complete 
|  26|0x00000000c1a00000, 0x00000000c1b00000, 0x00000000c1b00000|100%|HS|  |TAMS 0x00000000c1a00000| PB 0x00000000c1a00000| Complete 
|  27|0x00000000c1b00000, 0x00000000c1c00000, 0x00000000c1c00000|100%|HS|  |TAMS 0x00000000c1b00000| PB 0x00000000c1b00000| Complete 
|  28|0x00000000c1c00000, 0x00000000c1d00000, 0x00000000c1d00000|100%|HS|  |TAMS 0x00000000c1c00000| PB 0x00000000c1c00000| Complete 
|  29|0x00000000c1d00000, 0x00000000c1e00000, 0x00000000c1e00000|100%| O|  |TAMS 0x00000000c1d00000| PB 0x00000000c1d00000| Untracked 
|  30|0x00000000c1e00000, 0x00000000c1f00000, 0x00000000c1f00000|100%| O|  |TAMS 0x00000000c1e00000| PB 0x00000000c1e00000| Untracked 
|  31|0x00000000c1f00000, 0x00000000c2000000, 0x00000000c2000000|100%| O|  |TAMS 0x00000000c1f00000| PB 0x00000000c1f00000| Untracked 
|  32|0x00000000c2000000, 0x00000000c2100000, 0x00000000c2100000|100%| O|  |TAMS 0x00000000c2000000| PB 0x00000000c2000000| Untracked 
|  33|0x00000000c2100000, 0x00000000c2200000, 0x00000000c2200000|100%| O|  |TAMS 0x00000000c2100000| PB 0x00000000c2100000| Untracked 
|  34|0x00000000c2200000, 0x00000000c2300000, 0x00000000c2300000|100%| O|  |TAMS 0x00000000c2200000| PB 0x00000000c2200000| Untracked 
|  35|0x00000000c2300000, 0x00000000c2400000, 0x00000000c2400000|100%| O|  |TAMS 0x00000000c2300000| PB 0x00000000c2300000| Untracked 
|  36|0x00000000c2400000, 0x00000000c2500000, 0x00000000c2500000|100%| O|  |TAMS 0x00000000c2400000| PB 0x00000000c2400000| Untracked 
|  37|0x00000000c2500000, 0x00000000c2600000, 0x00000000c2600000|100%| O|  |TAMS 0x00000000c2500000| PB 0x00000000c2500000| Untracked 
|  38|0x00000000c2600000, 0x00000000c2700000, 0x00000000c2700000|100%| O|  |TAMS 0x00000000c2600000| PB 0x00000000c2600000| Untracked 
|  39|0x00000000c2700000, 0x00000000c2800000, 0x00000000c2800000|100%| O|  |TAMS 0x00000000c2700000| PB 0x00000000c2700000| Untracked 
|  40|0x00000000c2800000, 0x00000000c2900000, 0x00000000c2900000|100%|HS|  |TAMS 0x00000000c2800000| PB 0x00000000c2800000| Complete 
|  41|0x00000000c2900000, 0x00000000c2a00000, 0x00000000c2a00000|100%| O|  |TAMS 0x00000000c2900000| PB 0x00000000c2900000| Untracked 
|  42|0x00000000c2a00000, 0x00000000c2b00000, 0x00000000c2b00000|100%| O|  |TAMS 0x00000000c2a00000| PB 0x00000000c2a00000| Untracked 
|  43|0x00000000c2b00000, 0x00000000c2c00000, 0x00000000c2c00000|100%| O|  |TAMS 0x00000000c2b00000| PB 0x00000000c2b00000| Untracked 
|  44|0x00000000c2c00000, 0x00000000c2d00000, 0x00000000c2d00000|100%| O|  |TAMS 0x00000000c2c00000| PB 0x00000000c2c00000| Untracked 
|  45|0x00000000c2d00000, 0x00000000c2e00000, 0x00000000c2e00000|100%| O|  |TAMS 0x00000000c2d00000| PB 0x00000000c2d00000| Untracked 
|  46|0x00000000c2e00000, 0x00000000c2f00000, 0x00000000c2f00000|100%| O|  |TAMS 0x00000000c2e00000| PB 0x00000000c2e00000| Untracked 
|  47|0x00000000c2f00000, 0x00000000c3000000, 0x00000000c3000000|100%| O|  |TAMS 0x00000000c2f00000| PB 0x00000000c2f00000| Untracked 
|  48|0x00000000c3000000, 0x00000000c3100000, 0x00000000c3100000|100%| O|  |TAMS 0x00000000c3000000| PB 0x00000000c3000000| Untracked 
|  49|0x00000000c3100000, 0x00000000c3200000, 0x00000000c3200000|100%| O|  |TAMS 0x00000000c3100000| PB 0x00000000c3100000| Untracked 
|  50|0x00000000c3200000, 0x00000000c3300000, 0x00000000c3300000|100%| O|  |TAMS 0x00000000c3200000| PB 0x00000000c3200000| Untracked 
|  51|0x00000000c3300000, 0x00000000c3400000, 0x00000000c3400000|100%| O|  |TAMS 0x00000000c3300000| PB 0x00000000c3300000| Untracked 
|  52|0x00000000c3400000, 0x00000000c3500000, 0x00000000c3500000|100%| O|  |TAMS 0x00000000c3400000| PB 0x00000000c3400000| Untracked 
|  53|0x00000000c3500000, 0x00000000c3600000, 0x00000000c3600000|100%| O|Cm|TAMS 0x00000000c3500000| PB 0x00000000c3500000| Complete 
|  54|0x00000000c3600000, 0x00000000c3700000, 0x00000000c3700000|100%| O|  |TAMS 0x00000000c3600000| PB 0x00000000c3600000| Untracked 
|  55|0x00000000c3700000, 0x00000000c3800000, 0x00000000c3800000|100%| O|  |TAMS 0x00000000c3700000| PB 0x00000000c3700000| Untracked 
|  56|0x00000000c3800000, 0x00000000c3900000, 0x00000000c3900000|100%| O|  |TAMS 0x00000000c3800000| PB 0x00000000c3800000| Untracked 
|  57|0x00000000c3900000, 0x00000000c3a00000, 0x00000000c3a00000|100%| O|  |TAMS 0x00000000c3900000| PB 0x00000000c3900000| Untracked 
|  58|0x00000000c3a00000, 0x00000000c3b00000, 0x00000000c3b00000|100%| O|  |TAMS 0x00000000c3a00000| PB 0x00000000c3a00000| Untracked 
|  59|0x00000000c3b00000, 0x00000000c3c00000, 0x00000000c3c00000|100%| O|  |TAMS 0x00000000c3b00000| PB 0x00000000c3b00000| Untracked 
|  60|0x00000000c3c00000, 0x00000000c3d00000, 0x00000000c3d00000|100%| O|  |TAMS 0x00000000c3c00000| PB 0x00000000c3c00000| Untracked 
|  61|0x00000000c3d00000, 0x00000000c3e00000, 0x00000000c3e00000|100%| O|  |TAMS 0x00000000c3d00000| PB 0x00000000c3d00000| Untracked 
|  62|0x00000000c3e00000, 0x00000000c3f00000, 0x00000000c3f00000|100%| O|  |TAMS 0x00000000c3e00000| PB 0x00000000c3e00000| Untracked 
|  63|0x00000000c3f00000, 0x00000000c4000000, 0x00000000c4000000|100%| O|  |TAMS 0x00000000c3f00000| PB 0x00000000c3f00000| Untracked 
|  64|0x00000000c4000000, 0x00000000c4100000, 0x00000000c4100000|100%| O|  |TAMS 0x00000000c4000000| PB 0x00000000c4000000| Untracked 
|  65|0x00000000c4100000, 0x00000000c4200000, 0x00000000c4200000|100%| O|  |TAMS 0x00000000c4100000| PB 0x00000000c4100000| Untracked 
|  66|0x00000000c4200000, 0x00000000c4300000, 0x00000000c4300000|100%| O|  |TAMS 0x00000000c4200000| PB 0x00000000c4200000| Untracked 
|  67|0x00000000c4300000, 0x00000000c4400000, 0x00000000c4400000|100%| O|  |TAMS 0x00000000c4300000| PB 0x00000000c4300000| Untracked 
|  68|0x00000000c4400000, 0x00000000c4500000, 0x00000000c4500000|100%| O|  |TAMS 0x00000000c4400000| PB 0x00000000c4400000| Untracked 
|  69|0x00000000c4500000, 0x00000000c4600000, 0x00000000c4600000|100%| O|  |TAMS 0x00000000c4500000| PB 0x00000000c4500000| Untracked 
|  70|0x00000000c4600000, 0x00000000c4700000, 0x00000000c4700000|100%| O|  |TAMS 0x00000000c4600000| PB 0x00000000c4600000| Untracked 
|  71|0x00000000c4700000, 0x00000000c4800000, 0x00000000c4800000|100%| O|  |TAMS 0x00000000c4700000| PB 0x00000000c4700000| Untracked 
|  72|0x00000000c4800000, 0x00000000c4900000, 0x00000000c4900000|100%| O|  |TAMS 0x00000000c4800000| PB 0x00000000c4800000| Untracked 
|  73|0x00000000c4900000, 0x00000000c4a00000, 0x00000000c4a00000|100%| O|  |TAMS 0x00000000c4900000| PB 0x00000000c4900000| Untracked 
|  74|0x00000000c4a00000, 0x00000000c4b00000, 0x00000000c4b00000|100%| O|  |TAMS 0x00000000c4a00000| PB 0x00000000c4a00000| Untracked 
|  75|0x00000000c4b00000, 0x00000000c4c00000, 0x00000000c4c00000|100%| O|  |TAMS 0x00000000c4b00000| PB 0x00000000c4b00000| Untracked 
|  76|0x00000000c4c00000, 0x00000000c4d00000, 0x00000000c4d00000|100%| O|  |TAMS 0x00000000c4c00000| PB 0x00000000c4c00000| Untracked 
|  77|0x00000000c4d00000, 0x00000000c4e00000, 0x00000000c4e00000|100%| O|  |TAMS 0x00000000c4d00000| PB 0x00000000c4d00000| Untracked 
|  78|0x00000000c4e00000, 0x00000000c4f00000, 0x00000000c4f00000|100%| O|  |TAMS 0x00000000c4e00000| PB 0x00000000c4e00000| Untracked 
|  79|0x00000000c4f00000, 0x00000000c5000000, 0x00000000c5000000|100%| O|  |TAMS 0x00000000c4f00000| PB 0x00000000c4f00000| Untracked 
|  80|0x00000000c5000000, 0x00000000c5100000, 0x00000000c5100000|100%| O|  |TAMS 0x00000000c5000000| PB 0x00000000c5000000| Untracked 
|  81|0x00000000c5100000, 0x00000000c5200000, 0x00000000c5200000|100%| O|  |TAMS 0x00000000c5100000| PB 0x00000000c5100000| Untracked 
|  82|0x00000000c5200000, 0x00000000c5300000, 0x00000000c5300000|100%| O|  |TAMS 0x00000000c5200000| PB 0x00000000c5200000| Untracked 
|  83|0x00000000c5300000, 0x00000000c5400000, 0x00000000c5400000|100%| O|  |TAMS 0x00000000c5300000| PB 0x00000000c5300000| Untracked 
|  84|0x00000000c5400000, 0x00000000c5500000, 0x00000000c5500000|100%| O|  |TAMS 0x00000000c5400000| PB 0x00000000c5400000| Untracked 
|  85|0x00000000c5500000, 0x00000000c5600000, 0x00000000c5600000|100%| O|  |TAMS 0x00000000c5500000| PB 0x00000000c5500000| Untracked 
|  86|0x00000000c5600000, 0x00000000c5700000, 0x00000000c5700000|100%| O|  |TAMS 0x00000000c5600000| PB 0x00000000c5600000| Untracked 
|  87|0x00000000c5700000, 0x00000000c5800000, 0x00000000c5800000|100%| O|  |TAMS 0x00000000c5700000| PB 0x00000000c5700000| Untracked 
|  88|0x00000000c5800000, 0x00000000c5900000, 0x00000000c5900000|100%| O|Cm|TAMS 0x00000000c5800000| PB 0x00000000c5800000| Complete 
|  89|0x00000000c5900000, 0x00000000c5a00000, 0x00000000c5a00000|100%| O|  |TAMS 0x00000000c5900000| PB 0x00000000c5900000| Untracked 
|  90|0x00000000c5a00000, 0x00000000c5b00000, 0x00000000c5b00000|100%| O|  |TAMS 0x00000000c5a00000| PB 0x00000000c5a00000| Untracked 
|  91|0x00000000c5b00000, 0x00000000c5c00000, 0x00000000c5c00000|100%| O|  |TAMS 0x00000000c5b00000| PB 0x00000000c5b00000| Untracked 
|  92|0x00000000c5c00000, 0x00000000c5d00000, 0x00000000c5d00000|100%| O|  |TAMS 0x00000000c5c00000| PB 0x00000000c5c00000| Untracked 
|  93|0x00000000c5d00000, 0x00000000c5e00000, 0x00000000c5e00000|100%| O|  |TAMS 0x00000000c5d00000| PB 0x00000000c5d00000| Untracked 
|  94|0x00000000c5e00000, 0x00000000c5f00000, 0x00000000c5f00000|100%| O|  |TAMS 0x00000000c5e00000| PB 0x00000000c5e00000| Untracked 
|  95|0x00000000c5f00000, 0x00000000c6000000, 0x00000000c6000000|100%| O|  |TAMS 0x00000000c5f00000| PB 0x00000000c5f00000| Untracked 
|  96|0x00000000c6000000, 0x00000000c6100000, 0x00000000c6100000|100%| O|  |TAMS 0x00000000c6000000| PB 0x00000000c6000000| Untracked 
|  97|0x00000000c6100000, 0x00000000c6200000, 0x00000000c6200000|100%| O|  |TAMS 0x00000000c6100000| PB 0x00000000c6100000| Untracked 
|  98|0x00000000c6200000, 0x00000000c6300000, 0x00000000c6300000|100%| O|  |TAMS 0x00000000c6200000| PB 0x00000000c6200000| Untracked 
|  99|0x00000000c6300000, 0x00000000c6400000, 0x00000000c6400000|100%| O|  |TAMS 0x00000000c6300000| PB 0x00000000c6300000| Untracked 
| 100|0x00000000c6400000, 0x00000000c6500000, 0x00000000c6500000|100%| O|  |TAMS 0x00000000c6400000| PB 0x00000000c6400000| Untracked 
| 101|0x00000000c6500000, 0x00000000c6600000, 0x00000000c6600000|100%| O|  |TAMS 0x00000000c6500000| PB 0x00000000c6500000| Untracked 
| 102|0x00000000c6600000, 0x00000000c6700000, 0x00000000c6700000|100%| O|  |TAMS 0x00000000c6600000| PB 0x00000000c6600000| Untracked 
| 103|0x00000000c6700000, 0x00000000c6800000, 0x00000000c6800000|100%| O|  |TAMS 0x00000000c6700000| PB 0x00000000c6700000| Untracked 
| 104|0x00000000c6800000, 0x00000000c6900000, 0x00000000c6900000|100%| O|  |TAMS 0x00000000c6800000| PB 0x00000000c6800000| Untracked 
| 105|0x00000000c6900000, 0x00000000c6a00000, 0x00000000c6a00000|100%| O|  |TAMS 0x00000000c6900000| PB 0x00000000c6900000| Untracked 
| 106|0x00000000c6a00000, 0x00000000c6b00000, 0x00000000c6b00000|100%| O|  |TAMS 0x00000000c6a00000| PB 0x00000000c6a00000| Untracked 
| 107|0x00000000c6b00000, 0x00000000c6c00000, 0x00000000c6c00000|100%| O|  |TAMS 0x00000000c6b00000| PB 0x00000000c6b00000| Untracked 
| 108|0x00000000c6c00000, 0x00000000c6d00000, 0x00000000c6d00000|100%|HS|  |TAMS 0x00000000c6c00000| PB 0x00000000c6c00000| Complete 
| 109|0x00000000c6d00000, 0x00000000c6e00000, 0x00000000c6e00000|100%|HS|  |TAMS 0x00000000c6d00000| PB 0x00000000c6d00000| Complete 
| 110|0x00000000c6e00000, 0x00000000c6f00000, 0x00000000c6f00000|100%|HC|  |TAMS 0x00000000c6e00000| PB 0x00000000c6e00000| Complete 
| 111|0x00000000c6f00000, 0x00000000c7000000, 0x00000000c7000000|100%|HC|  |TAMS 0x00000000c6f00000| PB 0x00000000c6f00000| Complete 
| 112|0x00000000c7000000, 0x00000000c7100000, 0x00000000c7100000|100%|HC|  |TAMS 0x00000000c7000000| PB 0x00000000c7000000| Complete 
| 113|0x00000000c7100000, 0x00000000c7200000, 0x00000000c7200000|100%| O|  |TAMS 0x00000000c7100000| PB 0x00000000c7100000| Untracked 
| 114|0x00000000c7200000, 0x00000000c7300000, 0x00000000c7300000|100%|HS|  |TAMS 0x00000000c7200000| PB 0x00000000c7200000| Complete 
| 115|0x00000000c7300000, 0x00000000c7400000, 0x00000000c7400000|100%|HC|  |TAMS 0x00000000c7300000| PB 0x00000000c7300000| Complete 
| 116|0x00000000c7400000, 0x00000000c7500000, 0x00000000c7500000|100%| O|  |TAMS 0x00000000c7400000| PB 0x00000000c7400000| Untracked 
| 117|0x00000000c7500000, 0x00000000c7600000, 0x00000000c7600000|100%|HS|  |TAMS 0x00000000c7500000| PB 0x00000000c7500000| Complete 
| 118|0x00000000c7600000, 0x00000000c7700000, 0x00000000c7700000|100%|HS|  |TAMS 0x00000000c7600000| PB 0x00000000c7600000| Complete 
| 119|0x00000000c7700000, 0x00000000c7800000, 0x00000000c7800000|100%| O|  |TAMS 0x00000000c7700000| PB 0x00000000c7700000| Untracked 
| 120|0x00000000c7800000, 0x00000000c7900000, 0x00000000c7900000|100%|HS|  |TAMS 0x00000000c7800000| PB 0x00000000c7800000| Complete 
| 121|0x00000000c7900000, 0x00000000c7a00000, 0x00000000c7a00000|100%| O|  |TAMS 0x00000000c7900000| PB 0x00000000c7900000| Untracked 
| 122|0x00000000c7a00000, 0x00000000c7b00000, 0x00000000c7b00000|100%| O|  |TAMS 0x00000000c7a00000| PB 0x00000000c7a00000| Untracked 
| 123|0x00000000c7b00000, 0x00000000c7c00000, 0x00000000c7c00000|100%| O|  |TAMS 0x00000000c7b00000| PB 0x00000000c7b00000| Untracked 
| 124|0x00000000c7c00000, 0x00000000c7d00000, 0x00000000c7d00000|100%|HS|  |TAMS 0x00000000c7c00000| PB 0x00000000c7c00000| Complete 
| 125|0x00000000c7d00000, 0x00000000c7e00000, 0x00000000c7e00000|100%|HS|  |TAMS 0x00000000c7d00000| PB 0x00000000c7d00000| Complete 
| 126|0x00000000c7e00000, 0x00000000c7f00000, 0x00000000c7f00000|100%|HS|  |TAMS 0x00000000c7e00000| PB 0x00000000c7e00000| Complete 
| 127|0x00000000c7f00000, 0x00000000c8000000, 0x00000000c8000000|100%|HC|  |TAMS 0x00000000c7f00000| PB 0x00000000c7f00000| Complete 
| 128|0x00000000c8000000, 0x00000000c8100000, 0x00000000c8100000|100%| O|  |TAMS 0x00000000c8000000| PB 0x00000000c8000000| Untracked 
| 129|0x00000000c8100000, 0x00000000c8200000, 0x00000000c8200000|100%| O|  |TAMS 0x00000000c8100000| PB 0x00000000c8100000| Untracked 
| 130|0x00000000c8200000, 0x00000000c8300000, 0x00000000c8300000|100%| O|  |TAMS 0x00000000c8200000| PB 0x00000000c8200000| Untracked 
| 131|0x00000000c8300000, 0x00000000c8400000, 0x00000000c8400000|100%| O|  |TAMS 0x00000000c8300000| PB 0x00000000c8300000| Untracked 
| 132|0x00000000c8400000, 0x00000000c8500000, 0x00000000c8500000|100%| O|  |TAMS 0x00000000c8400000| PB 0x00000000c8400000| Untracked 
| 133|0x00000000c8500000, 0x00000000c8600000, 0x00000000c8600000|100%| O|  |TAMS 0x00000000c8500000| PB 0x00000000c8500000| Untracked 
| 134|0x00000000c8600000, 0x00000000c8700000, 0x00000000c8700000|100%| O|  |TAMS 0x00000000c8600000| PB 0x00000000c8600000| Untracked 
| 135|0x00000000c8700000, 0x00000000c8800000, 0x00000000c8800000|100%| O|  |TAMS 0x00000000c8700000| PB 0x00000000c8700000| Untracked 
| 136|0x00000000c8800000, 0x00000000c8900000, 0x00000000c8900000|100%| O|  |TAMS 0x00000000c8800000| PB 0x00000000c8800000| Untracked 
| 137|0x00000000c8900000, 0x00000000c8a00000, 0x00000000c8a00000|100%| O|  |TAMS 0x00000000c8900000| PB 0x00000000c8900000| Untracked 
| 138|0x00000000c8a00000, 0x00000000c8b00000, 0x00000000c8b00000|100%| O|  |TAMS 0x00000000c8a00000| PB 0x00000000c8a00000| Untracked 
| 139|0x00000000c8b00000, 0x00000000c8c00000, 0x00000000c8c00000|100%|HS|  |TAMS 0x00000000c8b00000| PB 0x00000000c8b00000| Complete 
| 140|0x00000000c8c00000, 0x00000000c8d00000, 0x00000000c8d00000|100%|HC|  |TAMS 0x00000000c8c00000| PB 0x00000000c8c00000| Complete 
| 141|0x00000000c8d00000, 0x00000000c8e00000, 0x00000000c8e00000|100%|HC|  |TAMS 0x00000000c8d00000| PB 0x00000000c8d00000| Complete 
| 142|0x00000000c8e00000, 0x00000000c8f00000, 0x00000000c8f00000|100%|HC|  |TAMS 0x00000000c8e00000| PB 0x00000000c8e00000| Complete 
| 143|0x00000000c8f00000, 0x00000000c9000000, 0x00000000c9000000|100%|HS|  |TAMS 0x00000000c8f00000| PB 0x00000000c8f00000| Complete 
| 144|0x00000000c9000000, 0x00000000c9100000, 0x00000000c9100000|100%|HS|  |TAMS 0x00000000c9000000| PB 0x00000000c9000000| Complete 
| 145|0x00000000c9100000, 0x00000000c9200000, 0x00000000c9200000|100%| O|  |TAMS 0x00000000c9100000| PB 0x00000000c9100000| Untracked 
| 146|0x00000000c9200000, 0x00000000c9300000, 0x00000000c9300000|100%| O|  |TAMS 0x00000000c9200000| PB 0x00000000c9200000| Untracked 
| 147|0x00000000c9300000, 0x00000000c9400000, 0x00000000c9400000|100%| O|  |TAMS 0x00000000c9300000| PB 0x00000000c9300000| Untracked 
| 148|0x00000000c9400000, 0x00000000c9500000, 0x00000000c9500000|100%| O|  |TAMS 0x00000000c9400000| PB 0x00000000c9400000| Untracked 
| 149|0x00000000c9500000, 0x00000000c9600000, 0x00000000c9600000|100%| O|  |TAMS 0x00000000c9500000| PB 0x00000000c9500000| Untracked 
| 150|0x00000000c9600000, 0x00000000c9700000, 0x00000000c9700000|100%| O|  |TAMS 0x00000000c9600000| PB 0x00000000c9600000| Untracked 
| 151|0x00000000c9700000, 0x00000000c9800000, 0x00000000c9800000|100%| O|  |TAMS 0x00000000c9700000| PB 0x00000000c9700000| Untracked 
| 152|0x00000000c9800000, 0x00000000c9900000, 0x00000000c9900000|100%| O|  |TAMS 0x00000000c9800000| PB 0x00000000c9800000| Untracked 
| 153|0x00000000c9900000, 0x00000000c9a00000, 0x00000000c9a00000|100%| O|  |TAMS 0x00000000c9900000| PB 0x00000000c9900000| Untracked 
| 154|0x00000000c9a00000, 0x00000000c9b00000, 0x00000000c9b00000|100%| O|Cm|TAMS 0x00000000c9a00000| PB 0x00000000c9a00000| Complete 
| 155|0x00000000c9b00000, 0x00000000c9c00000, 0x00000000c9c00000|100%| O|  |TAMS 0x00000000c9b00000| PB 0x00000000c9b00000| Untracked 
| 156|0x00000000c9c00000, 0x00000000c9d00000, 0x00000000c9d00000|100%| O|  |TAMS 0x00000000c9c00000| PB 0x00000000c9c00000| Untracked 
| 157|0x00000000c9d00000, 0x00000000c9e00000, 0x00000000c9e00000|100%| O|  |TAMS 0x00000000c9d00000| PB 0x00000000c9d00000| Untracked 
| 158|0x00000000c9e00000, 0x00000000c9f00000, 0x00000000c9f00000|100%| O|  |TAMS 0x00000000c9e00000| PB 0x00000000c9e00000| Untracked 
| 159|0x00000000c9f00000, 0x00000000ca000000, 0x00000000ca000000|100%| O|  |TAMS 0x00000000c9f00000| PB 0x00000000c9f00000| Untracked 
| 160|0x00000000ca000000, 0x00000000ca100000, 0x00000000ca100000|100%| O|  |TAMS 0x00000000ca000000| PB 0x00000000ca000000| Untracked 
| 161|0x00000000ca100000, 0x00000000ca200000, 0x00000000ca200000|100%| O|  |TAMS 0x00000000ca100000| PB 0x00000000ca100000| Untracked 
| 162|0x00000000ca200000, 0x00000000ca300000, 0x00000000ca300000|100%| O|  |TAMS 0x00000000ca200000| PB 0x00000000ca200000| Untracked 
| 163|0x00000000ca300000, 0x00000000ca400000, 0x00000000ca400000|100%| O|  |TAMS 0x00000000ca300000| PB 0x00000000ca300000| Untracked 
| 164|0x00000000ca400000, 0x00000000ca500000, 0x00000000ca500000|100%| O|  |TAMS 0x00000000ca400000| PB 0x00000000ca400000| Untracked 
| 165|0x00000000ca500000, 0x00000000ca600000, 0x00000000ca600000|100%| O|  |TAMS 0x00000000ca500000| PB 0x00000000ca500000| Untracked 
| 166|0x00000000ca600000, 0x00000000ca700000, 0x00000000ca700000|100%| O|  |TAMS 0x00000000ca600000| PB 0x00000000ca600000| Untracked 
| 167|0x00000000ca700000, 0x00000000ca800000, 0x00000000ca800000|100%| O|Cm|TAMS 0x00000000ca700000| PB 0x00000000ca700000| Complete 
| 168|0x00000000ca800000, 0x00000000ca900000, 0x00000000ca900000|100%| O|  |TAMS 0x00000000ca800000| PB 0x00000000ca800000| Untracked 
| 169|0x00000000ca900000, 0x00000000caa00000, 0x00000000caa00000|100%| O|  |TAMS 0x00000000ca900000| PB 0x00000000ca900000| Untracked 
| 170|0x00000000caa00000, 0x00000000cab00000, 0x00000000cab00000|100%|HS|  |TAMS 0x00000000caa00000| PB 0x00000000caa00000| Complete 
| 171|0x00000000cab00000, 0x00000000cac00000, 0x00000000cac00000|100%| O|  |TAMS 0x00000000cab00000| PB 0x00000000cab00000| Untracked 
| 172|0x00000000cac00000, 0x00000000cad00000, 0x00000000cad00000|100%| O|  |TAMS 0x00000000cac00000| PB 0x00000000cac00000| Untracked 
| 173|0x00000000cad00000, 0x00000000cae00000, 0x00000000cae00000|100%| O|  |TAMS 0x00000000cad00000| PB 0x00000000cad00000| Untracked 
| 174|0x00000000cae00000, 0x00000000caf00000, 0x00000000caf00000|100%| O|  |TAMS 0x00000000cae00000| PB 0x00000000cae00000| Untracked 
| 175|0x00000000caf00000, 0x00000000cb000000, 0x00000000cb000000|100%| O|  |TAMS 0x00000000caf00000| PB 0x00000000caf00000| Untracked 
| 176|0x00000000cb000000, 0x00000000cb100000, 0x00000000cb100000|100%| O|  |TAMS 0x00000000cb000000| PB 0x00000000cb000000| Untracked 
| 177|0x00000000cb100000, 0x00000000cb200000, 0x00000000cb200000|100%| O|  |TAMS 0x00000000cb100000| PB 0x00000000cb100000| Untracked 
| 178|0x00000000cb200000, 0x00000000cb300000, 0x00000000cb300000|100%| S|CS|TAMS 0x00000000cb200000| PB 0x00000000cb200000| Complete 
| 179|0x00000000cb300000, 0x00000000cb400000, 0x00000000cb400000|100%| O|  |TAMS 0x00000000cb300000| PB 0x00000000cb300000| Untracked 
| 180|0x00000000cb400000, 0x00000000cb500000, 0x00000000cb500000|100%| O|  |TAMS 0x00000000cb400000| PB 0x00000000cb400000| Untracked 
| 181|0x00000000cb500000, 0x00000000cb600000, 0x00000000cb600000|100%| O|  |TAMS 0x00000000cb500000| PB 0x00000000cb500000| Untracked 
| 182|0x00000000cb600000, 0x00000000cb700000, 0x00000000cb700000|100%| O|  |TAMS 0x00000000cb600000| PB 0x00000000cb600000| Untracked 
| 183|0x00000000cb700000, 0x00000000cb800000, 0x00000000cb800000|100%| O|  |TAMS 0x00000000cb700000| PB 0x00000000cb700000| Untracked 
| 184|0x00000000cb800000, 0x00000000cb900000, 0x00000000cb900000|100%| S|CS|TAMS 0x00000000cb800000| PB 0x00000000cb800000| Complete 
| 185|0x00000000cb900000, 0x00000000cba00000, 0x00000000cba00000|100%| S|CS|TAMS 0x00000000cb900000| PB 0x00000000cb900000| Complete 
| 186|0x00000000cba00000, 0x00000000cbb00000, 0x00000000cbb00000|100%| S|CS|TAMS 0x00000000cba00000| PB 0x00000000cba00000| Complete 
| 187|0x00000000cbb00000, 0x00000000cbc00000, 0x00000000cbc00000|100%| S|CS|TAMS 0x00000000cbb00000| PB 0x00000000cbb00000| Complete 
| 188|0x00000000cbc00000, 0x00000000cbd00000, 0x00000000cbd00000|100%| S|CS|TAMS 0x00000000cbc00000| PB 0x00000000cbc00000| Complete 
| 189|0x00000000cbd00000, 0x00000000cbe00000, 0x00000000cbe00000|100%| S|CS|TAMS 0x00000000cbd00000| PB 0x00000000cbd00000| Complete 
| 190|0x00000000cbe00000, 0x00000000cbf00000, 0x00000000cbf00000|100%| S|CS|TAMS 0x00000000cbe00000| PB 0x00000000cbe00000| Complete 
| 191|0x00000000cbf00000, 0x00000000cc000000, 0x00000000cc000000|100%| S|CS|TAMS 0x00000000cbf00000| PB 0x00000000cbf00000| Complete 
| 192|0x00000000cc000000, 0x00000000cc100000, 0x00000000cc100000|100%| S|CS|TAMS 0x00000000cc000000| PB 0x00000000cc000000| Complete 
| 193|0x00000000cc100000, 0x00000000cc200000, 0x00000000cc200000|100%| O|  |TAMS 0x00000000cc100000| PB 0x00000000cc100000| Untracked 
| 194|0x00000000cc200000, 0x00000000cc300000, 0x00000000cc300000|100%| O|  |TAMS 0x00000000cc200000| PB 0x00000000cc200000| Untracked 
| 195|0x00000000cc300000, 0x00000000cc400000, 0x00000000cc400000|100%| S|CS|TAMS 0x00000000cc300000| PB 0x00000000cc300000| Complete 
| 196|0x00000000cc400000, 0x00000000cc500000, 0x00000000cc500000|100%| S|CS|TAMS 0x00000000cc400000| PB 0x00000000cc400000| Complete 
| 197|0x00000000cc500000, 0x00000000cc600000, 0x00000000cc600000|100%| S|CS|TAMS 0x00000000cc500000| PB 0x00000000cc500000| Complete 
| 198|0x00000000cc600000, 0x00000000cc700000, 0x00000000cc700000|100%| S|CS|TAMS 0x00000000cc600000| PB 0x00000000cc600000| Complete 
| 199|0x00000000cc700000, 0x00000000cc800000, 0x00000000cc800000|100%| O|Cm|TAMS 0x00000000cc700000| PB 0x00000000cc700000| Complete 
| 200|0x00000000cc800000, 0x00000000cc800000, 0x00000000cc900000|  0%| F|  |TAMS 0x00000000cc800000| PB 0x00000000cc800000| Untracked 
| 201|0x00000000cc900000, 0x00000000cc900000, 0x00000000cca00000|  0%| F|  |TAMS 0x00000000cc900000| PB 0x00000000cc900000| Untracked 
| 202|0x00000000cca00000, 0x00000000cca00000, 0x00000000ccb00000|  0%| F|  |TAMS 0x00000000cca00000| PB 0x00000000cca00000| Untracked 
| 203|0x00000000ccb00000, 0x00000000ccb00000, 0x00000000ccc00000|  0%| F|  |TAMS 0x00000000ccb00000| PB 0x00000000ccb00000| Untracked 
| 204|0x00000000ccc00000, 0x00000000ccc00000, 0x00000000ccd00000|  0%| F|  |TAMS 0x00000000ccc00000| PB 0x00000000ccc00000| Untracked 
| 205|0x00000000ccd00000, 0x00000000ccd00000, 0x00000000cce00000|  0%| F|  |TAMS 0x00000000ccd00000| PB 0x00000000ccd00000| Untracked 
| 206|0x00000000cce00000, 0x00000000cce00000, 0x00000000ccf00000|  0%| F|  |TAMS 0x00000000cce00000| PB 0x00000000cce00000| Untracked 
| 207|0x00000000ccf00000, 0x00000000cd000000, 0x00000000cd000000|100%| S|CS|TAMS 0x00000000ccf00000| PB 0x00000000ccf00000| Complete 
| 208|0x00000000cd000000, 0x00000000cd100000, 0x00000000cd100000|100%| S|CS|TAMS 0x00000000cd000000| PB 0x00000000cd000000| Complete 
| 209|0x00000000cd100000, 0x00000000cd100000, 0x00000000cd200000|  0%| F|  |TAMS 0x00000000cd100000| PB 0x00000000cd100000| Untracked 
| 210|0x00000000cd200000, 0x00000000cd200000, 0x00000000cd300000|  0%| F|  |TAMS 0x00000000cd200000| PB 0x00000000cd200000| Untracked 
| 211|0x00000000cd300000, 0x00000000cd300000, 0x00000000cd400000|  0%| F|  |TAMS 0x00000000cd300000| PB 0x00000000cd300000| Untracked 
| 212|0x00000000cd400000, 0x00000000cd400000, 0x00000000cd500000|  0%| F|  |TAMS 0x00000000cd400000| PB 0x00000000cd400000| Untracked 
| 213|0x00000000cd500000, 0x00000000cd500000, 0x00000000cd600000|  0%| F|  |TAMS 0x00000000cd500000| PB 0x00000000cd500000| Untracked 
| 214|0x00000000cd600000, 0x00000000cd600000, 0x00000000cd700000|  0%| F|  |TAMS 0x00000000cd600000| PB 0x00000000cd600000| Untracked 
| 215|0x00000000cd700000, 0x00000000cd700000, 0x00000000cd800000|  0%| F|  |TAMS 0x00000000cd700000| PB 0x00000000cd700000| Untracked 
| 216|0x00000000cd800000, 0x00000000cd800000, 0x00000000cd900000|  0%| F|  |TAMS 0x00000000cd800000| PB 0x00000000cd800000| Untracked 
| 217|0x00000000cd900000, 0x00000000cd900000, 0x00000000cda00000|  0%| F|  |TAMS 0x00000000cd900000| PB 0x00000000cd900000| Untracked 
| 218|0x00000000cda00000, 0x00000000cda00000, 0x00000000cdb00000|  0%| F|  |TAMS 0x00000000cda00000| PB 0x00000000cda00000| Untracked 
| 219|0x00000000cdb00000, 0x00000000cdb00000, 0x00000000cdc00000|  0%| F|  |TAMS 0x00000000cdb00000| PB 0x00000000cdb00000| Untracked 
| 220|0x00000000cdc00000, 0x00000000cdc00000, 0x00000000cdd00000|  0%| F|  |TAMS 0x00000000cdc00000| PB 0x00000000cdc00000| Untracked 
| 221|0x00000000cdd00000, 0x00000000cdd00000, 0x00000000cde00000|  0%| F|  |TAMS 0x00000000cdd00000| PB 0x00000000cdd00000| Untracked 
| 222|0x00000000cde00000, 0x00000000cde00000, 0x00000000cdf00000|  0%| F|  |TAMS 0x00000000cde00000| PB 0x00000000cde00000| Untracked 
| 223|0x00000000cdf00000, 0x00000000cdf00000, 0x00000000ce000000|  0%| F|  |TAMS 0x00000000cdf00000| PB 0x00000000cdf00000| Untracked 
| 224|0x00000000ce000000, 0x00000000ce000000, 0x00000000ce100000|  0%| F|  |TAMS 0x00000000ce000000| PB 0x00000000ce000000| Untracked 
| 225|0x00000000ce100000, 0x00000000ce100000, 0x00000000ce200000|  0%| F|  |TAMS 0x00000000ce100000| PB 0x00000000ce100000| Untracked 
| 226|0x00000000ce200000, 0x00000000ce200000, 0x00000000ce300000|  0%| F|  |TAMS 0x00000000ce200000| PB 0x00000000ce200000| Untracked 
| 227|0x00000000ce300000, 0x00000000ce300000, 0x00000000ce400000|  0%| F|  |TAMS 0x00000000ce300000| PB 0x00000000ce300000| Untracked 
| 228|0x00000000ce400000, 0x00000000ce400000, 0x00000000ce500000|  0%| F|  |TAMS 0x00000000ce400000| PB 0x00000000ce400000| Untracked 
| 229|0x00000000ce500000, 0x00000000ce500000, 0x00000000ce600000|  0%| F|  |TAMS 0x00000000ce500000| PB 0x00000000ce500000| Untracked 
| 230|0x00000000ce600000, 0x00000000ce600000, 0x00000000ce700000|  0%| F|  |TAMS 0x00000000ce600000| PB 0x00000000ce600000| Untracked 
| 231|0x00000000ce700000, 0x00000000ce700000, 0x00000000ce800000|  0%| F|  |TAMS 0x00000000ce700000| PB 0x00000000ce700000| Untracked 
| 232|0x00000000ce800000, 0x00000000ce800000, 0x00000000ce900000|  0%| F|  |TAMS 0x00000000ce800000| PB 0x00000000ce800000| Untracked 
| 233|0x00000000ce900000, 0x00000000ce900000, 0x00000000cea00000|  0%| F|  |TAMS 0x00000000ce900000| PB 0x00000000ce900000| Untracked 
| 234|0x00000000cea00000, 0x00000000cea00000, 0x00000000ceb00000|  0%| F|  |TAMS 0x00000000cea00000| PB 0x00000000cea00000| Untracked 
| 235|0x00000000ceb00000, 0x00000000ceb00000, 0x00000000cec00000|  0%| F|  |TAMS 0x00000000ceb00000| PB 0x00000000ceb00000| Untracked 
| 236|0x00000000cec00000, 0x00000000cec00000, 0x00000000ced00000|  0%| F|  |TAMS 0x00000000cec00000| PB 0x00000000cec00000| Untracked 
| 237|0x00000000ced00000, 0x00000000ced00000, 0x00000000cee00000|  0%| F|  |TAMS 0x00000000ced00000| PB 0x00000000ced00000| Untracked 
| 238|0x00000000cee00000, 0x00000000cee00000, 0x00000000cef00000|  0%| F|  |TAMS 0x00000000cee00000| PB 0x00000000cee00000| Untracked 
| 239|0x00000000cef00000, 0x00000000cef00000, 0x00000000cf000000|  0%| F|  |TAMS 0x00000000cef00000| PB 0x00000000cef00000| Untracked 
| 240|0x00000000cf000000, 0x00000000cf000000, 0x00000000cf100000|  0%| F|  |TAMS 0x00000000cf000000| PB 0x00000000cf000000| Untracked 
| 241|0x00000000cf100000, 0x00000000cf100000, 0x00000000cf200000|  0%| F|  |TAMS 0x00000000cf100000| PB 0x00000000cf100000| Untracked 
| 242|0x00000000cf200000, 0x00000000cf200000, 0x00000000cf300000|  0%| F|  |TAMS 0x00000000cf200000| PB 0x00000000cf200000| Untracked 
| 243|0x00000000cf300000, 0x00000000cf300000, 0x00000000cf400000|  0%| F|  |TAMS 0x00000000cf300000| PB 0x00000000cf300000| Untracked 
| 244|0x00000000cf400000, 0x00000000cf400000, 0x00000000cf500000|  0%| F|  |TAMS 0x00000000cf400000| PB 0x00000000cf400000| Untracked 
| 245|0x00000000cf500000, 0x00000000cf500000, 0x00000000cf600000|  0%| F|  |TAMS 0x00000000cf500000| PB 0x00000000cf500000| Untracked 
| 246|0x00000000cf600000, 0x00000000cf600000, 0x00000000cf700000|  0%| F|  |TAMS 0x00000000cf600000| PB 0x00000000cf600000| Untracked 
| 247|0x00000000cf700000, 0x00000000cf700000, 0x00000000cf800000|  0%| F|  |TAMS 0x00000000cf700000| PB 0x00000000cf700000| Untracked 
| 248|0x00000000cf800000, 0x00000000cf800000, 0x00000000cf900000|  0%| F|  |TAMS 0x00000000cf800000| PB 0x00000000cf800000| Untracked 
| 249|0x00000000cf900000, 0x00000000cf900000, 0x00000000cfa00000|  0%| F|  |TAMS 0x00000000cf900000| PB 0x00000000cf900000| Untracked 
| 250|0x00000000cfa00000, 0x00000000cfa00000, 0x00000000cfb00000|  0%| F|  |TAMS 0x00000000cfa00000| PB 0x00000000cfa00000| Untracked 
| 251|0x00000000cfb00000, 0x00000000cfb00000, 0x00000000cfc00000|  0%| F|  |TAMS 0x00000000cfb00000| PB 0x00000000cfb00000| Untracked 
| 252|0x00000000cfc00000, 0x00000000cfc00000, 0x00000000cfd00000|  0%| F|  |TAMS 0x00000000cfc00000| PB 0x00000000cfc00000| Untracked 
| 253|0x00000000cfd00000, 0x00000000cfd00000, 0x00000000cfe00000|  0%| F|  |TAMS 0x00000000cfd00000| PB 0x00000000cfd00000| Untracked 
| 254|0x00000000cfe00000, 0x00000000cfe00000, 0x00000000cff00000|  0%| F|  |TAMS 0x00000000cfe00000| PB 0x00000000cfe00000| Untracked 
| 255|0x00000000cff00000, 0x00000000cff00000, 0x00000000d0000000|  0%| F|  |TAMS 0x00000000cff00000| PB 0x00000000cff00000| Untracked 
| 256|0x00000000d0000000, 0x00000000d0000000, 0x00000000d0100000|  0%| F|  |TAMS 0x00000000d0000000| PB 0x00000000d0000000| Untracked 
| 257|0x00000000d0100000, 0x00000000d0100000, 0x00000000d0200000|  0%| F|  |TAMS 0x00000000d0100000| PB 0x00000000d0100000| Untracked 
| 258|0x00000000d0200000, 0x00000000d0200000, 0x00000000d0300000|  0%| F|  |TAMS 0x00000000d0200000| PB 0x00000000d0200000| Untracked 
| 259|0x00000000d0300000, 0x00000000d0300000, 0x00000000d0400000|  0%| F|  |TAMS 0x00000000d0300000| PB 0x00000000d0300000| Untracked 
| 260|0x00000000d0400000, 0x00000000d0400000, 0x00000000d0500000|  0%| F|  |TAMS 0x00000000d0400000| PB 0x00000000d0400000| Untracked 
| 261|0x00000000d0500000, 0x00000000d0500000, 0x00000000d0600000|  0%| F|  |TAMS 0x00000000d0500000| PB 0x00000000d0500000| Untracked 
| 262|0x00000000d0600000, 0x00000000d0600000, 0x00000000d0700000|  0%| F|  |TAMS 0x00000000d0600000| PB 0x00000000d0600000| Untracked 
| 263|0x00000000d0700000, 0x00000000d0700000, 0x00000000d0800000|  0%| F|  |TAMS 0x00000000d0700000| PB 0x00000000d0700000| Untracked 
| 264|0x00000000d0800000, 0x00000000d0800000, 0x00000000d0900000|  0%| F|  |TAMS 0x00000000d0800000| PB 0x00000000d0800000| Untracked 
| 265|0x00000000d0900000, 0x00000000d094e4c0, 0x00000000d0a00000| 30%| E|  |TAMS 0x00000000d0900000| PB 0x00000000d0900000| Complete 
| 266|0x00000000d0a00000, 0x00000000d0b00000, 0x00000000d0b00000|100%| E|CS|TAMS 0x00000000d0a00000| PB 0x00000000d0a00000| Complete 
| 267|0x00000000d0b00000, 0x00000000d0c00000, 0x00000000d0c00000|100%| E|CS|TAMS 0x00000000d0b00000| PB 0x00000000d0b00000| Complete 
| 268|0x00000000d0c00000, 0x00000000d0d00000, 0x00000000d0d00000|100%| E|CS|TAMS 0x00000000d0c00000| PB 0x00000000d0c00000| Complete 
| 269|0x00000000d0d00000, 0x00000000d0e00000, 0x00000000d0e00000|100%| E|CS|TAMS 0x00000000d0d00000| PB 0x00000000d0d00000| Complete 
| 270|0x00000000d0e00000, 0x00000000d0f00000, 0x00000000d0f00000|100%| E|CS|TAMS 0x00000000d0e00000| PB 0x00000000d0e00000| Complete 
| 271|0x00000000d0f00000, 0x00000000d1000000, 0x00000000d1000000|100%| E|CS|TAMS 0x00000000d0f00000| PB 0x00000000d0f00000| Complete 
| 272|0x00000000d1000000, 0x00000000d1100000, 0x00000000d1100000|100%| E|CS|TAMS 0x00000000d1000000| PB 0x00000000d1000000| Complete 
| 273|0x00000000d1100000, 0x00000000d1200000, 0x00000000d1200000|100%| E|CS|TAMS 0x00000000d1100000| PB 0x00000000d1100000| Complete 
| 274|0x00000000d1200000, 0x00000000d1300000, 0x00000000d1300000|100%| E|CS|TAMS 0x00000000d1200000| PB 0x00000000d1200000| Complete 
| 275|0x00000000d1300000, 0x00000000d1400000, 0x00000000d1400000|100%| E|CS|TAMS 0x00000000d1300000| PB 0x00000000d1300000| Complete 
| 276|0x00000000d1400000, 0x00000000d1500000, 0x00000000d1500000|100%| E|CS|TAMS 0x00000000d1400000| PB 0x00000000d1400000| Complete 
| 277|0x00000000d1500000, 0x00000000d1600000, 0x00000000d1600000|100%| E|CS|TAMS 0x00000000d1500000| PB 0x00000000d1500000| Complete 
| 278|0x00000000d1600000, 0x00000000d1700000, 0x00000000d1700000|100%| E|CS|TAMS 0x00000000d1600000| PB 0x00000000d1600000| Complete 
| 279|0x00000000d1700000, 0x00000000d1800000, 0x00000000d1800000|100%| E|CS|TAMS 0x00000000d1700000| PB 0x00000000d1700000| Complete 
| 280|0x00000000d1800000, 0x00000000d1900000, 0x00000000d1900000|100%| E|CS|TAMS 0x00000000d1800000| PB 0x00000000d1800000| Complete 
| 281|0x00000000d1900000, 0x00000000d1a00000, 0x00000000d1a00000|100%| E|CS|TAMS 0x00000000d1900000| PB 0x00000000d1900000| Complete 
| 282|0x00000000d1a00000, 0x00000000d1b00000, 0x00000000d1b00000|100%| E|CS|TAMS 0x00000000d1a00000| PB 0x00000000d1a00000| Complete 
| 283|0x00000000d1b00000, 0x00000000d1c00000, 0x00000000d1c00000|100%| E|CS|TAMS 0x00000000d1b00000| PB 0x00000000d1b00000| Complete 
| 284|0x00000000d1c00000, 0x00000000d1d00000, 0x00000000d1d00000|100%| E|CS|TAMS 0x00000000d1c00000| PB 0x00000000d1c00000| Complete 
| 285|0x00000000d1d00000, 0x00000000d1e00000, 0x00000000d1e00000|100%| E|CS|TAMS 0x00000000d1d00000| PB 0x00000000d1d00000| Complete 
| 286|0x00000000d1e00000, 0x00000000d1f00000, 0x00000000d1f00000|100%| E|CS|TAMS 0x00000000d1e00000| PB 0x00000000d1e00000| Complete 
| 287|0x00000000d1f00000, 0x00000000d2000000, 0x00000000d2000000|100%| E|CS|TAMS 0x00000000d1f00000| PB 0x00000000d1f00000| Complete 
| 288|0x00000000d2000000, 0x00000000d2100000, 0x00000000d2100000|100%| E|CS|TAMS 0x00000000d2000000| PB 0x00000000d2000000| Complete 
| 289|0x00000000d2100000, 0x00000000d2200000, 0x00000000d2200000|100%| E|CS|TAMS 0x00000000d2100000| PB 0x00000000d2100000| Complete 
| 290|0x00000000d2200000, 0x00000000d2300000, 0x00000000d2300000|100%| E|CS|TAMS 0x00000000d2200000| PB 0x00000000d2200000| Complete 
| 291|0x00000000d2300000, 0x00000000d2400000, 0x00000000d2400000|100%| E|CS|TAMS 0x00000000d2300000| PB 0x00000000d2300000| Complete 
| 292|0x00000000d2400000, 0x00000000d2500000, 0x00000000d2500000|100%| E|CS|TAMS 0x00000000d2400000| PB 0x00000000d2400000| Complete 
| 293|0x00000000d2500000, 0x00000000d2600000, 0x00000000d2600000|100%| E|CS|TAMS 0x00000000d2500000| PB 0x00000000d2500000| Complete 
| 294|0x00000000d2600000, 0x00000000d2700000, 0x00000000d2700000|100%| E|CS|TAMS 0x00000000d2600000| PB 0x00000000d2600000| Complete 
| 295|0x00000000d2700000, 0x00000000d2800000, 0x00000000d2800000|100%| E|CS|TAMS 0x00000000d2700000| PB 0x00000000d2700000| Complete 
| 296|0x00000000d2800000, 0x00000000d2900000, 0x00000000d2900000|100%| E|CS|TAMS 0x00000000d2800000| PB 0x00000000d2800000| Complete 
| 297|0x00000000d2900000, 0x00000000d2a00000, 0x00000000d2a00000|100%| E|CS|TAMS 0x00000000d2900000| PB 0x00000000d2900000| Complete 
| 298|0x00000000d2a00000, 0x00000000d2b00000, 0x00000000d2b00000|100%| E|CS|TAMS 0x00000000d2a00000| PB 0x00000000d2a00000| Complete 
| 299|0x00000000d2b00000, 0x00000000d2c00000, 0x00000000d2c00000|100%| E|CS|TAMS 0x00000000d2b00000| PB 0x00000000d2b00000| Complete 
| 300|0x00000000d2c00000, 0x00000000d2d00000, 0x00000000d2d00000|100%| E|CS|TAMS 0x00000000d2c00000| PB 0x00000000d2c00000| Complete 
| 301|0x00000000d2d00000, 0x00000000d2e00000, 0x00000000d2e00000|100%| E|CS|TAMS 0x00000000d2d00000| PB 0x00000000d2d00000| Complete 
| 302|0x00000000d2e00000, 0x00000000d2f00000, 0x00000000d2f00000|100%| E|CS|TAMS 0x00000000d2e00000| PB 0x00000000d2e00000| Complete 
| 303|0x00000000d2f00000, 0x00000000d3000000, 0x00000000d3000000|100%| E|CS|TAMS 0x00000000d2f00000| PB 0x00000000d2f00000| Complete 
| 304|0x00000000d3000000, 0x00000000d3100000, 0x00000000d3100000|100%| E|CS|TAMS 0x00000000d3000000| PB 0x00000000d3000000| Complete 
| 305|0x00000000d3100000, 0x00000000d3200000, 0x00000000d3200000|100%| E|CS|TAMS 0x00000000d3100000| PB 0x00000000d3100000| Complete 
| 306|0x00000000d3200000, 0x00000000d3300000, 0x00000000d3300000|100%| E|CS|TAMS 0x00000000d3200000| PB 0x00000000d3200000| Complete 
| 307|0x00000000d3300000, 0x00000000d3400000, 0x00000000d3400000|100%| E|CS|TAMS 0x00000000d3300000| PB 0x00000000d3300000| Complete 
| 308|0x00000000d3400000, 0x00000000d3500000, 0x00000000d3500000|100%| E|CS|TAMS 0x00000000d3400000| PB 0x00000000d3400000| Complete 
| 309|0x00000000d3500000, 0x00000000d3600000, 0x00000000d3600000|100%| E|CS|TAMS 0x00000000d3500000| PB 0x00000000d3500000| Complete 
| 310|0x00000000d3600000, 0x00000000d3700000, 0x00000000d3700000|100%| E|CS|TAMS 0x00000000d3600000| PB 0x00000000d3600000| Complete 
| 311|0x00000000d3700000, 0x00000000d3800000, 0x00000000d3800000|100%| E|CS|TAMS 0x00000000d3700000| PB 0x00000000d3700000| Complete 
| 312|0x00000000d3800000, 0x00000000d3900000, 0x00000000d3900000|100%| E|CS|TAMS 0x00000000d3800000| PB 0x00000000d3800000| Complete 
| 313|0x00000000d3900000, 0x00000000d3a00000, 0x00000000d3a00000|100%| E|CS|TAMS 0x00000000d3900000| PB 0x00000000d3900000| Complete 
| 314|0x00000000d3a00000, 0x00000000d3b00000, 0x00000000d3b00000|100%| E|CS|TAMS 0x00000000d3a00000| PB 0x00000000d3a00000| Complete 
| 315|0x00000000d3b00000, 0x00000000d3c00000, 0x00000000d3c00000|100%| E|CS|TAMS 0x00000000d3b00000| PB 0x00000000d3b00000| Complete 
| 316|0x00000000d3c00000, 0x00000000d3d00000, 0x00000000d3d00000|100%| E|CS|TAMS 0x00000000d3c00000| PB 0x00000000d3c00000| Complete 
| 317|0x00000000d3d00000, 0x00000000d3e00000, 0x00000000d3e00000|100%| E|CS|TAMS 0x00000000d3d00000| PB 0x00000000d3d00000| Complete 
| 318|0x00000000d3e00000, 0x00000000d3f00000, 0x00000000d3f00000|100%| E|CS|TAMS 0x00000000d3e00000| PB 0x00000000d3e00000| Complete 
| 319|0x00000000d3f00000, 0x00000000d4000000, 0x00000000d4000000|100%| E|CS|TAMS 0x00000000d3f00000| PB 0x00000000d3f00000| Complete 
| 320|0x00000000d4000000, 0x00000000d4100000, 0x00000000d4100000|100%| E|CS|TAMS 0x00000000d4000000| PB 0x00000000d4000000| Complete 
| 321|0x00000000d4100000, 0x00000000d4200000, 0x00000000d4200000|100%| E|CS|TAMS 0x00000000d4100000| PB 0x00000000d4100000| Complete 
| 322|0x00000000d4200000, 0x00000000d4300000, 0x00000000d4300000|100%| E|CS|TAMS 0x00000000d4200000| PB 0x00000000d4200000| Complete 
| 323|0x00000000d4300000, 0x00000000d4400000, 0x00000000d4400000|100%| E|CS|TAMS 0x00000000d4300000| PB 0x00000000d4300000| Complete 
| 324|0x00000000d4400000, 0x00000000d4500000, 0x00000000d4500000|100%| E|CS|TAMS 0x00000000d4400000| PB 0x00000000d4400000| Complete 
| 325|0x00000000d4500000, 0x00000000d4600000, 0x00000000d4600000|100%| E|CS|TAMS 0x00000000d4500000| PB 0x00000000d4500000| Complete 
| 326|0x00000000d4600000, 0x00000000d4700000, 0x00000000d4700000|100%| E|CS|TAMS 0x00000000d4600000| PB 0x00000000d4600000| Complete 
| 327|0x00000000d4700000, 0x00000000d4800000, 0x00000000d4800000|100%| E|CS|TAMS 0x00000000d4700000| PB 0x00000000d4700000| Complete 
| 328|0x00000000d4800000, 0x00000000d4900000, 0x00000000d4900000|100%| E|  |TAMS 0x00000000d4800000| PB 0x00000000d4800000| Complete 
| 329|0x00000000d4900000, 0x00000000d4a00000, 0x00000000d4a00000|100%| E|CS|TAMS 0x00000000d4900000| PB 0x00000000d4900000| Complete 
| 330|0x00000000d4a00000, 0x00000000d4b00000, 0x00000000d4b00000|100%| E|CS|TAMS 0x00000000d4a00000| PB 0x00000000d4a00000| Complete 
| 331|0x00000000d4b00000, 0x00000000d4c00000, 0x00000000d4c00000|100%| E|CS|TAMS 0x00000000d4b00000| PB 0x00000000d4b00000| Complete 
| 332|0x00000000d4c00000, 0x00000000d4d00000, 0x00000000d4d00000|100%| E|CS|TAMS 0x00000000d4c00000| PB 0x00000000d4c00000| Complete 
| 333|0x00000000d4d00000, 0x00000000d4e00000, 0x00000000d4e00000|100%| E|CS|TAMS 0x00000000d4d00000| PB 0x00000000d4d00000| Complete 
| 334|0x00000000d4e00000, 0x00000000d4f00000, 0x00000000d4f00000|100%| E|CS|TAMS 0x00000000d4e00000| PB 0x00000000d4e00000| Complete 
| 335|0x00000000d4f00000, 0x00000000d5000000, 0x00000000d5000000|100%| E|CS|TAMS 0x00000000d4f00000| PB 0x00000000d4f00000| Complete 
| 336|0x00000000d5000000, 0x00000000d5100000, 0x00000000d5100000|100%| E|CS|TAMS 0x00000000d5000000| PB 0x00000000d5000000| Complete 
| 337|0x00000000d5100000, 0x00000000d5200000, 0x00000000d5200000|100%| E|CS|TAMS 0x00000000d5100000| PB 0x00000000d5100000| Complete 
| 338|0x00000000d5200000, 0x00000000d5300000, 0x00000000d5300000|100%| E|CS|TAMS 0x00000000d5200000| PB 0x00000000d5200000| Complete 
| 339|0x00000000d5300000, 0x00000000d5400000, 0x00000000d5400000|100%| E|CS|TAMS 0x00000000d5300000| PB 0x00000000d5300000| Complete 
| 340|0x00000000d5400000, 0x00000000d5500000, 0x00000000d5500000|100%| E|CS|TAMS 0x00000000d5400000| PB 0x00000000d5400000| Complete 
| 341|0x00000000d5500000, 0x00000000d5600000, 0x00000000d5600000|100%| E|CS|TAMS 0x00000000d5500000| PB 0x00000000d5500000| Complete 
| 342|0x00000000d5600000, 0x00000000d5700000, 0x00000000d5700000|100%| E|CS|TAMS 0x00000000d5600000| PB 0x00000000d5600000| Complete 
| 343|0x00000000d5700000, 0x00000000d5800000, 0x00000000d5800000|100%| E|CS|TAMS 0x00000000d5700000| PB 0x00000000d5700000| Complete 
| 381|0x00000000d7d00000, 0x00000000d7e00000, 0x00000000d7e00000|100%| E|CS|TAMS 0x00000000d7d00000| PB 0x00000000d7d00000| Complete 
| 985|0x00000000fd900000, 0x00000000fda00000, 0x00000000fda00000|100%| O|  |TAMS 0x00000000fd900000| PB 0x00000000fd900000| Untracked 
| 986|0x00000000fda00000, 0x00000000fdb00000, 0x00000000fdb00000|100%| E|CS|TAMS 0x00000000fda00000| PB 0x00000000fda00000| Complete 
| 987|0x00000000fdb00000, 0x00000000fdc00000, 0x00000000fdc00000|100%| E|CS|TAMS 0x00000000fdb00000| PB 0x00000000fdb00000| Complete 
| 988|0x00000000fdc00000, 0x00000000fdd00000, 0x00000000fdd00000|100%| O|  |TAMS 0x00000000fdc00000| PB 0x00000000fdc00000| Untracked 
| 989|0x00000000fdd00000, 0x00000000fde00000, 0x00000000fde00000|100%| O|  |TAMS 0x00000000fdd00000| PB 0x00000000fdd00000| Untracked 
| 990|0x00000000fde00000, 0x00000000fdf00000, 0x00000000fdf00000|100%| O|  |TAMS 0x00000000fde00000| PB 0x00000000fde00000| Untracked 
| 991|0x00000000fdf00000, 0x00000000fe000000, 0x00000000fe000000|100%| O|  |TAMS 0x00000000fdf00000| PB 0x00000000fdf00000| Untracked 
| 992|0x00000000fe000000, 0x00000000fe100000, 0x00000000fe100000|100%| O|  |TAMS 0x00000000fe000000| PB 0x00000000fe000000| Untracked 
| 993|0x00000000fe100000, 0x00000000fe200000, 0x00000000fe200000|100%| O|  |TAMS 0x00000000fe100000| PB 0x00000000fe100000| Untracked 
| 994|0x00000000fe200000, 0x00000000fe300000, 0x00000000fe300000|100%| O|  |TAMS 0x00000000fe200000| PB 0x00000000fe200000| Untracked 
| 995|0x00000000fe300000, 0x00000000fe400000, 0x00000000fe400000|100%| O|  |TAMS 0x00000000fe300000| PB 0x00000000fe300000| Untracked 
| 996|0x00000000fe400000, 0x00000000fe500000, 0x00000000fe500000|100%| E|CS|TAMS 0x00000000fe400000| PB 0x00000000fe400000| Complete 
| 997|0x00000000fe500000, 0x00000000fe600000, 0x00000000fe600000|100%| E|CS|TAMS 0x00000000fe500000| PB 0x00000000fe500000| Complete 
| 998|0x00000000fe600000, 0x00000000fe700000, 0x00000000fe700000|100%| O|Cm|TAMS 0x00000000fe600000| PB 0x00000000fe600000| Complete 
| 999|0x00000000fe700000, 0x00000000fe800000, 0x00000000fe800000|100%| E|CS|TAMS 0x00000000fe700000| PB 0x00000000fe700000| Complete 
|1000|0x00000000fe800000, 0x00000000fe900000, 0x00000000fe900000|100%| O|  |TAMS 0x00000000fe800000| PB 0x00000000fe800000| Untracked 
|1001|0x00000000fe900000, 0x00000000fea00000, 0x00000000fea00000|100%| O|  |TAMS 0x00000000fe900000| PB 0x00000000fe900000| Untracked 
|1002|0x00000000fea00000, 0x00000000feb00000, 0x00000000feb00000|100%| O|  |TAMS 0x00000000fea00000| PB 0x00000000fea00000| Untracked 
|1003|0x00000000feb00000, 0x00000000fec00000, 0x00000000fec00000|100%| O|  |TAMS 0x00000000feb00000| PB 0x00000000feb00000| Untracked 
|1004|0x00000000fec00000, 0x00000000fed00000, 0x00000000fed00000|100%| E|CS|TAMS 0x00000000fec00000| PB 0x00000000fec00000| Complete 
|1005|0x00000000fed00000, 0x00000000fee00000, 0x00000000fee00000|100%| E|CS|TAMS 0x00000000fed00000| PB 0x00000000fed00000| Complete 
|1006|0x00000000fee00000, 0x00000000fef00000, 0x00000000fef00000|100%| O|  |TAMS 0x00000000fee00000| PB 0x00000000fee00000| Untracked 
|1007|0x00000000fef00000, 0x00000000ff000000, 0x00000000ff000000|100%| O|  |TAMS 0x00000000fef00000| PB 0x00000000fef00000| Untracked 
|1008|0x00000000ff000000, 0x00000000ff100000, 0x00000000ff100000|100%| O|  |TAMS 0x00000000ff000000| PB 0x00000000ff000000| Untracked 
|1009|0x00000000ff100000, 0x00000000ff200000, 0x00000000ff200000|100%| E|CS|TAMS 0x00000000ff100000| PB 0x00000000ff100000| Complete 
|1010|0x00000000ff200000, 0x00000000ff300000, 0x00000000ff300000|100%| O|  |TAMS 0x00000000ff200000| PB 0x00000000ff200000| Untracked 
|1011|0x00000000ff300000, 0x00000000ff400000, 0x00000000ff400000|100%| O|  |TAMS 0x00000000ff300000| PB 0x00000000ff300000| Untracked 
|1012|0x00000000ff400000, 0x00000000ff500000, 0x00000000ff500000|100%| E|CS|TAMS 0x00000000ff400000| PB 0x00000000ff400000| Complete 
|1013|0x00000000ff500000, 0x00000000ff600000, 0x00000000ff600000|100%| O|  |TAMS 0x00000000ff500000| PB 0x00000000ff500000| Untracked 
|1014|0x00000000ff600000, 0x00000000ff700000, 0x00000000ff700000|100%| O|  |TAMS 0x00000000ff600000| PB 0x00000000ff600000| Untracked 
|1015|0x00000000ff700000, 0x00000000ff800000, 0x00000000ff800000|100%| O|  |TAMS 0x00000000ff700000| PB 0x00000000ff700000| Untracked 
|1016|0x00000000ff800000, 0x00000000ff900000, 0x00000000ff900000|100%| O|  |TAMS 0x00000000ff800000| PB 0x00000000ff800000| Untracked 
|1017|0x00000000ff900000, 0x00000000ffa00000, 0x00000000ffa00000|100%| O|  |TAMS 0x00000000ff900000| PB 0x00000000ff900000| Untracked 
|1018|0x00000000ffa00000, 0x00000000ffb00000, 0x00000000ffb00000|100%| O|  |TAMS 0x00000000ffa00000| PB 0x00000000ffa00000| Untracked 
|1019|0x00000000ffb00000, 0x00000000ffc00000, 0x00000000ffc00000|100%| O|  |TAMS 0x00000000ffb00000| PB 0x00000000ffb00000| Untracked 
|1020|0x00000000ffc00000, 0x00000000ffd00000, 0x00000000ffd00000|100%| E|CS|TAMS 0x00000000ffc00000| PB 0x00000000ffc00000| Complete 
|1021|0x00000000ffd00000, 0x00000000ffe00000, 0x00000000ffe00000|100%| O|  |TAMS 0x00000000ffd00000| PB 0x00000000ffd00000| Untracked 
|1022|0x00000000ffe00000, 0x00000000fff00000, 0x00000000fff00000|100%| O|  |TAMS 0x00000000ffe00000| PB 0x00000000ffe00000| Untracked 
|1023|0x00000000fff00000, 0x0000000100000000, 0x0000000100000000|100%| O|  |TAMS 0x00000000fff00000| PB 0x00000000fff00000| Untracked 

Card table byte_map: [0x0000015362ba0000,0x0000015362da0000] _byte_map_base: 0x00000153625a0000

Marking Bits: (CMBitMap*) 0x000001534af739d0
 Bits: [0x0000015362da0000, 0x0000015363da0000)

Polling page: 0x0000015348d20000

Metaspace:

Usage:
  Non-class:    173.40 MB used.
      Class:     25.39 MB used.
       Both:    198.79 MB used.

Virtual space:
  Non-class space:      192.00 MB reserved,     174.88 MB ( 91%) committed,  3 nodes.
      Class space:      416.00 MB reserved,      26.88 MB (  6%) committed,  1 nodes.
             Both:      608.00 MB reserved,     201.75 MB ( 33%) committed. 

Chunk freelists:
   Non-Class:  688.00 KB
       Class:  5.18 MB
        Both:  5.86 MB

MaxMetaspaceSize: 512.00 MB
CompressedClassSpaceSize: 416.00 MB
Initial GC threshold: 21.00 MB
Current GC threshold: 331.69 MB
CDS: on
 - commit_granule_bytes: 65536.
 - commit_granule_words: 8192.
 - virtual_space_node_default_size: 8388608.
 - enlarge_chunks_in_place: 1.
 - use_allocation_guard: 0.


Internal statistics:

num_allocs_failed_limit: 3.
num_arena_births: 5524.
num_arena_deaths: 4.
num_vsnodes_births: 4.
num_vsnodes_deaths: 0.
num_space_committed: 3225.
num_space_uncommitted: 0.
num_chunks_returned_to_freelist: 13.
num_chunks_taken_from_freelist: 14000.
num_chunk_merges: 4.
num_chunk_splits: 9749.
num_chunks_enlarged: 6746.
num_inconsistent_stats: 0.

CodeHeap 'non-profiled nmethods': size=120000Kb used=16474Kb max_used=16474Kb free=103525Kb
 bounds [0x000001535b140000, 0x000001535c160000, 0x0000015362670000]
CodeHeap 'profiled nmethods': size=120000Kb used=49579Kb max_used=49579Kb free=70420Kb
 bounds [0x0000015353670000, 0x00000153566e0000, 0x000001535aba0000]
CodeHeap 'non-nmethods': size=5760Kb used=3130Kb max_used=3220Kb free=2629Kb
 bounds [0x000001535aba0000, 0x000001535aee0000, 0x000001535b140000]
CodeCache: size=245760Kb, used=69183Kb, max_used=69273Kb, free=176574Kb
 total_blobs=23571, nmethods=22252, adapters=1220, full_count=0
Compilation: enabled, stopped_count=0, restarted_count=0

Compilation events (20 events):
Event: 237.808 Thread 0x00000153668bb760 28879       3       org.antlr.v4.runtime.CharStreams::fromString (41 bytes)
Event: 237.809 Thread 0x00000153668bb760 nmethod 28879 0x00000153566d5610 code [0x00000153566d58e0, 0x00000153566d6570]
Event: 237.809 Thread 0x00000153668bb760 28885       3       org.tomlj.MutableTomlTable::getElement (120 bytes)
Event: 237.809 Thread 0x00000153668bb760 nmethod 28885 0x00000153566d6a90 code [0x00000153566d6ce0, 0x00000153566d7790]
Event: 237.810 Thread 0x00000153668bb760 28882   !   3       org.tomlj.internal.TomlParser::tomlKey (105 bytes)
Event: 237.810 Thread 0x00000153668bb760 nmethod 28882 0x00000153566d7a10 code [0x00000153566d7c80, 0x00000153566d8750]
Event: 237.810 Thread 0x00000153668bb760 28880       3       java.nio.CharBuffer::put (11 bytes)
Event: 237.810 Thread 0x00000153668bb760 nmethod 28880 0x00000153566d8b90 code [0x00000153566d8d60, 0x00000153566d9040]
Event: 237.810 Thread 0x00000153668bb760 28881       3       java.nio.HeapCharBuffer::put (93 bytes)
Event: 237.811 Thread 0x00000153668bb760 nmethod 28881 0x00000153566d9190 code [0x00000153566d9400, 0x00000153566d9e00]
Event: 237.811 Thread 0x00000153668bb760 28888       3       java.util.regex.Pattern$GroupCurly::match (252 bytes)
Event: 237.812 Thread 0x00000153668bb760 nmethod 28888 0x00000153566da290 code [0x00000153566da4c0, 0x00000153566dac38]
Event: 237.812 Thread 0x00000153668bb760 28883       3       org.tomlj.internal.TomlParser$TomlKeyContext::<init> (7 bytes)
Event: 237.812 Thread 0x00000153668bb760 nmethod 28883 0x00000153566daf90 code [0x00000153566db140, 0x00000153566db3c8]
Event: 237.812 Thread 0x00000153668bb760 28884       3       org.tomlj.MutableTomlTable::get (30 bytes)
Event: 237.812 Thread 0x00000153668bb760 nmethod 28884 0x00000153566db510 code [0x00000153566db6e0, 0x00000153566db9d8]
Event: 237.812 Thread 0x00000153668bb760 28886       1       com.google.common.collect.MapMakerInternalMap$StrongKeyDummyValueEntry$LinkedStrongKeyDummyValueEntry::getNext (5 bytes)
Event: 237.812 Thread 0x00000153668bb760 nmethod 28886 0x000001535c156290 code [0x000001535c156420, 0x000001535c1564e8]
Event: 237.813 Thread 0x00000153668bb760 28889       1       org.gradle.api.internal.catalog.VersionModel::getVersion (5 bytes)
Event: 237.813 Thread 0x00000153668bb760 nmethod 28889 0x000001535c156590 code [0x000001535c156720, 0x000001535c1567e8]

GC Heap History (20 events):
Event: 29.768 GC heap before
{Heap before GC invocations=71 (full 0):
 garbage-first heap   total 352256K, used 251608K [0x00000000c0000000, 0x0000000100000000)
  region size 1024K, 54 young (55296K), 9 survivors (9216K)
 Metaspace       used 171925K, committed 174656K, reserved 622592K
  class space    used 22221K, committed 23552K, reserved 425984K
}
Event: 29.774 GC heap after
{Heap after GC invocations=72 (full 0):
 garbage-first heap   total 352256K, used 209736K [0x00000000c0000000, 0x0000000100000000)
  region size 1024K, 11 young (11264K), 11 survivors (11264K)
 Metaspace       used 171925K, committed 174656K, reserved 622592K
  class space    used 22221K, committed 23552K, reserved 425984K
}
Event: 30.953 GC heap before
{Heap before GC invocations=73 (full 0):
 garbage-first heap   total 363520K, used 332616K [0x00000000c0000000, 0x0000000100000000)
  region size 1024K, 122 young (124928K), 11 survivors (11264K)
 Metaspace       used 181757K, committed 184576K, reserved 622592K
  class space    used 23461K, committed 24832K, reserved 425984K
}
Event: 30.964 GC heap after
{Heap after GC invocations=74 (full 0):
 garbage-first heap   total 363520K, used 215108K [0x00000000c0000000, 0x0000000100000000)
  region size 1024K, 13 young (13312K), 13 survivors (13312K)
 Metaspace       used 181757K, committed 184576K, reserved 622592K
  class space    used 23461K, committed 24832K, reserved 425984K
}
Event: 31.594 GC heap before
{Heap before GC invocations=74 (full 0):
 garbage-first heap   total 363520K, used 336964K [0x00000000c0000000, 0x0000000100000000)
  region size 1024K, 130 young (133120K), 13 survivors (13312K)
 Metaspace       used 186414K, committed 189248K, reserved 622592K
  class space    used 24145K, committed 25536K, reserved 425984K
}
Event: 31.609 GC heap after
{Heap after GC invocations=75 (full 0):
 garbage-first heap   total 363520K, used 217082K [0x00000000c0000000, 0x0000000100000000)
  region size 1024K, 9 young (9216K), 9 survivors (9216K)
 Metaspace       used 186414K, committed 189248K, reserved 622592K
  class space    used 24145K, committed 25536K, reserved 425984K
}
Event: 31.919 GC heap before
{Heap before GC invocations=75 (full 0):
 garbage-first heap   total 363520K, used 296954K [0x00000000c0000000, 0x0000000100000000)
  region size 1024K, 88 young (90112K), 9 survivors (9216K)
 Metaspace       used 186482K, committed 189312K, reserved 622592K
  class space    used 24151K, committed 25536K, reserved 425984K
}
Event: 31.924 GC heap after
{Heap after GC invocations=76 (full 0):
 garbage-first heap   total 363520K, used 213882K [0x00000000c0000000, 0x0000000100000000)
  region size 1024K, 8 young (8192K), 8 survivors (8192K)
 Metaspace       used 186482K, committed 189312K, reserved 622592K
  class space    used 24151K, committed 25536K, reserved 425984K
}
Event: 32.632 GC heap before
{Heap before GC invocations=77 (full 0):
 garbage-first heap   total 363520K, used 344954K [0x00000000c0000000, 0x0000000100000000)
  region size 1024K, 134 young (137216K), 8 survivors (8192K)
 Metaspace       used 186875K, committed 189632K, reserved 622592K
  class space    used 24170K, committed 25536K, reserved 425984K
}
Event: 32.639 GC heap after
{Heap after GC invocations=78 (full 0):
 garbage-first heap   total 363520K, used 219130K [0x00000000c0000000, 0x0000000100000000)
  region size 1024K, 11 young (11264K), 11 survivors (11264K)
 Metaspace       used 186875K, committed 189632K, reserved 622592K
  class space    used 24170K, committed 25536K, reserved 425984K
}
Event: 33.134 GC heap before
{Heap before GC invocations=78 (full 0):
 garbage-first heap   total 363520K, used 344058K [0x00000000c0000000, 0x0000000100000000)
  region size 1024K, 133 young (136192K), 11 survivors (11264K)
 Metaspace       used 187157K, committed 189952K, reserved 622592K
  class space    used 24209K, committed 25600K, reserved 425984K
}
Event: 33.142 GC heap after
{Heap after GC invocations=79 (full 0):
 garbage-first heap   total 363520K, used 211799K [0x00000000c0000000, 0x0000000100000000)
  region size 1024K, 3 young (3072K), 3 survivors (3072K)
 Metaspace       used 187157K, committed 189952K, reserved 622592K
  class space    used 24209K, committed 25600K, reserved 425984K
}
Event: 33.338 GC heap before
{Heap before GC invocations=79 (full 0):
 garbage-first heap   total 363520K, used 231255K [0x00000000c0000000, 0x0000000100000000)
  region size 1024K, 24 young (24576K), 3 survivors (3072K)
 Metaspace       used 189142K, committed 192064K, reserved 622592K
  class space    used 24402K, committed 25856K, reserved 425984K
}
Event: 33.342 GC heap after
{Heap after GC invocations=80 (full 0):
 garbage-first heap   total 363520K, used 212857K [0x00000000c0000000, 0x0000000100000000)
  region size 1024K, 4 young (4096K), 4 survivors (4096K)
 Metaspace       used 189142K, committed 192064K, reserved 622592K
  class space    used 24402K, committed 25856K, reserved 425984K
}
Event: 35.190 GC heap before
{Heap before GC invocations=81 (full 0):
 garbage-first heap   total 365568K, used 344953K [0x00000000c0000000, 0x0000000100000000)
  region size 1024K, 129 young (132096K), 4 survivors (4096K)
 Metaspace       used 191246K, committed 194112K, reserved 622592K
  class space    used 24525K, committed 25984K, reserved 425984K
}
Event: 35.201 GC heap after
{Heap after GC invocations=82 (full 0):
 garbage-first heap   total 365568K, used 221413K [0x00000000c0000000, 0x0000000100000000)
  region size 1024K, 12 young (12288K), 12 survivors (12288K)
 Metaspace       used 191246K, committed 194112K, reserved 622592K
  class space    used 24525K, committed 25984K, reserved 425984K
}
Event: 36.876 GC heap before
{Heap before GC invocations=82 (full 0):
 garbage-first heap   total 365568K, used 345317K [0x00000000c0000000, 0x0000000100000000)
  region size 1024K, 133 young (136192K), 12 survivors (12288K)
 Metaspace       used 191863K, committed 194688K, reserved 622592K
  class space    used 24570K, committed 25984K, reserved 425984K
}
Event: 36.895 GC heap after
{Heap after GC invocations=83 (full 0):
 garbage-first heap   total 367616K, used 224081K [0x00000000c0000000, 0x0000000100000000)
  region size 1024K, 8 young (8192K), 8 survivors (8192K)
 Metaspace       used 191863K, committed 194688K, reserved 622592K
  class space    used 24570K, committed 25984K, reserved 425984K
}
Event: 38.352 GC heap before
{Heap before GC invocations=83 (full 0):
 garbage-first heap   total 367616K, used 346961K [0x00000000c0000000, 0x0000000100000000)
  region size 1024K, 128 young (131072K), 8 survivors (8192K)
 Metaspace       used 200827K, committed 203776K, reserved 622592K
  class space    used 25660K, committed 27136K, reserved 425984K
}
Event: 38.364 GC heap after
{Heap after GC invocations=84 (full 0):
 garbage-first heap   total 367616K, used 235520K [0x00000000c0000000, 0x0000000100000000)
  region size 1024K, 16 young (16384K), 16 survivors (16384K)
 Metaspace       used 200827K, committed 203776K, reserved 622592K
  class space    used 25660K, committed 27136K, reserved 425984K
}

Dll operation events (20 events):
Event: 0.403 Attempting to load shared library C:\Users\Admin\.jdks\ms-21.0.12\bin\nio.dll
Event: 0.403 Loaded shared library C:\Users\Admin\.jdks\ms-21.0.12\bin\nio.dll
Event: 0.407 Attempting to load shared library C:\Users\Admin\.jdks\ms-21.0.12\bin\zip.dll
Event: 0.407 Loaded shared library C:\Users\Admin\.jdks\ms-21.0.12\bin\zip.dll
Event: 0.702 Attempting to load shared library C:\Users\Admin\.jdks\ms-21.0.12\bin\jimage.dll
Event: 0.702 Loaded shared library C:\Users\Admin\.jdks\ms-21.0.12\bin\jimage.dll
Event: 0.777 Attempting to load shared library C:\Users\Admin\.jdks\ms-21.0.12\bin\verify.dll
Event: 0.778 Loaded shared library C:\Users\Admin\.jdks\ms-21.0.12\bin\verify.dll
Event: 1.275 Attempting to load shared library C:\Users\Admin\.gradle\native\c067742578af261105cb4f569cf0c3c89f3d7b1fecec35dd04571415982c5e48\windows-amd64\native-platform.dll
Event: 1.280 Loaded shared library C:\Users\Admin\.gradle\native\c067742578af261105cb4f569cf0c3c89f3d7b1fecec35dd04571415982c5e48\windows-amd64\native-platform.dll
Event: 1.291 Attempting to load shared library C:\Users\Admin\.gradle\native\38dada09dfb8b06ba9b0570ebf7e218e3eb74d4ef43ca46872605cf95ebc2f47\windows-amd64\native-platform-file-events.dll
Event: 1.293 Loaded shared library C:\Users\Admin\.gradle\native\38dada09dfb8b06ba9b0570ebf7e218e3eb74d4ef43ca46872605cf95ebc2f47\windows-amd64\native-platform-file-events.dll
Event: 2.498 Attempting to load shared library C:\Users\Admin\.jdks\ms-21.0.12\bin\management.dll
Event: 2.498 Loaded shared library C:\Users\Admin\.jdks\ms-21.0.12\bin\management.dll
Event: 2.500 Attempting to load shared library C:\Users\Admin\.jdks\ms-21.0.12\bin\management_ext.dll
Event: 2.500 Loaded shared library C:\Users\Admin\.jdks\ms-21.0.12\bin\management_ext.dll
Event: 2.677 Attempting to load shared library C:\Users\Admin\.jdks\ms-21.0.12\bin\extnet.dll
Event: 2.677 Loaded shared library C:\Users\Admin\.jdks\ms-21.0.12\bin\extnet.dll
Event: 2.802 Attempting to load shared library C:\Users\Admin\.jdks\ms-21.0.12\bin\sunmscapi.dll
Event: 2.804 Loaded shared library C:\Users\Admin\.jdks\ms-21.0.12\bin\sunmscapi.dll

Deoptimization events (20 events):
Event: 237.672 Thread 0x00000153706b07e0 Uncommon trap: trap_request=0xffffffbe fr.pc=0x000001535bd8b6e4 relative=0x0000000000001ea4
Event: 237.672 Thread 0x00000153706b07e0 Uncommon trap: reason=profile_predicate action=maybe_recompile pc=0x000001535bd8b6e4 method=com.google.common.collect.MapMakerInternalMap$Segment.expand()V @ 59 c2
Event: 237.672 Thread 0x00000153706b07e0 DEOPT PACKING pc=0x000001535bd8b6e4 sp=0x0000000d83df9550
Event: 237.672 Thread 0x00000153706b07e0 DEOPT UNPACKING pc=0x000001535abf4422 sp=0x0000000d83df9528 mode 2
Event: 237.673 Thread 0x00000153706b07e0 Uncommon trap: trap_request=0xffffffc6 fr.pc=0x000001535b1c3d74 relative=0x00000000000002d4
Event: 237.673 Thread 0x00000153706b07e0 Uncommon trap: reason=bimorphic_or_optimized_type_check action=maybe_recompile pc=0x000001535b1c3d74 method=com.google.common.collect.MapMakerInternalMap$Segment.copyEntry(Lcom/google/common/collect/MapMakerInternalMap$InternalEntry;Lcom/google/common/col
Event: 237.673 Thread 0x00000153706b07e0 DEOPT PACKING pc=0x000001535b1c3d74 sp=0x0000000d83df94e0
Event: 237.673 Thread 0x00000153706b07e0 DEOPT UNPACKING pc=0x000001535abf4422 sp=0x0000000d83df94a8 mode 2
Event: 237.782 Thread 0x00000153706b07e0 Uncommon trap: trap_request=0xffffffc6 fr.pc=0x000001535b1c3d74 relative=0x00000000000002d4
Event: 237.782 Thread 0x00000153706b07e0 Uncommon trap: reason=bimorphic_or_optimized_type_check action=maybe_recompile pc=0x000001535b1c3d74 method=com.google.common.collect.MapMakerInternalMap$Segment.copyEntry(Lcom/google/common/collect/MapMakerInternalMap$InternalEntry;Lcom/google/common/col
Event: 237.782 Thread 0x00000153706b07e0 DEOPT PACKING pc=0x000001535b1c3d74 sp=0x0000000d83df94e0
Event: 237.782 Thread 0x00000153706b07e0 DEOPT UNPACKING pc=0x000001535abf4422 sp=0x0000000d83df94a8 mode 2
Event: 237.783 Thread 0x00000153706b07e0 Uncommon trap: trap_request=0xffffffc6 fr.pc=0x000001535b1c3d74 relative=0x00000000000002d4
Event: 237.783 Thread 0x00000153706b07e0 Uncommon trap: reason=bimorphic_or_optimized_type_check action=maybe_recompile pc=0x000001535b1c3d74 method=com.google.common.collect.MapMakerInternalMap$Segment.copyEntry(Lcom/google/common/collect/MapMakerInternalMap$InternalEntry;Lcom/google/common/col
Event: 237.783 Thread 0x00000153706b07e0 DEOPT PACKING pc=0x000001535b1c3d74 sp=0x0000000d83df9560
Event: 237.783 Thread 0x00000153706b07e0 DEOPT UNPACKING pc=0x000001535abf4422 sp=0x0000000d83df9528 mode 2
Event: 237.787 Thread 0x00000153706b07e0 Uncommon trap: trap_request=0xffffffc6 fr.pc=0x000001535b1c3d74 relative=0x00000000000002d4
Event: 237.787 Thread 0x00000153706b07e0 Uncommon trap: reason=bimorphic_or_optimized_type_check action=maybe_recompile pc=0x000001535b1c3d74 method=com.google.common.collect.MapMakerInternalMap$Segment.copyEntry(Lcom/google/common/collect/MapMakerInternalMap$InternalEntry;Lcom/google/common/col
Event: 237.787 Thread 0x00000153706b07e0 DEOPT PACKING pc=0x000001535b1c3d74 sp=0x0000000d83df94e0
Event: 237.787 Thread 0x00000153706b07e0 DEOPT UNPACKING pc=0x000001535abf4422 sp=0x0000000d83df94a8 mode 2

Classes loaded (20 events):
Event: 38.891 Loading class sun/security/ssl/PreSharedKeyExtension$PskIdentity
Event: 38.891 Loading class sun/security/ssl/PreSharedKeyExtension$PskIdentity done
Event: 38.892 Loading class sun/security/ssl/PreSharedKeyExtension$CHPreSharedKeySpec
Event: 38.892 Loading class sun/security/ssl/PreSharedKeyExtension$CHPreSharedKeySpec done
Event: 38.892 Loading class sun/security/ssl/PreSharedKeyExtension$PartialClientHelloMessage
Event: 38.892 Loading class sun/security/ssl/PreSharedKeyExtension$PartialClientHelloMessage done
Event: 38.892 Loading class sun/security/ssl/SSLEngineOutputRecord
Event: 38.892 Loading class sun/security/ssl/SSLEngineOutputRecord done
Event: 38.893 Loading class sun/security/ssl/SSLEngineOutputRecord$HandshakeFragment
Event: 38.893 Loading class sun/security/ssl/SSLEngineOutputRecord$HandshakeFragment done
Event: 38.893 Loading class sun/security/ssl/SSLEngineOutputRecord$HandshakeMemo
Event: 38.893 Loading class sun/security/ssl/SSLEngineOutputRecord$RecordMemo
Event: 38.893 Loading class sun/security/ssl/SSLEngineOutputRecord$RecordMemo done
Event: 38.893 Loading class sun/security/ssl/SSLEngineOutputRecord$HandshakeMemo done
Event: 38.911 Loading class sun/security/ssl/PreSharedKeyExtension$SHPreSharedKeySpec
Event: 38.912 Loading class sun/security/ssl/PreSharedKeyExtension$SHPreSharedKeySpec done
Event: 39.773 Loading class java/util/concurrent/CompletableFuture$AsyncRun
Event: 39.774 Loading class java/util/concurrent/CompletableFuture$AsyncRun done
Event: 236.559 Loading class jdk/internal/math/FormattedFPDecimal
Event: 236.560 Loading class jdk/internal/math/FormattedFPDecimal done

Classes unloaded (12 events):
Event: 9.684 Thread 0x00000153667ff4a0 Unloading class 0x00000153017a54f8 '_BuildScript_$_run_closure1$_closure3'
Event: 9.684 Thread 0x00000153667ff4a0 Unloading class 0x00000153017a5108 '_BuildScript_$_run_closure1$_closure2'
Event: 9.684 Thread 0x00000153667ff4a0 Unloading class 0x00000153017a4d18 '_BuildScript_$_run_closure1'
Event: 9.684 Thread 0x00000153667ff4a0 Unloading class 0x00000153017a47e0 '_BuildScript_'
Event: 9.684 Thread 0x00000153667ff4a0 Unloading class 0x00000153017a43f0 'JetGradlePlugin$_apply_closure1$_closure2$_closure3'
Event: 9.684 Thread 0x00000153667ff4a0 Unloading class 0x00000153017a4000 'JetGradlePlugin$_apply_closure1$_closure2'
Event: 9.684 Thread 0x00000153667ff4a0 Unloading class 0x000001530179d400 'JetGradlePlugin$_apply_closure1'
Event: 9.684 Thread 0x00000153667ff4a0 Unloading class 0x000001530179dad0 'JetGradlePlugin'
Event: 9.684 Thread 0x00000153667ff4a0 Unloading class 0x000001530179d800 'RegistryProcessor'
Event: 9.684 Thread 0x00000153667ff4a0 Unloading class 0x000001530178c928 '_BuildScript_$_run_closure1$_closure2'
Event: 9.684 Thread 0x00000153667ff4a0 Unloading class 0x000001530178c538 '_BuildScript_$_run_closure1'
Event: 9.684 Thread 0x00000153667ff4a0 Unloading class 0x000001530178c000 '_BuildScript_'

Classes redefined (0 events):
No events

Internal exceptions (20 events):
Event: 236.906 Thread 0x000001536e8bdd20 Exception <a 'sun/nio/fs/WindowsException'{0x00000000d1a41d48}> (0x00000000d1a41d48) 
thrown [s\src\hotspot\share\prims\jni.cpp, line 520]
Event: 236.925 Thread 0x000001536e8bdd20 Exception <a 'sun/nio/fs/WindowsException'{0x00000000d1a8ef30}> (0x00000000d1a8ef30) 
thrown [s\src\hotspot\share\prims\jni.cpp, line 520]
Event: 236.925 Thread 0x000001536e8bdd20 Exception <a 'sun/nio/fs/WindowsException'{0x00000000d1a8f0a8}> (0x00000000d1a8f0a8) 
thrown [s\src\hotspot\share\prims\jni.cpp, line 520]
Event: 236.936 Thread 0x00000153706b07e0 Exception <a 'java/lang/ClassNotFoundException'{0x00000000d1905ee8}: sync_studio_tooling9208_5trj22txeuxw4ljrkkes00vfuBeanInfo> (0x00000000d1905ee8) 
thrown [s\src\hotspot\share\classfile\systemDictionary.cpp, line 313]
Event: 236.937 Thread 0x00000153706b07e0 Exception <a 'java/lang/ClassNotFoundException'{0x00000000d190c580}: sync_studio_tooling9208_5trj22txeuxw4ljrkkes00vfuCustomizer> (0x00000000d190c580) 
thrown [s\src\hotspot\share\classfile\systemDictionary.cpp, line 313]
Event: 236.944 Thread 0x00000153706b07e0 Exception <a 'java/lang/ClassNotFoundException'{0x00000000d1954338}: sync_studio_tooling9208_5trj22txeuxw4ljrkkes00vfu$_run_closure1BeanInfo> (0x00000000d1954338) 
thrown [s\src\hotspot\share\classfile\systemDictionary.cpp, line 313]
Event: 236.944 Thread 0x00000153706b07e0 Exception <a 'java/lang/ClassNotFoundException'{0x00000000d195c0a8}: sync_studio_tooling9208_5trj22txeuxw4ljrkkes00vfu$_run_closure1Customizer> (0x00000000d195c0a8) 
thrown [s\src\hotspot\share\classfile\systemDictionary.cpp, line 313]
Event: 236.988 Thread 0x000001536e8bc2e0 Exception <a 'sun/nio/fs/WindowsException'{0x00000000d19d6600}> (0x00000000d19d6600) 
thrown [s\src\hotspot\share\prims\jni.cpp, line 520]
Event: 236.989 Thread 0x000001536e8bc2e0 Exception <a 'sun/nio/fs/WindowsException'{0x00000000d19d6bc0}> (0x00000000d19d6bc0) 
thrown [s\src\hotspot\share\prims\jni.cpp, line 520]
Event: 236.993 Thread 0x000001536e8bc2e0 Exception <a 'sun/nio/fs/WindowsException'{0x00000000d1824b60}> (0x00000000d1824b60) 
thrown [s\src\hotspot\share\prims\jni.cpp, line 520]
Event: 236.994 Thread 0x000001536e8bc2e0 Exception <a 'sun/nio/fs/WindowsException'{0x00000000d1824cc8}> (0x00000000d1824cc8) 
thrown [s\src\hotspot\share\prims\jni.cpp, line 520]
Event: 237.000 Thread 0x00000153706b07e0 Exception <a 'java/lang/ClassNotFoundException'{0x00000000d186eb68}: sync_studio_tooling9208_5trj22txeuxw4ljrkkes00vfuBeanInfo> (0x00000000d186eb68) 
thrown [s\src\hotspot\share\classfile\systemDictionary.cpp, line 313]
Event: 237.001 Thread 0x00000153706b07e0 Exception <a 'java/lang/ClassNotFoundException'{0x00000000d18759b0}: sync_studio_tooling9208_5trj22txeuxw4ljrkkes00vfuCustomizer> (0x00000000d18759b0) 
thrown [s\src\hotspot\share\classfile\systemDictionary.cpp, line 313]
Event: 237.048 Thread 0x00000153706b07e0 Exception <a 'sun/nio/fs/WindowsException'{0x00000000d179d690}> (0x00000000d179d690) 
thrown [s\src\hotspot\share\prims\jni.cpp, line 520]
Event: 237.049 Thread 0x00000153706b07e0 Exception <a 'sun/nio/fs/WindowsException'{0x00000000d179edf8}> (0x00000000d179edf8) 
thrown [s\src\hotspot\share\prims\jni.cpp, line 520]
Event: 237.049 Thread 0x00000153706b07e0 Exception <a 'sun/nio/fs/WindowsException'{0x00000000d17a0550}> (0x00000000d17a0550) 
thrown [s\src\hotspot\share\prims\jni.cpp, line 520]
Event: 237.049 Thread 0x00000153706b07e0 Exception <a 'sun/nio/fs/WindowsException'{0x00000000d17a1c88}> (0x00000000d17a1c88) 
thrown [s\src\hotspot\share\prims\jni.cpp, line 520]
Event: 237.130 Thread 0x00000153706b07e0 Exception <a 'sun/nio/fs/WindowsException'{0x00000000d0c0e608}> (0x00000000d0c0e608) 
thrown [s\src\hotspot\share\prims\jni.cpp, line 520]
Event: 237.131 Thread 0x00000153706b07e0 Exception <a 'sun/nio/fs/WindowsException'{0x00000000d0c100e8}> (0x00000000d0c100e8) 
thrown [s\src\hotspot\share\prims\jni.cpp, line 520]
Event: 237.131 Thread 0x00000153706b07e0 Exception <a 'sun/nio/fs/WindowsException'{0x00000000d0c146b0}> (0x00000000d0c146b0) 
thrown [s\src\hotspot\share\prims\jni.cpp, line 520]

ZGC Phase Switch (0 events):
No events

VM Operations (20 events):
Event: 60.178 Executing non-safepoint VM operation: HandshakeAllThreads (HandshakeForDeflation)
Event: 60.178 Executing non-safepoint VM operation: HandshakeAllThreads (HandshakeForDeflation) done
Event: 60.178 Executing non-safepoint VM operation: RendezvousGCThreads
Event: 60.178 Executing non-safepoint VM operation: RendezvousGCThreads done
Event: 63.189 Executing safepoint VM operation: Cleanup
Event: 63.189 Executing safepoint VM operation: Cleanup done
Event: 86.430 Executing safepoint VM operation: Cleanup
Event: 86.431 Executing safepoint VM operation: Cleanup done
Event: 152.945 Executing safepoint VM operation: Cleanup
Event: 152.946 Executing safepoint VM operation: Cleanup done
Event: 163.043 Executing safepoint VM operation: Cleanup
Event: 163.043 Executing safepoint VM operation: Cleanup done
Event: 203.386 Executing safepoint VM operation: Cleanup
Event: 203.386 Executing safepoint VM operation: Cleanup done
Event: 233.640 Executing safepoint VM operation: Cleanup
Event: 233.640 Executing safepoint VM operation: Cleanup done
Event: 236.647 Executing safepoint VM operation: Cleanup
Event: 236.663 Executing safepoint VM operation: Cleanup done
Event: 237.706 Executing safepoint VM operation: Cleanup
Event: 237.765 Executing safepoint VM operation: Cleanup done

Memory protections (0 events):
No events

Nmethod flushes (20 events):
Event: 38.505 Thread 0x00000153667ff4a0 flushing  nmethod 0x00000153545ee890
Event: 38.505 Thread 0x00000153667ff4a0 flushing  nmethod 0x00000153546ccb90
Event: 38.505 Thread 0x00000153667ff4a0 flushing  nmethod 0x00000153547c3790
Event: 38.505 Thread 0x00000153667ff4a0 flushing  nmethod 0x000001535483d810
Event: 38.505 Thread 0x00000153667ff4a0 flushing  nmethod 0x00000153548b9890
Event: 38.505 Thread 0x00000153667ff4a0 flushing  nmethod 0x00000153548b9d90
Event: 38.505 Thread 0x00000153667ff4a0 flushing  nmethod 0x00000153549e9510
Event: 38.505 Thread 0x00000153667ff4a0 flushing  nmethod 0x0000015354ef3090
Event: 38.505 Thread 0x00000153667ff4a0 flushing  nmethod 0x0000015354f67090
Event: 38.505 Thread 0x00000153667ff4a0 flushing  nmethod 0x0000015354f67810
Event: 38.505 Thread 0x00000153667ff4a0 flushing  nmethod 0x0000015354f67f10
Event: 38.505 Thread 0x00000153667ff4a0 flushing  nmethod 0x00000153552ad890
Event: 38.505 Thread 0x00000153667ff4a0 flushing  nmethod 0x00000153552b4910
Event: 38.505 Thread 0x00000153667ff4a0 flushing  nmethod 0x000001535547e010
Event: 38.505 Thread 0x00000153667ff4a0 flushing  nmethod 0x0000015355486a10
Event: 38.505 Thread 0x00000153667ff4a0 flushing  nmethod 0x0000015355486f90
Event: 38.505 Thread 0x00000153667ff4a0 flushing  nmethod 0x000001535548b490
Event: 38.505 Thread 0x00000153667ff4a0 flushing  nmethod 0x0000015355587990
Event: 38.505 Thread 0x00000153667ff4a0 flushing  nmethod 0x0000015355589710
Event: 38.505 Thread 0x00000153667ff4a0 flushing  nmethod 0x0000015355589d90

Events (20 events):
Event: 99.762 Thread 0x000001536c09edc0 Thread exited: 0x000001536c09edc0
Event: 99.790 Thread 0x000001536c2edb50 Thread exited: 0x000001536c2edb50
Event: 99.886 Thread 0x00000153706abfb0 Thread exited: 0x00000153706abfb0
Event: 236.465 Thread 0x000001536c2f0e20 Thread added: 0x00000153706abfb0
Event: 236.483 Thread 0x00000153706abfb0 Thread added: 0x00000153706ac640
Event: 236.514 Thread 0x00000153706abfb0 Thread added: 0x00000153706ae710
Event: 236.523 Thread 0x00000153706abfb0 Thread added: 0x00000153706b07e0
Event: 236.558 Thread 0x00000153706b07e0 Thread added: 0x00000153706aeda0
Event: 236.561 Thread 0x00000153706b07e0 Thread added: 0x00000153706b0150
Event: 236.562 Thread 0x00000153706b07e0 Thread added: 0x00000153706afac0
Event: 236.570 Thread 0x00000153706b07e0 Thread added: 0x00000153706af430
Event: 236.572 Thread 0x00000153668bb760 Thread added: 0x000001531dd5cbc0
Event: 236.572 Thread 0x00000153668bb760 Thread added: 0x000001531dd5d960
Event: 236.643 Thread 0x00000153706b07e0 Thread added: 0x000001531ce623d0
Event: 236.680 Thread 0x00000153706b07e0 Thread added: 0x000001531ce60990
Event: 236.736 Thread 0x00000153706b07e0 Thread added: 0x000001531ce62a60
Event: 236.868 Thread 0x000001531dd5d960 Thread exited: 0x000001531dd5d960
Event: 236.872 Thread 0x000001531dd5cbc0 Thread exited: 0x000001531dd5cbc0
Event: 237.017 Thread 0x00000153668bb760 Thread added: 0x000001531dd5cbc0
Event: 237.135 Thread 0x00000153668bb760 Thread added: 0x000001531dd5d960


Dynamic libraries:
0x00007ff6077b0000 - 0x00007ff6077be000 	C:\Users\Admin\.jdks\ms-21.0.12\bin\java.exe
0x00007ffb6dc60000 - 0x00007ffb6dec7000 	C:\WINDOWS\SYSTEM32\ntdll.dll
0x00007ffb6d5e0000 - 0x00007ffb6d6ab000 	C:\WINDOWS\System32\KERNEL32.DLL
0x00007ffb6ae60000 - 0x00007ffb6b262000 	C:\WINDOWS\System32\KERNELBASE.dll
0x00007ffb6b820000 - 0x00007ffb6b96c000 	C:\WINDOWS\System32\ucrtbase.dll
0x00007ffb55230000 - 0x00007ffb55248000 	C:\Users\Admin\.jdks\ms-21.0.12\bin\jli.dll
0x00007ffb6bc80000 - 0x00007ffb6be4f000 	C:\WINDOWS\System32\USER32.dll
0x00007ffb6b400000 - 0x00007ffb6b427000 	C:\WINDOWS\System32\win32u.dll
0x00007ffb6cbf0000 - 0x00007ffb6cc1b000 	C:\WINDOWS\System32\GDI32.dll
0x00007ffb6b630000 - 0x00007ffb6b759000 	C:\WINDOWS\System32\gdi32full.dll
0x00007ffb6b4f0000 - 0x00007ffb6b593000 	C:\WINDOWS\System32\msvcp_win.dll
0x00007ffb551f0000 - 0x00007ffb5520e000 	C:\Users\Admin\.jdks\ms-21.0.12\bin\VCRUNTIME140.dll
0x00007ffb69f10000 - 0x00007ffb6a1a0000 	C:\WINDOWS\WinSxS\amd64_microsoft.windows.common-controls_6595b64144ccf1df_6.0.26100.9278_none_3e0d1ba8e3303201\COMCTL32.dll
0x00007ffb6c6f0000 - 0x00007ffb6c799000 	C:\WINDOWS\System32\msvcrt.dll
0x00007ffb6cc20000 - 0x00007ffb6cc51000 	C:\WINDOWS\System32\IMM32.DLL
0x00007ffb58a40000 - 0x00007ffb58a4c000 	C:\Users\Admin\.jdks\ms-21.0.12\bin\vcruntime140_1.dll
0x00007ffb40d80000 - 0x00007ffb40e09000 	C:\Users\Admin\.jdks\ms-21.0.12\bin\msvcp140.dll
0x00007ffacda90000 - 0x00007fface83f000 	C:\Users\Admin\.jdks\ms-21.0.12\bin\server\jvm.dll
0x00007ffb6cb20000 - 0x00007ffb6cbdc000 	C:\WINDOWS\System32\ADVAPI32.dll
0x00007ffb6d7e0000 - 0x00007ffb6d889000 	C:\WINDOWS\System32\sechost.dll
0x00007ffb6cc60000 - 0x00007ffb6cd78000 	C:\WINDOWS\System32\RPCRT4.dll
0x00007ffb6bbf0000 - 0x00007ffb6bc70000 	C:\WINDOWS\System32\WS2_32.dll
0x00007ffb6acc0000 - 0x00007ffb6ad1e000 	C:\WINDOWS\SYSTEM32\POWRPROF.dll
0x00007ffb4ec60000 - 0x00007ffb4ec96000 	C:\WINDOWS\SYSTEM32\WINMM.dll
0x00007ffb68c40000 - 0x00007ffb68c4b000 	C:\WINDOWS\SYSTEM32\VERSION.dll
0x00007ffb6aca0000 - 0x00007ffb6acb5000 	C:\WINDOWS\SYSTEM32\UMPDC.dll
0x00007ffb693b0000 - 0x00007ffb693cb000 	C:\WINDOWS\SYSTEM32\kernel.appcore.dll
0x00007ffb551e0000 - 0x00007ffb551ea000 	C:\Users\Admin\.jdks\ms-21.0.12\bin\jimage.dll
0x00007ffb6a5e0000 - 0x00007ffb6a82c000 	C:\WINDOWS\SYSTEM32\DBGHELP.DLL
0x00007ffb6d890000 - 0x00007ffb6dc15000 	C:\WINDOWS\System32\combase.dll
0x00007ffb6cd90000 - 0x00007ffb6ce69000 	C:\WINDOWS\System32\OLEAUT32.dll
0x00007ffb6a4d0000 - 0x00007ffb6a50b000 	C:\WINDOWS\SYSTEM32\dbgcore.DLL
0x00007ffb6b430000 - 0x00007ffb6b4dc000 	C:\WINDOWS\System32\bcryptPrimitives.dll
0x00007ffb54f60000 - 0x00007ffb54f70000 	C:\Users\Admin\.jdks\ms-21.0.12\bin\instrument.dll
0x00007ffb54f30000 - 0x00007ffb54f51000 	C:\Users\Admin\.jdks\ms-21.0.12\bin\java.dll
0x00007ffb6bf50000 - 0x00007ffb6c6e8000 	C:\WINDOWS\System32\SHELL32.dll
0x00007ffb67730000 - 0x00007ffb67fde000 	C:\WINDOWS\SYSTEM32\windows.storage.dll
0x00007ffb6cee0000 - 0x00007ffb6cfdb000 	C:\WINDOWS\System32\SHCORE.dll
0x00007ffb6d770000 - 0x00007ffb6d7d6000 	C:\WINDOWS\System32\shlwapi.dll
0x00007ffb6ad80000 - 0x00007ffb6ada9000 	C:\WINDOWS\SYSTEM32\profapi.dll
0x00007ffb3db50000 - 0x00007ffb3dc26000 	C:\Users\Admin\.jdks\ms-21.0.12\bin\jsvml.dll
0x00007ffb54530000 - 0x00007ffb54548000 	C:\Users\Admin\.jdks\ms-21.0.12\bin\zip.dll
0x00007ffb54510000 - 0x00007ffb54521000 	C:\Users\Admin\.jdks\ms-21.0.12\bin\net.dll
0x00007ffb5fcb0000 - 0x00007ffb5fdda000 	C:\WINDOWS\SYSTEM32\WINHTTP.dll
0x00007ffb690c0000 - 0x00007ffb6912c000 	C:\WINDOWS\system32\mswsock.dll
0x00007ffb54380000 - 0x00007ffb54396000 	C:\Users\Admin\.jdks\ms-21.0.12\bin\nio.dll
0x00007ffb54ee0000 - 0x00007ffb54ef0000 	C:\Users\Admin\.jdks\ms-21.0.12\bin\verify.dll
0x00007ffb55360000 - 0x00007ffb55387000 	C:\Users\Admin\.gradle\native\c067742578af261105cb4f569cf0c3c89f3d7b1fecec35dd04571415982c5e48\windows-amd64\native-platform.dll
0x00007ffb3da00000 - 0x00007ffb3db44000 	C:\Users\Admin\.gradle\native\38dada09dfb8b06ba9b0570ebf7e218e3eb74d4ef43ca46872605cf95ebc2f47\windows-amd64\native-platform-file-events.dll
0x00007ffb54ae0000 - 0x00007ffb54aea000 	C:\Users\Admin\.jdks\ms-21.0.12\bin\management.dll
0x00007ffb545c0000 - 0x00007ffb545cc000 	C:\Users\Admin\.jdks\ms-21.0.12\bin\management_ext.dll
0x00007ffb6d470000 - 0x00007ffb6d478000 	C:\WINDOWS\System32\PSAPI.DLL
0x00007ffb6a960000 - 0x00007ffb6a97b000 	C:\WINDOWS\SYSTEM32\CRYPTSP.dll
0x00007ffb68a90000 - 0x00007ffb68ac9000 	C:\WINDOWS\system32\rsaenh.dll
0x00007ffb69170000 - 0x00007ffb691a4000 	C:\WINDOWS\SYSTEM32\USERENV.dll
0x00007ffb6ad50000 - 0x00007ffb6ad7a000 	C:\WINDOWS\SYSTEM32\bcrypt.dll
0x00007ffb693d0000 - 0x00007ffb693dc000 	C:\WINDOWS\SYSTEM32\CRYPTBASE.dll
0x00007ffb68500000 - 0x00007ffb68533000 	C:\WINDOWS\SYSTEM32\IPHLPAPI.DLL
0x00007ffb6d5d0000 - 0x00007ffb6d5da000 	C:\WINDOWS\System32\NSI.dll
0x00007ffb54370000 - 0x00007ffb54379000 	C:\Users\Admin\.jdks\ms-21.0.12\bin\extnet.dll
0x00007ffb54360000 - 0x00007ffb5436e000 	C:\Users\Admin\.jdks\ms-21.0.12\bin\sunmscapi.dll
0x00007ffb6b270000 - 0x00007ffb6b3ee000 	C:\WINDOWS\System32\CRYPT32.dll
0x00007ffb69ed0000 - 0x00007ffb69f00000 	C:\WINDOWS\SYSTEM32\ncrypt.dll
0x00007ffb69dc0000 - 0x00007ffb69dff000 	C:\WINDOWS\SYSTEM32\NTASN1.dll
0x00007ffb3e9f0000 - 0x00007ffb3e9f8000 	C:\WINDOWS\system32\wshunix.dll
0x00007ffad9780000 - 0x00007ffad9798000 	C:\WINDOWS\system32\napinsp.dll
0x00007ffb68590000 - 0x00007ffb686e8000 	C:\WINDOWS\SYSTEM32\DNSAPI.dll
0x00007ffb68ec0000 - 0x00007ffb68ecd000 	C:\WINDOWS\SYSTEM32\DSPARSE.dll
0x00007ffad9760000 - 0x00007ffad9773000 	C:\WINDOWS\System32\winrnr.dll
0x00007ffaef6e0000 - 0x00007ffaef707000 	C:\WINDOWS\system32\nlansp_c.dll
0x00007ffb37230000 - 0x00007ffb37246000 	C:\WINDOWS\system32\wshbth.dll
0x00007ffb5ffd0000 - 0x00007ffb5ffdb000 	C:\Windows\System32\rasadhlp.dll
0x00007ffb5d7c0000 - 0x00007ffb5d846000 	C:\WINDOWS\System32\fwpuclnt.dll

JVMTI agents:
C:\Users\Admin\.gradle\wrapper\dists\gradle-8.7-bin\bhs2wmbdwecv87pi65oeuq5iu\gradle-8.7\lib\agents\gradle-instrumentation-agent-8.7.jar path:C:\Users\Admin\.jdks\ms-21.0.12\bin\instrument.dll, loaded, initialized, instrumentlib options:none

dbghelp: loaded successfully - version: 4.0.5 - missing functions: none
symbol engine: initialized successfully - sym options: 0x614 - pdb path: .;C:\Users\Admin\.jdks\ms-21.0.12\bin;C:\WINDOWS\SYSTEM32;C:\WINDOWS\WinSxS\amd64_microsoft.windows.common-controls_6595b64144ccf1df_6.0.26100.9278_none_3e0d1ba8e3303201;C:\Users\Admin\.jdks\ms-21.0.12\bin\server;C:\Users\Admin\.gradle\native\c067742578af261105cb4f569cf0c3c89f3d7b1fecec35dd04571415982c5e48\windows-amd64;C:\Users\Admin\.gradle\native\38dada09dfb8b06ba9b0570ebf7e218e3eb74d4ef43ca46872605cf95ebc2f47\windows-amd64

VM Arguments:
jvm_args: -XX:MaxMetaspaceSize=512m --add-opens=java.base/java.util=ALL-UNNAMED --add-opens=java.base/java.lang=ALL-UNNAMED --add-opens=java.base/java.lang.invoke=ALL-UNNAMED --add-opens=java.prefs/java.util.prefs=ALL-UNNAMED --add-opens=java.base/java.nio.charset=ALL-UNNAMED --add-opens=java.base/java.net=ALL-UNNAMED --add-opens=java.base/java.util.concurrent.atomic=ALL-UNNAMED -Xmx1024m -Dfile.encoding=UTF-8 -Duser.country=IN -Duser.language=en -Duser.variant -javaagent:C:\Users\Admin\.gradle\wrapper\dists\gradle-8.7-bin\bhs2wmbdwecv87pi65oeuq5iu\gradle-8.7\lib\agents\gradle-instrumentation-agent-8.7.jar 
java_command: org.gradle.launcher.daemon.bootstrap.GradleDaemon 8.7
java_class_path (initial): C:\Users\Admin\.gradle\wrapper\dists\gradle-8.7-bin\bhs2wmbdwecv87pi65oeuq5iu\gradle-8.7\lib\gradle-launcher-8.7.jar
Launcher Type: SUN_STANDARD

[Global flags]
     intx CICompilerCount                          = 4                                         {product} {ergonomic}
   size_t CompressedClassSpaceSize                 = 436207616                                 {product} {ergonomic}
     uint ConcGCThreads                            = 2                                         {product} {ergonomic}
     uint G1ConcRefinementThreads                  = 8                                         {product} {ergonomic}
   size_t G1HeapRegionSize                         = 1048576                                   {product} {ergonomic}
    uintx GCDrainStackTargetSize                   = 64                                        {product} {ergonomic}
   size_t InitialHeapSize                          = 400556032                                 {product} {ergonomic}
   size_t MarkStackSize                            = 4194304                                   {product} {ergonomic}
   size_t MaxHeapSize                              = 1073741824                                {product} {command line}
   size_t MaxMetaspaceSize                         = 536870912                                 {product} {command line}
   size_t MaxNewSize                               = 643825664                                 {product} {ergonomic}
   size_t MinHeapDeltaBytes                        = 1048576                                   {product} {ergonomic}
   size_t MinHeapSize                              = 8388608                                   {product} {ergonomic}
    uintx NonNMethodCodeHeapSize                   = 5839372                                {pd product} {ergonomic}
    uintx NonProfiledCodeHeapSize                  = 122909434                              {pd product} {ergonomic}
    uintx ProfiledCodeHeapSize                     = 122909434                              {pd product} {ergonomic}
    uintx ReservedCodeCacheSize                    = 251658240                              {pd product} {ergonomic}
     bool SegmentedCodeCache                       = true                                      {product} {ergonomic}
   size_t SoftMaxHeapSize                          = 1073741824                             {manageable} {ergonomic}
     bool UseCompressedOops                        = true                           {product lp64_product} {ergonomic}
     bool UseG1GC                                  = true                                      {product} {ergonomic}
     bool UseLargePagesIndividualAllocation        = false                                  {pd product} {ergonomic}

Logging:
Log output configuration:
 #0: stdout all=warning uptime,level,tags foldmultilines=false
 #1: stderr all=off uptime,level,tags foldmultilines=false

Release file:
IMPLEMENTOR="Microsoft" 
IMPLEMENTOR_VERSION="Microsoft-14653896" 
JAVA_RUNTIME_VERSION="21.0.12+8-LTS" 
JAVA_VERSION="21.0.12" 
JAVA_VERSION_DATE="2026-07-21" 
LIBC="default" 
MODULES="java.base java.compiler java.datatransfer java.xml java.prefs java.desktop java.instrument java.logging java.management java.security.sasl java.naming java.rmi java.management.rmi java.net.http java.scripting java.security.jgss java.transaction.xa java.sql java.sql.rowset java.xml.crypto java.se java.smartcardio jdk.accessibility jdk.internal.jvmstat jdk.attach jdk.charsets jdk.internal.opt jdk.zipfs jdk.compiler jdk.crypto.ec jdk.crypto.cryptoki jdk.crypto.mscapi jdk.dynalink jdk.internal.ed jdk.editpad jdk.hotspot.agent jdk.httpserver jdk.incubator.vector jdk.internal.le jdk.internal.vm.ci jdk.internal.vm.compiler jdk.internal.vm.compiler.management jdk.jartool jdk.javadoc jdk.jcmd jdk.management jdk.management.agent jdk.jconsole jdk.jdeps jdk.jdwp.agent jdk.jdi jdk.jfr jdk.jlink jdk.jpackage jdk.jshell jdk.jsobject jdk.jstatd jdk.localedata jdk.management.jfr jdk.naming.dns jdk.naming.rmi jdk.net jdk.nio.mapmode jdk.random jdk.sctp jdk.security.auth jdk.security.jgss jdk.unsupported jdk.unsupported.desktop jdk.xml.dom" 
OS_ARCH="x86_64" 
OS_NAME="Windows" 
SOURCE=".:git:ffd52e07a1a6" 

Environment Variables:
JAVA_HOME=C:\Program Files\Eclipse Adoptium\jdk-17.0.20.101-hotspot\
PATH=C:\Program Files\Eclipse Adoptium\jdk-17.0.20.101-hotspot\bin;C:\WINDOWS\system32;C:\WINDOWS;C:\WINDOWS\System32\Wbem;C:\WINDOWS\System32\WindowsPowerShell\v1.0\;C:\WINDOWS\System32\OpenSSH\;C:\Program Files\Intel\WiFi\bin\;C:\Program Files\Common Files\Intel\WirelessCommon\;C:\Program Files\Git\cmd;C:\WINDOWS\system32;C:\WINDOWS;C:\WINDOWS\System32\Wbem;C:\WINDOWS\System32\WindowsPowerShell\v1.0\;C:\WINDOWS\System32\OpenSSH\;C:\Program Files\Intel\WiFi\bin\;C:\Program Files\Common Files\Intel\WirelessCommon\;C:\Program Files\Git\cmd;C:\Users\Admin\AppData\Local\Microsoft\WindowsApps;;C:\Bazel;C:\Users\Admin\AppData\Local\Python\bin
USERNAME=Admin
OS=Windows_NT
PROCESSOR_IDENTIFIER=Intel64 Family 6 Model 142 Stepping 12, GenuineIntel
TMP=C:\Users\Admin\AppData\Local\Temp
TEMP=C:\Users\Admin\AppData\Local\Temp




Periodic native trim disabled

---------------  S Y S T E M  ---------------

OS:
 Windows 11 , 64 bit Build 26100 (10.0.26100.9444)
OS uptime: 0 days 0:56 hours

CPU: total 8 (initial active 8) (4 cores per cpu, 2 threads per core) family 6 model 142 stepping 12 microcode 0xde, cx8, cmov, fxsr, ht, mmx, 3dnowpref, sse, sse2, sse3, ssse3, sse4.1, sse4.2, popcnt, lzcnt, tsc, tscinvbit, avx, avx2, aes, erms, clmul, bmi1, bmi2, adx, fma, vzeroupper, clflush, clflushopt, rdtscp, f16c
Processor Information for the first 8 processors :
  Max Mhz: 1992, Current Mhz: 1792, Mhz Limit: 1792

Memory: 4k page, system-wide physical 24427M (11577M free)
TotalPageFile size 25963M (AvailPageFile size 13634M)
current process WorkingSet (physical memory assigned to process): 886M, peak: 892M
current process commit charge ("private bytes"): 919M, peak: 927M

vm_info: OpenJDK 64-Bit Server VM (21.0.12+8-LTS) for windows-amd64 JRE (21.0.12+8-LTS), built on 2026-07-14T17:50:36Z by "MicrosoftCorporation" with MS VC++ 17.14 (VS2022)

END.
